{"type": "FeatureCollection", "features": [{"type": "Feature", "geometry": {"type": "Point", "coordinates": [9.1269258, 45.4936589]}, "properties": {"id": 24025702, "feat_type": "way", "quality_categories": "missing_tags, older_than_five_years", "issue_ids": "[0, 1]", "osm_url": "https://www.openstreetmap.org/way/24025702", "josm_url": "http://127.0.0.1:8111/load_object?new_layer=false&objects=w24025702", "id_url": "https://www.openstreetmap.org/edit?editor=id&way=24025702#map=20/45.4936589/9.1269258"}}, {"type": "Feature", "geometry": {"type": "Point", "coordinates": [9.1948835, 45.5019123]}, "properties": {"id": 59189460, "feat_type": "way", "quality_categories": "older_than_five_years", "issue_ids": "[2]", "osm_url": "https://www.openstreetmap.org/way/59189460", "josm_url": "http://127.0.0.1:8111/load_object?new_layer=false&objects=w59189460", "id_url": "https://www.openstreetmap.org/edit?editor=id&way=59189460#map=20/45.5019123/9.1948835"}}, {"type": "Feature", "geometry": {"type": "Point", "coordinates": [9.1888193, 45.5026216]}, "properties": {"id": 136292542, "feat_type": "way", "quality_categories": "older_than_five_years", "issue_ids": "[3]", "osm_url": "https://www.openstreetmap.org/way/136292542", "josm_url": "http://127.0.0.1:8111/load_object?new_layer=false&objects=w136292542", "id_url": "https://www.openstreetmap.org/edit?editor=id&way=136292542#map=20/45.5026216/9.1888193"}}, {"type": "Feature", "geometry": {"type": "Point", "coordinates": [9.1636389, 45.5067029]}, "properties": {"id": 147953120, "feat_type": "way", "quality_categories": "older_than_five_years", "issue_ids": "[4]", "osm_url": "https://www.openstreetmap.org/way/147953120", "josm_url": "http://127.0.0.1:8111/load_object?new_layer=false&objects=w147953120", "id_url": "https://www.openstreetmap.org/edit?editor=id&way=147953120#map=20/45.5067029/9.1636389"}}, {"type": "Feature", "geometry": {"type": "Point", "coordinates": [9.1875377, 45.5026259]}, "properties": {"id": 163655059, "feat_type": "way", "quality_categories": "older_than_five_years", "issue_ids": "[5]", "osm_url": "https://www.openstreetmap.org/way/163655059", "josm_url": "http://127.0.0.1:8111/load_object?new_layer=false&objects=w163655059", "id_url": "https://www.openstreetmap.org/edit?editor=id&way=163655059#map=20/45.5026259/9.1875377"}}, {"type": "Feature", "geometry": {"type": "Point", "coordinates": [9.1689442, 45.4603855]}, "properties": {"id": 165066410, "feat_type": "way", "quality_categories": "older_than_five_years", "issue_ids": "[6]", "osm_url": "https://www.openstreetmap.org/way/165066410", "josm_url": "http://127.0.0.1:8111/load_object?new_layer=false&objects=w165066410", "id_url": "https://www.openstreetmap.org/edit?editor=id&way=165066410#map=20/45.4603855/9.1689442"}}, {"type": "Feature", "geometry": {"type": "Point", "coordinates": [9.1416821, 45.5110668]}, "properties": {"id": 169290511, "feat_type": "way", "quality_categories": "older_than_five_years", "issue_ids": "[7]", "osm_url": "https://www.openstreetmap.org/way/169290511", "josm_url": "http://127.0.0.1:8111/load_object?new_layer=false&objects=w169290511", "id_url": "https://www.openstreetmap.org/edit?editor=id&way=169290511#map=20/45.5110668/9.1416821"}}, {"type": "Feature", "geometry": {"type": "Point", "coordinates": [9.2355373, 45.4766868]}, "properties": {"id": 171662167, "feat_type": "way", "quality_categories": "older_than_five_years", "issue_ids": "[8]", "osm_url": "https://www.openstreetmap.org/way/171662167", "josm_url": "http://127.0.0.1:8111/load_object?new_layer=false&objects=w171662167", "id_url": "https://www.openstreetmap.org/edit?editor=id&way=171662167#map=20/45.4766868/9.2355373"}}, {"type": "Feature", "geometry": {"type": "Point", "coordinates": [9.1844056, 45.4782316]}, "properties": {"id": 173167966, "feat_type": "way", "quality_categories": "older_than_five_years", "issue_ids": "[9]", "osm_url": "https://www.openstreetmap.org/way/173167966", "josm_url": "http://127.0.0.1:8111/load_object?new_layer=false&objects=w173167966", "id_url": "https://www.openstreetmap.org/edit?editor=id&way=173167966#map=20/45.4782316/9.1844056"}}, {"type": "Feature", "geometry": {"type": "Point", "coordinates": [9.1813758, 45.4585085]}, "properties": {"id": 183206096, "feat_type": "way", "quality_categories": "missing_tags, older_than_five_years", "issue_ids": "[10, 1]", "osm_url": "https://www.openstreetmap.org/way/183206096", "josm_url": "http://127.0.0.1:8111/load_object?new_layer=false&objects=w183206096", "id_url": "https://www.openstreetmap.org/edit?editor=id&way=183206096#map=20/45.4585085/9.1813758"}}, {"type": "Feature", "geometry": {"type": "Point", "coordinates": [9.1808601, 45.4575584]}, "properties": {"id": 183642743, "feat_type": "way", "quality_categories": "missing_tags, older_than_five_years", "issue_ids": "[11, 1]", "osm_url": "https://www.openstreetmap.org/way/183642743", "josm_url": "http://127.0.0.1:8111/load_object?new_layer=false&objects=w183642743", "id_url": "https://www.openstreetmap.org/edit?editor=id&way=183642743#map=20/45.4575584/9.1808601"}}, {"type": "Feature", "geometry": {"type": "Point", "coordinates": [9.1877175, 45.4576411]}, "properties": {"id": 183873033, "feat_type": "way", "quality_categories": "missing_tags, older_than_five_years", "issue_ids": "[12, 1]", "osm_url": "https://www.openstreetmap.org/way/183873033", "josm_url": "http://127.0.0.1:8111/load_object?new_layer=false&objects=w183873033", "id_url": "https://www.openstreetmap.org/edit?editor=id&way=183873033#map=20/45.4576411/9.1877175"}}, {"type": "Feature", "geometry": {"type": "Point", "coordinates": [9.178813, 45.5166605]}, "properties": {"id": 186886053, "feat_type": "way", "quality_categories": "missing_tags, older_than_five_years", "issue_ids": "[13, 1]", "osm_url": "https://www.openstreetmap.org/way/186886053", "josm_url": "http://127.0.0.1:8111/load_object?new_layer=false&objects=w186886053", "id_url": "https://www.openstreetmap.org/edit?editor=id&way=186886053#map=20/45.5166605/9.178813"}}, {"type": "Feature", "geometry": {"type": "Point", "coordinates": [9.1776404, 45.4546827]}, "properties": {"id": 188378380, "feat_type": "way", "quality_categories": "missing_tags, older_than_five_years", "issue_ids": "[14, 1]", "osm_url": "https://www.openstreetmap.org/way/188378380", "josm_url": "http://127.0.0.1:8111/load_object?new_layer=false&objects=w188378380", "id_url": "https://www.openstreetmap.org/edit?editor=id&way=188378380#map=20/45.4546827/9.1776404"}}, {"type": "Feature", "geometry": {"type": "Point", "coordinates": [9.1757346, 45.5234498]}, "properties": {"id": 196522592, "feat_type": "way", "quality_categories": "missing_tags, older_than_five_years", "issue_ids": "[15, 1]", "osm_url": "https://www.openstreetmap.org/way/196522592", "josm_url": "http://127.0.0.1:8111/load_object?new_layer=false&objects=w196522592", "id_url": "https://www.openstreetmap.org/edit?editor=id&way=196522592#map=20/45.5234498/9.1757346"}}, {"type": "Feature", "geometry": {"type": "Point", "coordinates": [9.1683007, 45.5223894]}, "properties": {"id": 202985990, "feat_type": "way", "quality_categories": "older_than_five_years", "issue_ids": "[16]", "osm_url": "https://www.openstreetmap.org/way/202985990", "josm_url": "http://127.0.0.1:8111/load_object?new_layer=false&objects=w202985990", "id_url": "https://www.openstreetmap.org/edit?editor=id&way=202985990#map=20/45.5223894/9.1683007"}}, {"type": "Feature", "geometry": {"type": "Point", "coordinates": [9.1838774, 45.504739]}, "properties": {"id": 216091534, "feat_type": "way", "quality_categories": "missing_tags, older_than_five_years", "issue_ids": "[17, 1]", "osm_url": "https://www.openstreetmap.org/way/216091534", "josm_url": "http://127.0.0.1:8111/load_object?new_layer=false&objects=w216091534", "id_url": "https://www.openstreetmap.org/edit?editor=id&way=216091534#map=20/45.504739/9.1838774"}}, {"type": "Feature", "geometry": {"type": "Point", "coordinates": [9.2328635, 45.4359459]}, "properties": {"id": 245341013, "feat_type": "way", "quality_categories": "older_than_five_years", "issue_ids": "[18]", "osm_url": "https://www.openstreetmap.org/way/245341013", "josm_url": "http://127.0.0.1:8111/load_object?new_layer=false&objects=w245341013", "id_url": "https://www.openstreetmap.org/edit?editor=id&way=245341013#map=20/45.4359459/9.2328635"}}, {"type": "Feature", "geometry": {"type": "Point", "coordinates": [9.2321347, 45.4441949]}, "properties": {"id": 248018400, "feat_type": "way", "quality_categories": "missing_tags, older_than_five_years", "issue_ids": "[19, 1]", "osm_url": "https://www.openstreetmap.org/way/248018400", "josm_url": "http://127.0.0.1:8111/load_object?new_layer=false&objects=w248018400", "id_url": "https://www.openstreetmap.org/edit?editor=id&way=248018400#map=20/45.4441949/9.2321347"}}, {"type": "Feature", "geometry": {"type": "Point", "coordinates": [9.1823063, 45.4863458]}, "properties": {"id": 248344663, "feat_type": "way", "quality_categories": "older_than_five_years, uncanny_keys", "issue_ids": "[20, 21]", "osm_url": "https://www.openstreetmap.org/way/248344663", "josm_url": "http://127.0.0.1:8111/load_object?new_layer=false&objects=w248344663", "id_url": "https://www.openstreetmap.org/edit?editor=id&way=248344663#map=20/45.4863458/9.1823063"}}, {"type": "Feature", "geometry": {"type": "Point", "coordinates": [9.1637464, 45.4618739]}, "properties": {"id": 252249962, "feat_type": "way", "quality_categories": "missing_tags, older_than_five_years", "issue_ids": "[22, 1]", "osm_url": "https://www.openstreetmap.org/way/252249962", "josm_url": "http://127.0.0.1:8111/load_object?new_layer=false&objects=w252249962", "id_url": "https://www.openstreetmap.org/edit?editor=id&way=252249962#map=20/45.4618739/9.1637464"}}, {"type": "Feature", "geometry": {"type": "Point", "coordinates": [9.1941672, 45.4753214]}, "properties": {"id": 252782455, "feat_type": "way", "quality_categories": "missing_tags, older_than_five_years", "issue_ids": "[23, 1]", "osm_url": "https://www.openstreetmap.org/way/252782455", "josm_url": "http://127.0.0.1:8111/load_object?new_layer=false&objects=w252782455", "id_url": "https://www.openstreetmap.org/edit?editor=id&way=252782455#map=20/45.4753214/9.1941672"}}, {"type": "Feature", "geometry": {"type": "Point", "coordinates": [9.1696143, 45.4585242]}, "properties": {"id": 252805405, "feat_type": "way", "quality_categories": "older_than_five_years", "issue_ids": "[24]", "osm_url": "https://www.openstreetmap.org/way/252805405", "josm_url": "http://127.0.0.1:8111/load_object?new_layer=false&objects=w252805405", "id_url": "https://www.openstreetmap.org/edit?editor=id&way=252805405#map=20/45.4585242/9.1696143"}}, {"type": "Feature", "geometry": {"type": "Point", "coordinates": [9.1694442, 45.4586121]}, "properties": {"id": 252805420, "feat_type": "way", "quality_categories": "older_than_five_years", "issue_ids": "[24]", "osm_url": "https://www.openstreetmap.org/way/252805420", "josm_url": "http://127.0.0.1:8111/load_object?new_layer=false&objects=w252805420", "id_url": "https://www.openstreetmap.org/edit?editor=id&way=252805420#map=20/45.4586121/9.1694442"}}, {"type": "Feature", "geometry": {"type": "Point", "coordinates": [9.1593238, 45.4730489]}, "properties": {"id": 254678162, "feat_type": "way", "quality_categories": "older_than_five_years", "issue_ids": "[25]", "osm_url": "https://www.openstreetmap.org/way/254678162", "josm_url": "http://127.0.0.1:8111/load_object?new_layer=false&objects=w254678162", "id_url": "https://www.openstreetmap.org/edit?editor=id&way=254678162#map=20/45.4730489/9.1593238"}}, {"type": "Feature", "geometry": {"type": "Point", "coordinates": [9.1888174, 45.4836596]}, "properties": {"id": 256054187, "feat_type": "way", "quality_categories": "older_than_five_years", "issue_ids": "[26]", "osm_url": "https://www.openstreetmap.org/way/256054187", "josm_url": "http://127.0.0.1:8111/load_object?new_layer=false&objects=w256054187", "id_url": "https://www.openstreetmap.org/edit?editor=id&way=256054187#map=20/45.4836596/9.1888174"}}, {"type": "Feature", "geometry": {"type": "Point", "coordinates": [9.2459615, 45.4706949]}, "properties": {"id": 259939496, "feat_type": "way", "quality_categories": "older_than_five_years", "issue_ids": "[2]", "osm_url": "https://www.openstreetmap.org/way/259939496", "josm_url": "http://127.0.0.1:8111/load_object?new_layer=false&objects=w259939496", "id_url": "https://www.openstreetmap.org/edit?editor=id&way=259939496#map=20/45.4706949/9.2459615"}}, {"type": "Feature", "geometry": {"type": "Point", "coordinates": [9.1789084, 45.4556544]}, "properties": {"id": 268643287, "feat_type": "way", "quality_categories": "missing_tags, older_than_five_years", "issue_ids": "[14, 1]", "osm_url": "https://www.openstreetmap.org/way/268643287", "josm_url": "http://127.0.0.1:8111/load_object?new_layer=false&objects=w268643287", "id_url": "https://www.openstreetmap.org/edit?editor=id&way=268643287#map=20/45.4556544/9.1789084"}}, {"type": "Feature", "geometry": {"type": "Point", "coordinates": [9.1808062, 45.5214003]}, "properties": {"id": 269172390, "feat_type": "way", "quality_categories": "missing_tags, older_than_five_years", "issue_ids": "[27, 1]", "osm_url": "https://www.openstreetmap.org/way/269172390", "josm_url": "http://127.0.0.1:8111/load_object?new_layer=false&objects=w269172390", "id_url": "https://www.openstreetmap.org/edit?editor=id&way=269172390#map=20/45.5214003/9.1808062"}}, {"type": "Feature", "geometry": {"type": "Point", "coordinates": [9.1807014, 45.5214127]}, "properties": {"id": 269172396, "feat_type": "way", "quality_categories": "missing_tags, older_than_five_years", "issue_ids": "[27, 1]", "osm_url": "https://www.openstreetmap.org/way/269172396", "josm_url": "http://127.0.0.1:8111/load_object?new_layer=false&objects=w269172396", "id_url": "https://www.openstreetmap.org/edit?editor=id&way=269172396#map=20/45.5214127/9.1807014"}}, {"type": "Feature", "geometry": {"type": "Point", "coordinates": [9.1869234, 45.4981855]}, "properties": {"id": 269603791, "feat_type": "way", "quality_categories": "missing_tags, older_than_five_years", "issue_ids": "[21, 1]", "osm_url": "https://www.openstreetmap.org/way/269603791", "josm_url": "http://127.0.0.1:8111/load_object?new_layer=false&objects=w269603791", "id_url": "https://www.openstreetmap.org/edit?editor=id&way=269603791#map=20/45.4981855/9.1869234"}}, {"type": "Feature", "geometry": {"type": "Point", "coordinates": [9.1816803, 45.4653695]}, "properties": {"id": 273712497, "feat_type": "way", "quality_categories": "older_than_five_years, uncanny_keys", "issue_ids": "[28, 29]", "osm_url": "https://www.openstreetmap.org/way/273712497", "josm_url": "http://127.0.0.1:8111/load_object?new_layer=false&objects=w273712497", "id_url": "https://www.openstreetmap.org/edit?editor=id&way=273712497#map=20/45.4653695/9.1816803"}}, {"type": "Feature", "geometry": {"type": "Point", "coordinates": [9.1804004, 45.465334]}, "properties": {"id": 284970402, "feat_type": "way", "quality_categories": "older_than_five_years", "issue_ids": "[29]", "osm_url": "https://www.openstreetmap.org/way/284970402", "josm_url": "http://127.0.0.1:8111/load_object?new_layer=false&objects=w284970402", "id_url": "https://www.openstreetmap.org/edit?editor=id&way=284970402#map=20/45.465334/9.1804004"}}, {"type": "Feature", "geometry": {"type": "Point", "coordinates": [9.1807138, 45.4654426]}, "properties": {"id": 284970403, "feat_type": "way", "quality_categories": "older_than_five_years", "issue_ids": "[30]", "osm_url": "https://www.openstreetmap.org/way/284970403", "josm_url": "http://127.0.0.1:8111/load_object?new_layer=false&objects=w284970403", "id_url": "https://www.openstreetmap.org/edit?editor=id&way=284970403#map=20/45.4654426/9.1807138"}}, {"type": "Feature", "geometry": {"type": "Point", "coordinates": [9.1806738, 45.4653679]}, "properties": {"id": 284970404, "feat_type": "way", "quality_categories": "older_than_five_years", "issue_ids": "[10]", "osm_url": "https://www.openstreetmap.org/way/284970404", "josm_url": "http://127.0.0.1:8111/load_object?new_layer=false&objects=w284970404", "id_url": "https://www.openstreetmap.org/edit?editor=id&way=284970404#map=20/45.4653679/9.1806738"}}, {"type": "Feature", "geometry": {"type": "Point", "coordinates": [9.2343628, 45.4840348]}, "properties": {"id": 288203167, "feat_type": "way", "quality_categories": "older_than_five_years", "issue_ids": "[31]", "osm_url": "https://www.openstreetmap.org/way/288203167", "josm_url": "http://127.0.0.1:8111/load_object?new_layer=false&objects=w288203167", "id_url": "https://www.openstreetmap.org/edit?editor=id&way=288203167#map=20/45.4840348/9.2343628"}}, {"type": "Feature", "geometry": {"type": "Point", "coordinates": [9.1679537, 45.4430398]}, "properties": {"id": 295916834, "feat_type": "way", "quality_categories": "missing_tags, older_than_five_years", "issue_ids": "[32, 1]", "osm_url": "https://www.openstreetmap.org/way/295916834", "josm_url": "http://127.0.0.1:8111/load_object?new_layer=false&objects=w295916834", "id_url": "https://www.openstreetmap.org/edit?editor=id&way=295916834#map=20/45.4430398/9.1679537"}}, {"type": "Feature", "geometry": {"type": "Point", "coordinates": [9.1981583, 45.4696837]}, "properties": {"id": 305393838, "feat_type": "way", "quality_categories": "missing_tags, older_than_five_years", "issue_ids": "[33, 1]", "osm_url": "https://www.openstreetmap.org/way/305393838", "josm_url": "http://127.0.0.1:8111/load_object?new_layer=false&objects=w305393838", "id_url": "https://www.openstreetmap.org/edit?editor=id&way=305393838#map=20/45.4696837/9.1981583"}}, {"type": "Feature", "geometry": {"type": "Point", "coordinates": [9.1897812, 45.4802595]}, "properties": {"id": 323945110, "feat_type": "way", "quality_categories": "older_than_five_years", "issue_ids": "[34]", "osm_url": "https://www.openstreetmap.org/way/323945110", "josm_url": "http://127.0.0.1:8111/load_object?new_layer=false&objects=w323945110", "id_url": "https://www.openstreetmap.org/edit?editor=id&way=323945110#map=20/45.4802595/9.1897812"}}, {"type": "Feature", "geometry": {"type": "Point", "coordinates": [9.1877475, 45.4803924]}, "properties": {"id": 323945127, "feat_type": "way", "quality_categories": "older_than_five_years", "issue_ids": "[34]", "osm_url": "https://www.openstreetmap.org/way/323945127", "josm_url": "http://127.0.0.1:8111/load_object?new_layer=false&objects=w323945127", "id_url": "https://www.openstreetmap.org/edit?editor=id&way=323945127#map=20/45.4803924/9.1877475"}}, {"type": "Feature", "geometry": {"type": "Point", "coordinates": [9.1833748, 45.4643513]}, "properties": {"id": 326702778, "feat_type": "way", "quality_categories": "missing_tags, older_than_five_years", "issue_ids": "[29, 1]", "osm_url": "https://www.openstreetmap.org/way/326702778", "josm_url": "http://127.0.0.1:8111/load_object?new_layer=false&objects=w326702778", "id_url": "https://www.openstreetmap.org/edit?editor=id&way=326702778#map=20/45.4643513/9.1833748"}}, {"type": "Feature", "geometry": {"type": "Point", "coordinates": [9.1833205, 45.4645577]}, "properties": {"id": 326702805, "feat_type": "way", "quality_categories": "missing_tags, older_than_five_years", "issue_ids": "[29, 1]", "osm_url": "https://www.openstreetmap.org/way/326702805", "josm_url": "http://127.0.0.1:8111/load_object?new_layer=false&objects=w326702805", "id_url": "https://www.openstreetmap.org/edit?editor=id&way=326702805#map=20/45.4645577/9.1833205"}}, {"type": "Feature", "geometry": {"type": "Point", "coordinates": [9.1827471, 45.4877658]}, "properties": {"id": 331557886, "feat_type": "way", "quality_categories": "older_than_five_years", "issue_ids": "[21]", "osm_url": "https://www.openstreetmap.org/way/331557886", "josm_url": "http://127.0.0.1:8111/load_object?new_layer=false&objects=w331557886", "id_url": "https://www.openstreetmap.org/edit?editor=id&way=331557886#map=20/45.4877658/9.1827471"}}, {"type": "Feature", "geometry": {"type": "Point", "coordinates": [9.1883947, 45.4803002]}, "properties": {"id": 333032689, "feat_type": "way", "quality_categories": "older_than_five_years", "issue_ids": "[34]", "osm_url": "https://www.openstreetmap.org/way/333032689", "josm_url": "http://127.0.0.1:8111/load_object?new_layer=false&objects=w333032689", "id_url": "https://www.openstreetmap.org/edit?editor=id&way=333032689#map=20/45.4803002/9.1883947"}}, {"type": "Feature", "geometry": {"type": "Point", "coordinates": [9.1696731, 45.4609941]}, "properties": {"id": 339755015, "feat_type": "way", "quality_categories": "older_than_five_years", "issue_ids": "[6]", "osm_url": "https://www.openstreetmap.org/way/339755015", "josm_url": "http://127.0.0.1:8111/load_object?new_layer=false&objects=w339755015", "id_url": "https://www.openstreetmap.org/edit?editor=id&way=339755015#map=20/45.4609941/9.1696731"}}, {"type": "Feature", "geometry": {"type": "Point", "coordinates": [9.1772033, 45.4523638]}, "properties": {"id": 343655694, "feat_type": "way", "quality_categories": "older_than_five_years", "issue_ids": "[35]", "osm_url": "https://www.openstreetmap.org/way/343655694", "josm_url": "http://127.0.0.1:8111/load_object?new_layer=false&objects=w343655694", "id_url": "https://www.openstreetmap.org/edit?editor=id&way=343655694#map=20/45.4523638/9.1772033"}}, {"type": "Feature", "geometry": {"type": "Point", "coordinates": [9.1781932, 45.4523609]}, "properties": {"id": 343655738, "feat_type": "way", "quality_categories": "missing_tags, older_than_five_years", "issue_ids": "[36, 1]", "osm_url": "https://www.openstreetmap.org/way/343655738", "josm_url": "http://127.0.0.1:8111/load_object?new_layer=false&objects=w343655738", "id_url": "https://www.openstreetmap.org/edit?editor=id&way=343655738#map=20/45.4523609/9.1781932"}}, {"type": "Feature", "geometry": {"type": "Point", "coordinates": [9.1940036, 45.4517729]}, "properties": {"id": 351688696, "feat_type": "way", "quality_categories": "missing_tags, older_than_five_years", "issue_ids": "[14, 1]", "osm_url": "https://www.openstreetmap.org/way/351688696", "josm_url": "http://127.0.0.1:8111/load_object?new_layer=false&objects=w351688696", "id_url": "https://www.openstreetmap.org/edit?editor=id&way=351688696#map=20/45.4517729/9.1940036"}}, {"type": "Feature", "geometry": {"type": "Point", "coordinates": [9.1979872, 45.4717369]}, "properties": {"id": 352069075, "feat_type": "way", "quality_categories": "older_than_five_years", "issue_ids": "[37]", "osm_url": "https://www.openstreetmap.org/way/352069075", "josm_url": "http://127.0.0.1:8111/load_object?new_layer=false&objects=w352069075", "id_url": "https://www.openstreetmap.org/edit?editor=id&way=352069075#map=20/45.4717369/9.1979872"}}, {"type": "Feature", "geometry": {"type": "Point", "coordinates": [9.1283829, 45.507402]}, "properties": {"id": 353262696, "feat_type": "way", "quality_categories": "missing_tags, older_than_five_years", "issue_ids": "[38, 1]", "osm_url": "https://www.openstreetmap.org/way/353262696", "josm_url": "http://127.0.0.1:8111/load_object?new_layer=false&objects=w353262696", "id_url": "https://www.openstreetmap.org/edit?editor=id&way=353262696#map=20/45.507402/9.1283829"}}, {"type": "Feature", "geometry": {"type": "Point", "coordinates": [9.1262694, 45.4746801]}, "properties": {"id": 368482142, "feat_type": "way", "quality_categories": "missing_tags, older_than_five_years", "issue_ids": "[39, 1]", "osm_url": "https://www.openstreetmap.org/way/368482142", "josm_url": "http://127.0.0.1:8111/load_object?new_layer=false&objects=w368482142", "id_url": "https://www.openstreetmap.org/edit?editor=id&way=368482142#map=20/45.4746801/9.1262694"}}, {"type": "Feature", "geometry": {"type": "Point", "coordinates": [9.137945, 45.46514]}, "properties": {"id": 369251729, "feat_type": "way", "quality_categories": "older_than_five_years", "issue_ids": "[40]", "osm_url": "https://www.openstreetmap.org/way/369251729", "josm_url": "http://127.0.0.1:8111/load_object?new_layer=false&objects=w369251729", "id_url": "https://www.openstreetmap.org/edit?editor=id&way=369251729#map=20/45.46514/9.137945"}}, {"type": "Feature", "geometry": {"type": "Point", "coordinates": [9.203496, 45.4839638]}, "properties": {"id": 381699156, "feat_type": "way", "quality_categories": "older_than_five_years, uncanny_keys", "issue_ids": "[41, 42]", "osm_url": "https://www.openstreetmap.org/way/381699156", "josm_url": "http://127.0.0.1:8111/load_object?new_layer=false&objects=w381699156", "id_url": "https://www.openstreetmap.org/edit?editor=id&way=381699156#map=20/45.4839638/9.203496"}}, {"type": "Feature", "geometry": {"type": "Point", "coordinates": [9.1261262, 45.5055459]}, "properties": {"id": 400162757, "feat_type": "way", "quality_categories": "missing_tags, older_than_five_years", "issue_ids": "[38, 1]", "osm_url": "https://www.openstreetmap.org/way/400162757", "josm_url": "http://127.0.0.1:8111/load_object?new_layer=false&objects=w400162757", "id_url": "https://www.openstreetmap.org/edit?editor=id&way=400162757#map=20/45.5055459/9.1261262"}}, {"type": "Feature", "geometry": {"type": "Point", "coordinates": [9.1558023, 45.4848993]}, "properties": {"id": 403152082, "feat_type": "way", "quality_categories": "older_than_five_years", "issue_ids": "[43]", "osm_url": "https://www.openstreetmap.org/way/403152082", "josm_url": "http://127.0.0.1:8111/load_object?new_layer=false&objects=w403152082", "id_url": "https://www.openstreetmap.org/edit?editor=id&way=403152082#map=20/45.4848993/9.1558023"}}, {"type": "Feature", "geometry": {"type": "Point", "coordinates": [9.1614953, 45.4881948]}, "properties": {"id": 405895628, "feat_type": "way", "quality_categories": "missing_tags, older_than_five_years", "issue_ids": "[44, 1]", "osm_url": "https://www.openstreetmap.org/way/405895628", "josm_url": "http://127.0.0.1:8111/load_object?new_layer=false&objects=w405895628", "id_url": "https://www.openstreetmap.org/edit?editor=id&way=405895628#map=20/45.4881948/9.1614953"}}, {"type": "Feature", "geometry": {"type": "Point", "coordinates": [9.1605761, 45.4874816]}, "properties": {"id": 405895785, "feat_type": "way", "quality_categories": "missing_tags, older_than_five_years", "issue_ids": "[44, 1]", "osm_url": "https://www.openstreetmap.org/way/405895785", "josm_url": "http://127.0.0.1:8111/load_object?new_layer=false&objects=w405895785", "id_url": "https://www.openstreetmap.org/edit?editor=id&way=405895785#map=20/45.4874816/9.1605761"}}, {"type": "Feature", "geometry": {"type": "Point", "coordinates": [9.1621529, 45.487886]}, "properties": {"id": 405898289, "feat_type": "way", "quality_categories": "missing_tags, older_than_five_years", "issue_ids": "[45, 1]", "osm_url": "https://www.openstreetmap.org/way/405898289", "josm_url": "http://127.0.0.1:8111/load_object?new_layer=false&objects=w405898289", "id_url": "https://www.openstreetmap.org/edit?editor=id&way=405898289#map=20/45.487886/9.1621529"}}, {"type": "Feature", "geometry": {"type": "Point", "coordinates": [9.1608449, 45.4880974]}, "properties": {"id": 405986172, "feat_type": "way", "quality_categories": "missing_tags, older_than_five_years", "issue_ids": "[44, 1]", "osm_url": "https://www.openstreetmap.org/way/405986172", "josm_url": "http://127.0.0.1:8111/load_object?new_layer=false&objects=w405986172", "id_url": "https://www.openstreetmap.org/edit?editor=id&way=405986172#map=20/45.4880974/9.1608449"}}, {"type": "Feature", "geometry": {"type": "Point", "coordinates": [9.1606118, 45.4880806]}, "properties": {"id": 405986173, "feat_type": "way", "quality_categories": "missing_tags, older_than_five_years", "issue_ids": "[44, 1]", "osm_url": "https://www.openstreetmap.org/way/405986173", "josm_url": "http://127.0.0.1:8111/load_object?new_layer=false&objects=w405986173", "id_url": "https://www.openstreetmap.org/edit?editor=id&way=405986173#map=20/45.4880806/9.1606118"}}, {"type": "Feature", "geometry": {"type": "Point", "coordinates": [9.1932058, 45.4775124]}, "properties": {"id": 406507640, "feat_type": "way", "quality_categories": "missing_tags, older_than_five_years", "issue_ids": "[9, 1]", "osm_url": "https://www.openstreetmap.org/way/406507640", "josm_url": "http://127.0.0.1:8111/load_object?new_layer=false&objects=w406507640", "id_url": "https://www.openstreetmap.org/edit?editor=id&way=406507640#map=20/45.4775124/9.1932058"}}, {"type": "Feature", "geometry": {"type": "Point", "coordinates": [9.22291, 45.4397055]}, "properties": {"id": 406645946, "feat_type": "way", "quality_categories": "missing_tags, older_than_five_years", "issue_ids": "[46, 1]", "osm_url": "https://www.openstreetmap.org/way/406645946", "josm_url": "http://127.0.0.1:8111/load_object?new_layer=false&objects=w406645946", "id_url": "https://www.openstreetmap.org/edit?editor=id&way=406645946#map=20/45.4397055/9.22291"}}, {"type": "Feature", "geometry": {"type": "Point", "coordinates": [9.1898188, 45.462805]}, "properties": {"id": 416169936, "feat_type": "way", "quality_categories": "older_than_five_years", "issue_ids": "[47]", "osm_url": "https://www.openstreetmap.org/way/416169936", "josm_url": "http://127.0.0.1:8111/load_object?new_layer=false&objects=w416169936", "id_url": "https://www.openstreetmap.org/edit?editor=id&way=416169936#map=20/45.462805/9.1898188"}}, {"type": "Feature", "geometry": {"type": "Point", "coordinates": [9.1653757, 45.5283621]}, "properties": {"id": 416557026, "feat_type": "way", "quality_categories": "missing_tags, older_than_five_years", "issue_ids": "[48, 1]", "osm_url": "https://www.openstreetmap.org/way/416557026", "josm_url": "http://127.0.0.1:8111/load_object?new_layer=false&objects=w416557026", "id_url": "https://www.openstreetmap.org/edit?editor=id&way=416557026#map=20/45.5283621/9.1653757"}}, {"type": "Feature", "geometry": {"type": "Point", "coordinates": [9.1652169, 45.5282447]}, "properties": {"id": 416557027, "feat_type": "way", "quality_categories": "missing_tags, older_than_five_years", "issue_ids": "[48, 1]", "osm_url": "https://www.openstreetmap.org/way/416557027", "josm_url": "http://127.0.0.1:8111/load_object?new_layer=false&objects=w416557027", "id_url": "https://www.openstreetmap.org/edit?editor=id&way=416557027#map=20/45.5282447/9.1652169"}}, {"type": "Feature", "geometry": {"type": "Point", "coordinates": [9.1887987, 45.4836348]}, "properties": {"id": 431233599, "feat_type": "way", "quality_categories": "older_than_five_years", "issue_ids": "[49]", "osm_url": "https://www.openstreetmap.org/way/431233599", "josm_url": "http://127.0.0.1:8111/load_object?new_layer=false&objects=w431233599", "id_url": "https://www.openstreetmap.org/edit?editor=id&way=431233599#map=20/45.4836348/9.1887987"}}, {"type": "Feature", "geometry": {"type": "Point", "coordinates": [9.2058448, 45.4587422]}, "properties": {"id": 432915500, "feat_type": "way", "quality_categories": "missing_tags, older_than_five_years", "issue_ids": "[50, 1]", "osm_url": "https://www.openstreetmap.org/way/432915500", "josm_url": "http://127.0.0.1:8111/load_object?new_layer=false&objects=w432915500", "id_url": "https://www.openstreetmap.org/edit?editor=id&way=432915500#map=20/45.4587422/9.2058448"}}, {"type": "Feature", "geometry": {"type": "Point", "coordinates": [9.1447807, 45.4885828]}, "properties": {"id": 436399130, "feat_type": "way", "quality_categories": "missing_tags, older_than_five_years", "issue_ids": "[51, 1]", "osm_url": "https://www.openstreetmap.org/way/436399130", "josm_url": "http://127.0.0.1:8111/load_object?new_layer=false&objects=w436399130", "id_url": "https://www.openstreetmap.org/edit?editor=id&way=436399130#map=20/45.4885828/9.1447807"}}, {"type": "Feature", "geometry": {"type": "Point", "coordinates": [9.1691049, 45.4600665]}, "properties": {"id": 437049640, "feat_type": "way", "quality_categories": "older_than_five_years", "issue_ids": "[6]", "osm_url": "https://www.openstreetmap.org/way/437049640", "josm_url": "http://127.0.0.1:8111/load_object?new_layer=false&objects=w437049640", "id_url": "https://www.openstreetmap.org/edit?editor=id&way=437049640#map=20/45.4600665/9.1691049"}}, {"type": "Feature", "geometry": {"type": "Point", "coordinates": [9.1693611, 45.4602132]}, "properties": {"id": 437049641, "feat_type": "way", "quality_categories": "older_than_five_years", "issue_ids": "[6]", "osm_url": "https://www.openstreetmap.org/way/437049641", "josm_url": "http://127.0.0.1:8111/load_object?new_layer=false&objects=w437049641", "id_url": "https://www.openstreetmap.org/edit?editor=id&way=437049641#map=20/45.4602132/9.1693611"}}, {"type": "Feature", "geometry": {"type": "Point", "coordinates": [9.1688018, 45.4600966]}, "properties": {"id": 437049643, "feat_type": "way", "quality_categories": "older_than_five_years", "issue_ids": "[6]", "osm_url": "https://www.openstreetmap.org/way/437049643", "josm_url": "http://127.0.0.1:8111/load_object?new_layer=false&objects=w437049643", "id_url": "https://www.openstreetmap.org/edit?editor=id&way=437049643#map=20/45.4600966/9.1688018"}}, {"type": "Feature", "geometry": {"type": "Point", "coordinates": [9.1983068, 45.451779]}, "properties": {"id": 440516034, "feat_type": "way", "quality_categories": "missing_tags, older_than_five_years", "issue_ids": "[52, 1]", "osm_url": "https://www.openstreetmap.org/way/440516034", "josm_url": "http://127.0.0.1:8111/load_object?new_layer=false&objects=w440516034", "id_url": "https://www.openstreetmap.org/edit?editor=id&way=440516034#map=20/45.451779/9.1983068"}}, {"type": "Feature", "geometry": {"type": "Point", "coordinates": [9.1983068, 45.451779]}, "properties": {"id": 440516035, "feat_type": "way", "quality_categories": "missing_tags, older_than_five_years", "issue_ids": "[52, 1]", "osm_url": "https://www.openstreetmap.org/way/440516035", "josm_url": "http://127.0.0.1:8111/load_object?new_layer=false&objects=w440516035", "id_url": "https://www.openstreetmap.org/edit?editor=id&way=440516035#map=20/45.451779/9.1983068"}}, {"type": "Feature", "geometry": {"type": "Point", "coordinates": [9.1789084, 45.4556544]}, "properties": {"id": 441745230, "feat_type": "way", "quality_categories": "missing_tags, older_than_five_years", "issue_ids": "[14, 1]", "osm_url": "https://www.openstreetmap.org/way/441745230", "josm_url": "http://127.0.0.1:8111/load_object?new_layer=false&objects=w441745230", "id_url": "https://www.openstreetmap.org/edit?editor=id&way=441745230#map=20/45.4556544/9.1789084"}}, {"type": "Feature", "geometry": {"type": "Point", "coordinates": [9.1770795, 45.4549836]}, "properties": {"id": 441749038, "feat_type": "way", "quality_categories": "older_than_five_years, wrong_mispelled_or_unlisted_values", "issue_ids": "[53, 14]", "osm_url": "https://www.openstreetmap.org/way/441749038", "josm_url": "http://127.0.0.1:8111/load_object?new_layer=false&objects=w441749038", "id_url": "https://www.openstreetmap.org/edit?editor=id&way=441749038#map=20/45.4549836/9.1770795"}}, {"type": "Feature", "geometry": {"type": "Point", "coordinates": [9.2271499, 45.4403061]}, "properties": {"id": 447470510, "feat_type": "way", "quality_categories": "missing_tags, older_than_five_years", "issue_ids": "[54, 1]", "osm_url": "https://www.openstreetmap.org/way/447470510", "josm_url": "http://127.0.0.1:8111/load_object?new_layer=false&objects=w447470510", "id_url": "https://www.openstreetmap.org/edit?editor=id&way=447470510#map=20/45.4403061/9.2271499"}}, {"type": "Feature", "geometry": {"type": "Point", "coordinates": [9.226892, 45.4403697]}, "properties": {"id": 447470511, "feat_type": "way", "quality_categories": "missing_tags, older_than_five_years", "issue_ids": "[54, 1]", "osm_url": "https://www.openstreetmap.org/way/447470511", "josm_url": "http://127.0.0.1:8111/load_object?new_layer=false&objects=w447470511", "id_url": "https://www.openstreetmap.org/edit?editor=id&way=447470511#map=20/45.4403697/9.226892"}}, {"type": "Feature", "geometry": {"type": "Point", "coordinates": [9.2269477, 45.4406295]}, "properties": {"id": 447470512, "feat_type": "way", "quality_categories": "missing_tags, older_than_five_years", "issue_ids": "[54, 1]", "osm_url": "https://www.openstreetmap.org/way/447470512", "josm_url": "http://127.0.0.1:8111/load_object?new_layer=false&objects=w447470512", "id_url": "https://www.openstreetmap.org/edit?editor=id&way=447470512#map=20/45.4406295/9.2269477"}}, {"type": "Feature", "geometry": {"type": "Point", "coordinates": [9.2269477, 45.4406295]}, "properties": {"id": 447470514, "feat_type": "way", "quality_categories": "missing_tags, older_than_five_years", "issue_ids": "[54, 1]", "osm_url": "https://www.openstreetmap.org/way/447470514", "josm_url": "http://127.0.0.1:8111/load_object?new_layer=false&objects=w447470514", "id_url": "https://www.openstreetmap.org/edit?editor=id&way=447470514#map=20/45.4406295/9.2269477"}}, {"type": "Feature", "geometry": {"type": "Point", "coordinates": [9.2271499, 45.4403061]}, "properties": {"id": 447470517, "feat_type": "way", "quality_categories": "missing_tags, older_than_five_years", "issue_ids": "[18, 1]", "osm_url": "https://www.openstreetmap.org/way/447470517", "josm_url": "http://127.0.0.1:8111/load_object?new_layer=false&objects=w447470517", "id_url": "https://www.openstreetmap.org/edit?editor=id&way=447470517#map=20/45.4403061/9.2271499"}}, {"type": "Feature", "geometry": {"type": "Point", "coordinates": [9.227658, 45.4400323]}, "properties": {"id": 447470518, "feat_type": "way", "quality_categories": "missing_tags, older_than_five_years", "issue_ids": "[55, 1]", "osm_url": "https://www.openstreetmap.org/way/447470518", "josm_url": "http://127.0.0.1:8111/load_object?new_layer=false&objects=w447470518", "id_url": "https://www.openstreetmap.org/edit?editor=id&way=447470518#map=20/45.4400323/9.227658"}}, {"type": "Feature", "geometry": {"type": "Point", "coordinates": [9.2307653, 45.4405672]}, "properties": {"id": 447470521, "feat_type": "way", "quality_categories": "missing_tags, older_than_five_years", "issue_ids": "[19, 1]", "osm_url": "https://www.openstreetmap.org/way/447470521", "josm_url": "http://127.0.0.1:8111/load_object?new_layer=false&objects=w447470521", "id_url": "https://www.openstreetmap.org/edit?editor=id&way=447470521#map=20/45.4405672/9.2307653"}}, {"type": "Feature", "geometry": {"type": "Point", "coordinates": [9.1621097, 45.4873548]}, "properties": {"id": 448928289, "feat_type": "way", "quality_categories": "missing_tags, older_than_five_years", "issue_ids": "[44, 1]", "osm_url": "https://www.openstreetmap.org/way/448928289", "josm_url": "http://127.0.0.1:8111/load_object?new_layer=false&objects=w448928289", "id_url": "https://www.openstreetmap.org/edit?editor=id&way=448928289#map=20/45.4873548/9.1621097"}}, {"type": "Feature", "geometry": {"type": "Point", "coordinates": [9.1622284, 45.4874667]}, "properties": {"id": 448928298, "feat_type": "way", "quality_categories": "missing_tags, older_than_five_years", "issue_ids": "[44, 1]", "osm_url": "https://www.openstreetmap.org/way/448928298", "josm_url": "http://127.0.0.1:8111/load_object?new_layer=false&objects=w448928298", "id_url": "https://www.openstreetmap.org/edit?editor=id&way=448928298#map=20/45.4874667/9.1622284"}}, {"type": "Feature", "geometry": {"type": "Point", "coordinates": [9.1564538, 45.4869225]}, "properties": {"id": 448932944, "feat_type": "way", "quality_categories": "older_than_five_years", "issue_ids": "[56]", "osm_url": "https://www.openstreetmap.org/way/448932944", "josm_url": "http://127.0.0.1:8111/load_object?new_layer=false&objects=w448932944", "id_url": "https://www.openstreetmap.org/edit?editor=id&way=448932944#map=20/45.4869225/9.1564538"}}, {"type": "Feature", "geometry": {"type": "Point", "coordinates": [9.1568255, 45.4839121]}, "properties": {"id": 448932948, "feat_type": "way", "quality_categories": "older_than_five_years", "issue_ids": "[57]", "osm_url": "https://www.openstreetmap.org/way/448932948", "josm_url": "http://127.0.0.1:8111/load_object?new_layer=false&objects=w448932948", "id_url": "https://www.openstreetmap.org/edit?editor=id&way=448932948#map=20/45.4839121/9.1568255"}}, {"type": "Feature", "geometry": {"type": "Point", "coordinates": [9.1642804, 45.5035099]}, "properties": {"id": 459354623, "feat_type": "way", "quality_categories": "older_than_five_years", "issue_ids": "[58]", "osm_url": "https://www.openstreetmap.org/way/459354623", "josm_url": "http://127.0.0.1:8111/load_object?new_layer=false&objects=w459354623", "id_url": "https://www.openstreetmap.org/edit?editor=id&way=459354623#map=20/45.5035099/9.1642804"}}, {"type": "Feature", "geometry": {"type": "Point", "coordinates": [9.1643011, 45.5034941]}, "properties": {"id": 459354629, "feat_type": "way", "quality_categories": "older_than_five_years", "issue_ids": "[58]", "osm_url": "https://www.openstreetmap.org/way/459354629", "josm_url": "http://127.0.0.1:8111/load_object?new_layer=false&objects=w459354629", "id_url": "https://www.openstreetmap.org/edit?editor=id&way=459354629#map=20/45.5034941/9.1643011"}}, {"type": "Feature", "geometry": {"type": "Point", "coordinates": [9.164629, 45.503214]}, "properties": {"id": 459354650, "feat_type": "way", "quality_categories": "older_than_five_years", "issue_ids": "[58]", "osm_url": "https://www.openstreetmap.org/way/459354650", "josm_url": "http://127.0.0.1:8111/load_object?new_layer=false&objects=w459354650", "id_url": "https://www.openstreetmap.org/edit?editor=id&way=459354650#map=20/45.503214/9.164629"}}, {"type": "Feature", "geometry": {"type": "Point", "coordinates": [9.1647254, 45.5028862]}, "properties": {"id": 459354652, "feat_type": "way", "quality_categories": "older_than_five_years", "issue_ids": "[58]", "osm_url": "https://www.openstreetmap.org/way/459354652", "josm_url": "http://127.0.0.1:8111/load_object?new_layer=false&objects=w459354652", "id_url": "https://www.openstreetmap.org/edit?editor=id&way=459354652#map=20/45.5028862/9.1647254"}}, {"type": "Feature", "geometry": {"type": "Point", "coordinates": [9.1871128, 45.4983715]}, "properties": {"id": 462105726, "feat_type": "way", "quality_categories": "older_than_five_years", "issue_ids": "[59]", "osm_url": "https://www.openstreetmap.org/way/462105726", "josm_url": "http://127.0.0.1:8111/load_object?new_layer=false&objects=w462105726", "id_url": "https://www.openstreetmap.org/edit?editor=id&way=462105726#map=20/45.4983715/9.1871128"}}, {"type": "Feature", "geometry": {"type": "Point", "coordinates": [9.1989893, 45.453424]}, "properties": {"id": 471311415, "feat_type": "way", "quality_categories": "missing_tags, older_than_five_years", "issue_ids": "[60, 1]", "osm_url": "https://www.openstreetmap.org/way/471311415", "josm_url": "http://127.0.0.1:8111/load_object?new_layer=false&objects=w471311415", "id_url": "https://www.openstreetmap.org/edit?editor=id&way=471311415#map=20/45.453424/9.1989893"}}, {"type": "Feature", "geometry": {"type": "Point", "coordinates": [9.1942558, 45.453942]}, "properties": {"id": 471311478, "feat_type": "way", "quality_categories": "older_than_five_years", "issue_ids": "[14]", "osm_url": "https://www.openstreetmap.org/way/471311478", "josm_url": "http://127.0.0.1:8111/load_object?new_layer=false&objects=w471311478", "id_url": "https://www.openstreetmap.org/edit?editor=id&way=471311478#map=20/45.453942/9.1942558"}}, {"type": "Feature", "geometry": {"type": "Point", "coordinates": [9.1941525, 45.4536823]}, "properties": {"id": 471311479, "feat_type": "way", "quality_categories": "older_than_five_years", "issue_ids": "[14]", "osm_url": "https://www.openstreetmap.org/way/471311479", "josm_url": "http://127.0.0.1:8111/load_object?new_layer=false&objects=w471311479", "id_url": "https://www.openstreetmap.org/edit?editor=id&way=471311479#map=20/45.4536823/9.1941525"}}, {"type": "Feature", "geometry": {"type": "Point", "coordinates": [9.1808707, 45.4576342]}, "properties": {"id": 491790398, "feat_type": "way", "quality_categories": "missing_tags, older_than_five_years", "issue_ids": "[11, 1]", "osm_url": "https://www.openstreetmap.org/way/491790398", "josm_url": "http://127.0.0.1:8111/load_object?new_layer=false&objects=w491790398", "id_url": "https://www.openstreetmap.org/edit?editor=id&way=491790398#map=20/45.4576342/9.1808707"}}, {"type": "Feature", "geometry": {"type": "Point", "coordinates": [9.1795828, 45.4607923]}, "properties": {"id": 493214631, "feat_type": "way", "quality_categories": "older_than_five_years", "issue_ids": "[61]", "osm_url": "https://www.openstreetmap.org/way/493214631", "josm_url": "http://127.0.0.1:8111/load_object?new_layer=false&objects=w493214631", "id_url": "https://www.openstreetmap.org/edit?editor=id&way=493214631#map=20/45.4607923/9.1795828"}}, {"type": "Feature", "geometry": {"type": "Point", "coordinates": [9.1625061, 45.4549159]}, "properties": {"id": 496946285, "feat_type": "way", "quality_categories": "older_than_five_years", "issue_ids": "[62]", "osm_url": "https://www.openstreetmap.org/way/496946285", "josm_url": "http://127.0.0.1:8111/load_object?new_layer=false&objects=w496946285", "id_url": "https://www.openstreetmap.org/edit?editor=id&way=496946285#map=20/45.4549159/9.1625061"}}, {"type": "Feature", "geometry": {"type": "Point", "coordinates": [9.1832493, 45.4886945]}, "properties": {"id": 498023292, "feat_type": "way", "quality_categories": "older_than_five_years", "issue_ids": "[21]", "osm_url": "https://www.openstreetmap.org/way/498023292", "josm_url": "http://127.0.0.1:8111/load_object?new_layer=false&objects=w498023292", "id_url": "https://www.openstreetmap.org/edit?editor=id&way=498023292#map=20/45.4886945/9.1832493"}}, {"type": "Feature", "geometry": {"type": "Point", "coordinates": [9.1829295, 45.4887095]}, "properties": {"id": 498023293, "feat_type": "way", "quality_categories": "older_than_five_years", "issue_ids": "[21]", "osm_url": "https://www.openstreetmap.org/way/498023293", "josm_url": "http://127.0.0.1:8111/load_object?new_layer=false&objects=w498023293", "id_url": "https://www.openstreetmap.org/edit?editor=id&way=498023293#map=20/45.4887095/9.1829295"}}, {"type": "Feature", "geometry": {"type": "Point", "coordinates": [9.1829295, 45.4887095]}, "properties": {"id": 498023294, "feat_type": "way", "quality_categories": "older_than_five_years", "issue_ids": "[21]", "osm_url": "https://www.openstreetmap.org/way/498023294", "josm_url": "http://127.0.0.1:8111/load_object?new_layer=false&objects=w498023294", "id_url": "https://www.openstreetmap.org/edit?editor=id&way=498023294#map=20/45.4887095/9.1829295"}}, {"type": "Feature", "geometry": {"type": "Point", "coordinates": [9.1825378, 45.4887394]}, "properties": {"id": 498023298, "feat_type": "way", "quality_categories": "older_than_five_years", "issue_ids": "[21]", "osm_url": "https://www.openstreetmap.org/way/498023298", "josm_url": "http://127.0.0.1:8111/load_object?new_layer=false&objects=w498023298", "id_url": "https://www.openstreetmap.org/edit?editor=id&way=498023298#map=20/45.4887394/9.1825378"}}, {"type": "Feature", "geometry": {"type": "Point", "coordinates": [9.1825378, 45.4887394]}, "properties": {"id": 498023299, "feat_type": "way", "quality_categories": "older_than_five_years", "issue_ids": "[21]", "osm_url": "https://www.openstreetmap.org/way/498023299", "josm_url": "http://127.0.0.1:8111/load_object?new_layer=false&objects=w498023299", "id_url": "https://www.openstreetmap.org/edit?editor=id&way=498023299#map=20/45.4887394/9.1825378"}}, {"type": "Feature", "geometry": {"type": "Point", "coordinates": [9.1825969, 45.4887034]}, "properties": {"id": 498023303, "feat_type": "way", "quality_categories": "older_than_five_years", "issue_ids": "[21]", "osm_url": "https://www.openstreetmap.org/way/498023303", "josm_url": "http://127.0.0.1:8111/load_object?new_layer=false&objects=w498023303", "id_url": "https://www.openstreetmap.org/edit?editor=id&way=498023303#map=20/45.4887034/9.1825969"}}, {"type": "Feature", "geometry": {"type": "Point", "coordinates": [9.2355733, 45.4354094]}, "properties": {"id": 502777147, "feat_type": "way", "quality_categories": "older_than_five_years", "issue_ids": "[18]", "osm_url": "https://www.openstreetmap.org/way/502777147", "josm_url": "http://127.0.0.1:8111/load_object?new_layer=false&objects=w502777147", "id_url": "https://www.openstreetmap.org/edit?editor=id&way=502777147#map=20/45.4354094/9.2355733"}}, {"type": "Feature", "geometry": {"type": "Point", "coordinates": [9.1278687, 45.5069784]}, "properties": {"id": 514306978, "feat_type": "way", "quality_categories": "missing_tags, older_than_five_years", "issue_ids": "[38, 1]", "osm_url": "https://www.openstreetmap.org/way/514306978", "josm_url": "http://127.0.0.1:8111/load_object?new_layer=false&objects=w514306978", "id_url": "https://www.openstreetmap.org/edit?editor=id&way=514306978#map=20/45.5069784/9.1278687"}}, {"type": "Feature", "geometry": {"type": "Point", "coordinates": [9.1276875, 45.5070074]}, "properties": {"id": 514306979, "feat_type": "way", "quality_categories": "missing_tags, older_than_five_years", "issue_ids": "[38, 1]", "osm_url": "https://www.openstreetmap.org/way/514306979", "josm_url": "http://127.0.0.1:8111/load_object?new_layer=false&objects=w514306979", "id_url": "https://www.openstreetmap.org/edit?editor=id&way=514306979#map=20/45.5070074/9.1276875"}}, {"type": "Feature", "geometry": {"type": "Point", "coordinates": [9.19071, 45.4900347]}, "properties": {"id": 520741434, "feat_type": "way", "quality_categories": "older_than_five_years", "issue_ids": "[63]", "osm_url": "https://www.openstreetmap.org/way/520741434", "josm_url": "http://127.0.0.1:8111/load_object?new_layer=false&objects=w520741434", "id_url": "https://www.openstreetmap.org/edit?editor=id&way=520741434#map=20/45.4900347/9.19071"}}, {"type": "Feature", "geometry": {"type": "Point", "coordinates": [9.2341807, 45.4366079]}, "properties": {"id": 544698045, "feat_type": "way", "quality_categories": "missing_tags, older_than_five_years", "issue_ids": "[18, 1]", "osm_url": "https://www.openstreetmap.org/way/544698045", "josm_url": "http://127.0.0.1:8111/load_object?new_layer=false&objects=w544698045", "id_url": "https://www.openstreetmap.org/edit?editor=id&way=544698045#map=20/45.4366079/9.2341807"}}, {"type": "Feature", "geometry": {"type": "Point", "coordinates": [9.2341944, 45.4368014]}, "properties": {"id": 544698047, "feat_type": "way", "quality_categories": "missing_tags, older_than_five_years", "issue_ids": "[18, 1]", "osm_url": "https://www.openstreetmap.org/way/544698047", "josm_url": "http://127.0.0.1:8111/load_object?new_layer=false&objects=w544698047", "id_url": "https://www.openstreetmap.org/edit?editor=id&way=544698047#map=20/45.4368014/9.2341944"}}, {"type": "Feature", "geometry": {"type": "Point", "coordinates": [9.1693597, 45.4609656]}, "properties": {"id": 558204799, "feat_type": "way", "quality_categories": "older_than_five_years", "issue_ids": "[6]", "osm_url": "https://www.openstreetmap.org/way/558204799", "josm_url": "http://127.0.0.1:8111/load_object?new_layer=false&objects=w558204799", "id_url": "https://www.openstreetmap.org/edit?editor=id&way=558204799#map=20/45.4609656/9.1693597"}}, {"type": "Feature", "geometry": {"type": "Point", "coordinates": [9.162882, 45.4551504]}, "properties": {"id": 579331539, "feat_type": "way", "quality_categories": "older_than_five_years", "issue_ids": "[64]", "osm_url": "https://www.openstreetmap.org/way/579331539", "josm_url": "http://127.0.0.1:8111/load_object?new_layer=false&objects=w579331539", "id_url": "https://www.openstreetmap.org/edit?editor=id&way=579331539#map=20/45.4551504/9.162882"}}, {"type": "Feature", "geometry": {"type": "Point", "coordinates": [9.1148661, 45.4563849]}, "properties": {"id": 580346406, "feat_type": "way", "quality_categories": "missing_tags, older_than_five_years", "issue_ids": "[65, 1]", "osm_url": "https://www.openstreetmap.org/way/580346406", "josm_url": "http://127.0.0.1:8111/load_object?new_layer=false&objects=w580346406", "id_url": "https://www.openstreetmap.org/edit?editor=id&way=580346406#map=20/45.4563849/9.1148661"}}, {"type": "Feature", "geometry": {"type": "Point", "coordinates": [9.1945562, 45.4531261]}, "properties": {"id": 585854485, "feat_type": "way", "quality_categories": "older_than_five_years", "issue_ids": "[14]", "osm_url": "https://www.openstreetmap.org/way/585854485", "josm_url": "http://127.0.0.1:8111/load_object?new_layer=false&objects=w585854485", "id_url": "https://www.openstreetmap.org/edit?editor=id&way=585854485#map=20/45.4531261/9.1945562"}}, {"type": "Feature", "geometry": {"type": "Point", "coordinates": [9.1547019, 45.4543561]}, "properties": {"id": 587713274, "feat_type": "way", "quality_categories": "missing_tags, older_than_five_years", "issue_ids": "[66, 1]", "osm_url": "https://www.openstreetmap.org/way/587713274", "josm_url": "http://127.0.0.1:8111/load_object?new_layer=false&objects=w587713274", "id_url": "https://www.openstreetmap.org/edit?editor=id&way=587713274#map=20/45.4543561/9.1547019"}}, {"type": "Feature", "geometry": {"type": "Point", "coordinates": [9.156155, 45.4548326]}, "properties": {"id": 587713278, "feat_type": "way", "quality_categories": "missing_tags, older_than_five_years", "issue_ids": "[66, 1]", "osm_url": "https://www.openstreetmap.org/way/587713278", "josm_url": "http://127.0.0.1:8111/load_object?new_layer=false&objects=w587713278", "id_url": "https://www.openstreetmap.org/edit?editor=id&way=587713278#map=20/45.4548326/9.156155"}}, {"type": "Feature", "geometry": {"type": "Point", "coordinates": [9.1559109, 45.4509719]}, "properties": {"id": 587713282, "feat_type": "way", "quality_categories": "missing_tags, older_than_five_years", "issue_ids": "[66, 1]", "osm_url": "https://www.openstreetmap.org/way/587713282", "josm_url": "http://127.0.0.1:8111/load_object?new_layer=false&objects=w587713282", "id_url": "https://www.openstreetmap.org/edit?editor=id&way=587713282#map=20/45.4509719/9.1559109"}}, {"type": "Feature", "geometry": {"type": "Point", "coordinates": [9.1639504, 45.4573038]}, "properties": {"id": 597189182, "feat_type": "way", "quality_categories": "older_than_five_years", "issue_ids": "[64]", "osm_url": "https://www.openstreetmap.org/way/597189182", "josm_url": "http://127.0.0.1:8111/load_object?new_layer=false&objects=w597189182", "id_url": "https://www.openstreetmap.org/edit?editor=id&way=597189182#map=20/45.4573038/9.1639504"}}, {"type": "Feature", "geometry": {"type": "Point", "coordinates": [9.2339538, 45.4752586]}, "properties": {"id": 626282599, "feat_type": "way", "quality_categories": "older_than_five_years", "issue_ids": "[67]", "osm_url": "https://www.openstreetmap.org/way/626282599", "josm_url": "http://127.0.0.1:8111/load_object?new_layer=false&objects=w626282599", "id_url": "https://www.openstreetmap.org/edit?editor=id&way=626282599#map=20/45.4752586/9.2339538"}}, {"type": "Feature", "geometry": {"type": "Point", "coordinates": [9.2339283, 45.4747894]}, "properties": {"id": 626282605, "feat_type": "way", "quality_categories": "older_than_five_years", "issue_ids": "[67]", "osm_url": "https://www.openstreetmap.org/way/626282605", "josm_url": "http://127.0.0.1:8111/load_object?new_layer=false&objects=w626282605", "id_url": "https://www.openstreetmap.org/edit?editor=id&way=626282605#map=20/45.4747894/9.2339283"}}, {"type": "Feature", "geometry": {"type": "Point", "coordinates": [9.2330808, 45.4757041]}, "properties": {"id": 626282624, "feat_type": "way", "quality_categories": "older_than_five_years", "issue_ids": "[67]", "osm_url": "https://www.openstreetmap.org/way/626282624", "josm_url": "http://127.0.0.1:8111/load_object?new_layer=false&objects=w626282624", "id_url": "https://www.openstreetmap.org/edit?editor=id&way=626282624#map=20/45.4757041/9.2330808"}}, {"type": "Feature", "geometry": {"type": "Point", "coordinates": [9.233909, 45.4758215]}, "properties": {"id": 626282644, "feat_type": "way", "quality_categories": "older_than_five_years", "issue_ids": "[68]", "osm_url": "https://www.openstreetmap.org/way/626282644", "josm_url": "http://127.0.0.1:8111/load_object?new_layer=false&objects=w626282644", "id_url": "https://www.openstreetmap.org/edit?editor=id&way=626282644#map=20/45.4758215/9.233909"}}, {"type": "Feature", "geometry": {"type": "Point", "coordinates": [9.2340379, 45.4758219]}, "properties": {"id": 626282647, "feat_type": "way", "quality_categories": "older_than_five_years", "issue_ids": "[68]", "osm_url": "https://www.openstreetmap.org/way/626282647", "josm_url": "http://127.0.0.1:8111/load_object?new_layer=false&objects=w626282647", "id_url": "https://www.openstreetmap.org/edit?editor=id&way=626282647#map=20/45.4758219/9.2340379"}}, {"type": "Feature", "geometry": {"type": "Point", "coordinates": [9.2331143, 45.4760405]}, "properties": {"id": 626282651, "feat_type": "way", "quality_categories": "older_than_five_years", "issue_ids": "[67]", "osm_url": "https://www.openstreetmap.org/way/626282651", "josm_url": "http://127.0.0.1:8111/load_object?new_layer=false&objects=w626282651", "id_url": "https://www.openstreetmap.org/edit?editor=id&way=626282651#map=20/45.4760405/9.2331143"}}, {"type": "Feature", "geometry": {"type": "Point", "coordinates": [9.2336274, 45.4760455]}, "properties": {"id": 626282654, "feat_type": "way", "quality_categories": "older_than_five_years", "issue_ids": "[68]", "osm_url": "https://www.openstreetmap.org/way/626282654", "josm_url": "http://127.0.0.1:8111/load_object?new_layer=false&objects=w626282654", "id_url": "https://www.openstreetmap.org/edit?editor=id&way=626282654#map=20/45.4760455/9.2336274"}}, {"type": "Feature", "geometry": {"type": "Point", "coordinates": [9.1771451, 45.5033731]}, "properties": {"id": 627095692, "feat_type": "way", "quality_categories": "older_than_five_years", "issue_ids": "[69]", "osm_url": "https://www.openstreetmap.org/way/627095692", "josm_url": "http://127.0.0.1:8111/load_object?new_layer=false&objects=w627095692", "id_url": "https://www.openstreetmap.org/edit?editor=id&way=627095692#map=20/45.5033731/9.1771451"}}, {"type": "Feature", "geometry": {"type": "Point", "coordinates": [9.1524033, 45.4755206]}, "properties": {"id": 641007922, "feat_type": "way", "quality_categories": "missing_tags, older_than_five_years", "issue_ids": "[70, 1]", "osm_url": "https://www.openstreetmap.org/way/641007922", "josm_url": "http://127.0.0.1:8111/load_object?new_layer=false&objects=w641007922", "id_url": "https://www.openstreetmap.org/edit?editor=id&way=641007922#map=20/45.4755206/9.1524033"}}, {"type": "Feature", "geometry": {"type": "Point", "coordinates": [9.1889624, 45.50119]}, "properties": {"id": 655520077, "feat_type": "way", "quality_categories": "older_than_five_years", "issue_ids": "[2]", "osm_url": "https://www.openstreetmap.org/way/655520077", "josm_url": "http://127.0.0.1:8111/load_object?new_layer=false&objects=w655520077", "id_url": "https://www.openstreetmap.org/edit?editor=id&way=655520077#map=20/45.50119/9.1889624"}}, {"type": "Feature", "geometry": {"type": "Point", "coordinates": [9.1975358, 45.4597058]}, "properties": {"id": 663146227, "feat_type": "way", "quality_categories": "older_than_five_years", "issue_ids": "[71]", "osm_url": "https://www.openstreetmap.org/way/663146227", "josm_url": "http://127.0.0.1:8111/load_object?new_layer=false&objects=w663146227", "id_url": "https://www.openstreetmap.org/edit?editor=id&way=663146227#map=20/45.4597058/9.1975358"}}, {"type": "Feature", "geometry": {"type": "Point", "coordinates": [9.1958906, 45.4600272]}, "properties": {"id": 663179504, "feat_type": "way", "quality_categories": "older_than_five_years", "issue_ids": "[71]", "osm_url": "https://www.openstreetmap.org/way/663179504", "josm_url": "http://127.0.0.1:8111/load_object?new_layer=false&objects=w663179504", "id_url": "https://www.openstreetmap.org/edit?editor=id&way=663179504#map=20/45.4600272/9.1958906"}}, {"type": "Feature", "geometry": {"type": "Point", "coordinates": [9.1954811, 45.4596066]}, "properties": {"id": 663212323, "feat_type": "way", "quality_categories": "missing_tags, older_than_five_years", "issue_ids": "[72, 1]", "osm_url": "https://www.openstreetmap.org/way/663212323", "josm_url": "http://127.0.0.1:8111/load_object?new_layer=false&objects=w663212323", "id_url": "https://www.openstreetmap.org/edit?editor=id&way=663212323#map=20/45.4596066/9.1954811"}}, {"type": "Feature", "geometry": {"type": "Point", "coordinates": [9.2064951, 45.4604942]}, "properties": {"id": 663249954, "feat_type": "way", "quality_categories": "missing_tags, older_than_five_years", "issue_ids": "[72, 1]", "osm_url": "https://www.openstreetmap.org/way/663249954", "josm_url": "http://127.0.0.1:8111/load_object?new_layer=false&objects=w663249954", "id_url": "https://www.openstreetmap.org/edit?editor=id&way=663249954#map=20/45.4604942/9.2064951"}}, {"type": "Feature", "geometry": {"type": "Point", "coordinates": [9.2023907, 45.4621787]}, "properties": {"id": 663249962, "feat_type": "way", "quality_categories": "missing_tags, older_than_five_years", "issue_ids": "[73, 1]", "osm_url": "https://www.openstreetmap.org/way/663249962", "josm_url": "http://127.0.0.1:8111/load_object?new_layer=false&objects=w663249962", "id_url": "https://www.openstreetmap.org/edit?editor=id&way=663249962#map=20/45.4621787/9.2023907"}}, {"type": "Feature", "geometry": {"type": "Point", "coordinates": [9.1989972, 45.4626723]}, "properties": {"id": 663506650, "feat_type": "way", "quality_categories": "missing_tags, older_than_five_years", "issue_ids": "[74, 1]", "osm_url": "https://www.openstreetmap.org/way/663506650", "josm_url": "http://127.0.0.1:8111/load_object?new_layer=false&objects=w663506650", "id_url": "https://www.openstreetmap.org/edit?editor=id&way=663506650#map=20/45.4626723/9.1989972"}}, {"type": "Feature", "geometry": {"type": "Point", "coordinates": [9.2023164, 45.4582217]}, "properties": {"id": 664456187, "feat_type": "way", "quality_categories": "missing_tags, older_than_five_years", "issue_ids": "[75, 1]", "osm_url": "https://www.openstreetmap.org/way/664456187", "josm_url": "http://127.0.0.1:8111/load_object?new_layer=false&objects=w664456187", "id_url": "https://www.openstreetmap.org/edit?editor=id&way=664456187#map=20/45.4582217/9.2023164"}}, {"type": "Feature", "geometry": {"type": "Point", "coordinates": [9.2008772, 45.4585372]}, "properties": {"id": 664456192, "feat_type": "way", "quality_categories": "missing_tags, older_than_five_years", "issue_ids": "[76, 1]", "osm_url": "https://www.openstreetmap.org/way/664456192", "josm_url": "http://127.0.0.1:8111/load_object?new_layer=false&objects=w664456192", "id_url": "https://www.openstreetmap.org/edit?editor=id&way=664456192#map=20/45.4585372/9.2008772"}}, {"type": "Feature", "geometry": {"type": "Point", "coordinates": [9.2008279, 45.4569193]}, "properties": {"id": 664459705, "feat_type": "way", "quality_categories": "missing_tags, older_than_five_years", "issue_ids": "[76, 1]", "osm_url": "https://www.openstreetmap.org/way/664459705", "josm_url": "http://127.0.0.1:8111/load_object?new_layer=false&objects=w664459705", "id_url": "https://www.openstreetmap.org/edit?editor=id&way=664459705#map=20/45.4569193/9.2008279"}}, {"type": "Feature", "geometry": {"type": "Point", "coordinates": [9.1975348, 45.4597132]}, "properties": {"id": 667699950, "feat_type": "way", "quality_categories": "older_than_five_years", "issue_ids": "[71]", "osm_url": "https://www.openstreetmap.org/way/667699950", "josm_url": "http://127.0.0.1:8111/load_object?new_layer=false&objects=w667699950", "id_url": "https://www.openstreetmap.org/edit?editor=id&way=667699950#map=20/45.4597132/9.1975348"}}, {"type": "Feature", "geometry": {"type": "Point", "coordinates": [9.2032979, 45.4536853]}, "properties": {"id": 667705382, "feat_type": "way", "quality_categories": "missing_tags, older_than_five_years", "issue_ids": "[77, 1]", "osm_url": "https://www.openstreetmap.org/way/667705382", "josm_url": "http://127.0.0.1:8111/load_object?new_layer=false&objects=w667705382", "id_url": "https://www.openstreetmap.org/edit?editor=id&way=667705382#map=20/45.4536853/9.2032979"}}, {"type": "Feature", "geometry": {"type": "Point", "coordinates": [9.2026213, 45.4538562]}, "properties": {"id": 667705384, "feat_type": "way", "quality_categories": "missing_tags, older_than_five_years", "issue_ids": "[50, 1]", "osm_url": "https://www.openstreetmap.org/way/667705384", "josm_url": "http://127.0.0.1:8111/load_object?new_layer=false&objects=w667705384", "id_url": "https://www.openstreetmap.org/edit?editor=id&way=667705384#map=20/45.4538562/9.2026213"}}, {"type": "Feature", "geometry": {"type": "Point", "coordinates": [9.2029956, 45.4545547]}, "properties": {"id": 667705646, "feat_type": "way", "quality_categories": "missing_tags, older_than_five_years", "issue_ids": "[50, 1]", "osm_url": "https://www.openstreetmap.org/way/667705646", "josm_url": "http://127.0.0.1:8111/load_object?new_layer=false&objects=w667705646", "id_url": "https://www.openstreetmap.org/edit?editor=id&way=667705646#map=20/45.4545547/9.2029956"}}, {"type": "Feature", "geometry": {"type": "Point", "coordinates": [9.2055242, 45.4579942]}, "properties": {"id": 667709354, "feat_type": "way", "quality_categories": "missing_tags, older_than_five_years", "issue_ids": "[50, 1]", "osm_url": "https://www.openstreetmap.org/way/667709354", "josm_url": "http://127.0.0.1:8111/load_object?new_layer=false&objects=w667709354", "id_url": "https://www.openstreetmap.org/edit?editor=id&way=667709354#map=20/45.4579942/9.2055242"}}, {"type": "Feature", "geometry": {"type": "Point", "coordinates": [9.2051423, 45.4581366]}, "properties": {"id": 667709357, "feat_type": "way", "quality_categories": "missing_tags, older_than_five_years", "issue_ids": "[50, 1]", "osm_url": "https://www.openstreetmap.org/way/667709357", "josm_url": "http://127.0.0.1:8111/load_object?new_layer=false&objects=w667709357", "id_url": "https://www.openstreetmap.org/edit?editor=id&way=667709357#map=20/45.4581366/9.2051423"}}, {"type": "Feature", "geometry": {"type": "Point", "coordinates": [9.2059252, 45.4584531]}, "properties": {"id": 667709359, "feat_type": "way", "quality_categories": "missing_tags, older_than_five_years", "issue_ids": "[50, 1]", "osm_url": "https://www.openstreetmap.org/way/667709359", "josm_url": "http://127.0.0.1:8111/load_object?new_layer=false&objects=w667709359", "id_url": "https://www.openstreetmap.org/edit?editor=id&way=667709359#map=20/45.4584531/9.2059252"}}, {"type": "Feature", "geometry": {"type": "Point", "coordinates": [9.2061739, 45.4587523]}, "properties": {"id": 667709362, "feat_type": "way", "quality_categories": "missing_tags, older_than_five_years", "issue_ids": "[78, 1]", "osm_url": "https://www.openstreetmap.org/way/667709362", "josm_url": "http://127.0.0.1:8111/load_object?new_layer=false&objects=w667709362", "id_url": "https://www.openstreetmap.org/edit?editor=id&way=667709362#map=20/45.4587523/9.2061739"}}, {"type": "Feature", "geometry": {"type": "Point", "coordinates": [9.2051179, 45.4603455]}, "properties": {"id": 667710964, "feat_type": "way", "quality_categories": "missing_tags, older_than_five_years", "issue_ids": "[50, 1]", "osm_url": "https://www.openstreetmap.org/way/667710964", "josm_url": "http://127.0.0.1:8111/load_object?new_layer=false&objects=w667710964", "id_url": "https://www.openstreetmap.org/edit?editor=id&way=667710964#map=20/45.4603455/9.2051179"}}, {"type": "Feature", "geometry": {"type": "Point", "coordinates": [9.1897469, 45.4598584]}, "properties": {"id": 667711836, "feat_type": "way", "quality_categories": "missing_tags, older_than_five_years", "issue_ids": "[50, 1]", "osm_url": "https://www.openstreetmap.org/way/667711836", "josm_url": "http://127.0.0.1:8111/load_object?new_layer=false&objects=w667711836", "id_url": "https://www.openstreetmap.org/edit?editor=id&way=667711836#map=20/45.4598584/9.1897469"}}, {"type": "Feature", "geometry": {"type": "Point", "coordinates": [9.1886136, 45.4609966]}, "properties": {"id": 667711839, "feat_type": "way", "quality_categories": "missing_tags, older_than_five_years", "issue_ids": "[50, 1]", "osm_url": "https://www.openstreetmap.org/way/667711839", "josm_url": "http://127.0.0.1:8111/load_object?new_layer=false&objects=w667711839", "id_url": "https://www.openstreetmap.org/edit?editor=id&way=667711839#map=20/45.4609966/9.1886136"}}, {"type": "Feature", "geometry": {"type": "Point", "coordinates": [9.1916561, 45.4609325]}, "properties": {"id": 668466858, "feat_type": "way", "quality_categories": "missing_tags, older_than_five_years", "issue_ids": "[79, 1]", "osm_url": "https://www.openstreetmap.org/way/668466858", "josm_url": "http://127.0.0.1:8111/load_object?new_layer=false&objects=w668466858", "id_url": "https://www.openstreetmap.org/edit?editor=id&way=668466858#map=20/45.4609325/9.1916561"}}, {"type": "Feature", "geometry": {"type": "Point", "coordinates": [9.195211, 45.4617255]}, "properties": {"id": 668478924, "feat_type": "way", "quality_categories": "older_than_five_years", "issue_ids": "[71]", "osm_url": "https://www.openstreetmap.org/way/668478924", "josm_url": "http://127.0.0.1:8111/load_object?new_layer=false&objects=w668478924", "id_url": "https://www.openstreetmap.org/edit?editor=id&way=668478924#map=20/45.4617255/9.195211"}}, {"type": "Feature", "geometry": {"type": "Point", "coordinates": [9.2042621, 45.4550411]}, "properties": {"id": 669158568, "feat_type": "way", "quality_categories": "missing_tags, older_than_five_years", "issue_ids": "[80, 1]", "osm_url": "https://www.openstreetmap.org/way/669158568", "josm_url": "http://127.0.0.1:8111/load_object?new_layer=false&objects=w669158568", "id_url": "https://www.openstreetmap.org/edit?editor=id&way=669158568#map=20/45.4550411/9.2042621"}}, {"type": "Feature", "geometry": {"type": "Point", "coordinates": [9.2004042, 45.4520626]}, "properties": {"id": 669998448, "feat_type": "way", "quality_categories": "missing_tags, older_than_five_years", "issue_ids": "[81, 1]", "osm_url": "https://www.openstreetmap.org/way/669998448", "josm_url": "http://127.0.0.1:8111/load_object?new_layer=false&objects=w669998448", "id_url": "https://www.openstreetmap.org/edit?editor=id&way=669998448#map=20/45.4520626/9.2004042"}}, {"type": "Feature", "geometry": {"type": "Point", "coordinates": [9.2014407, 45.4569351]}, "properties": {"id": 670426184, "feat_type": "way", "quality_categories": "missing_tags, older_than_five_years", "issue_ids": "[82, 1]", "osm_url": "https://www.openstreetmap.org/way/670426184", "josm_url": "http://127.0.0.1:8111/load_object?new_layer=false&objects=w670426184", "id_url": "https://www.openstreetmap.org/edit?editor=id&way=670426184#map=20/45.4569351/9.2014407"}}, {"type": "Feature", "geometry": {"type": "Point", "coordinates": [9.1986536, 45.4592332]}, "properties": {"id": 670445362, "feat_type": "way", "quality_categories": "missing_tags, older_than_five_years", "issue_ids": "[82, 1]", "osm_url": "https://www.openstreetmap.org/way/670445362", "josm_url": "http://127.0.0.1:8111/load_object?new_layer=false&objects=w670445362", "id_url": "https://www.openstreetmap.org/edit?editor=id&way=670445362#map=20/45.4592332/9.1986536"}}, {"type": "Feature", "geometry": {"type": "Point", "coordinates": [9.2008389, 45.462392]}, "properties": {"id": 670480315, "feat_type": "way", "quality_categories": "missing_tags, older_than_five_years", "issue_ids": "[82, 1]", "osm_url": "https://www.openstreetmap.org/way/670480315", "josm_url": "http://127.0.0.1:8111/load_object?new_layer=false&objects=w670480315", "id_url": "https://www.openstreetmap.org/edit?editor=id&way=670480315#map=20/45.462392/9.2008389"}}, {"type": "Feature", "geometry": {"type": "Point", "coordinates": [9.1972726, 45.4626941]}, "properties": {"id": 672047630, "feat_type": "way", "quality_categories": "missing_tags, older_than_five_years", "issue_ids": "[83, 1]", "osm_url": "https://www.openstreetmap.org/way/672047630", "josm_url": "http://127.0.0.1:8111/load_object?new_layer=false&objects=w672047630", "id_url": "https://www.openstreetmap.org/edit?editor=id&way=672047630#map=20/45.4626941/9.1972726"}}, {"type": "Feature", "geometry": {"type": "Point", "coordinates": [9.1972786, 45.4626906]}, "properties": {"id": 672310057, "feat_type": "way", "quality_categories": "missing_tags, older_than_five_years", "issue_ids": "[83, 1]", "osm_url": "https://www.openstreetmap.org/way/672310057", "josm_url": "http://127.0.0.1:8111/load_object?new_layer=false&objects=w672310057", "id_url": "https://www.openstreetmap.org/edit?editor=id&way=672310057#map=20/45.4626906/9.1972786"}}, {"type": "Feature", "geometry": {"type": "Point", "coordinates": [9.1973505, 45.4626566]}, "properties": {"id": 672310058, "feat_type": "way", "quality_categories": "missing_tags, older_than_five_years", "issue_ids": "[83, 1]", "osm_url": "https://www.openstreetmap.org/way/672310058", "josm_url": "http://127.0.0.1:8111/load_object?new_layer=false&objects=w672310058", "id_url": "https://www.openstreetmap.org/edit?editor=id&way=672310058#map=20/45.4626566/9.1973505"}}, {"type": "Feature", "geometry": {"type": "Point", "coordinates": [9.1638728, 45.4617597]}, "properties": {"id": 675494979, "feat_type": "way", "quality_categories": "missing_tags, older_than_five_years", "issue_ids": "[84, 1]", "osm_url": "https://www.openstreetmap.org/way/675494979", "josm_url": "http://127.0.0.1:8111/load_object?new_layer=false&objects=w675494979", "id_url": "https://www.openstreetmap.org/edit?editor=id&way=675494979#map=20/45.4617597/9.1638728"}}, {"type": "Feature", "geometry": {"type": "Point", "coordinates": [9.1901757, 45.4596088]}, "properties": {"id": 677697472, "feat_type": "way", "quality_categories": "missing_tags, older_than_five_years", "issue_ids": "[85, 1]", "osm_url": "https://www.openstreetmap.org/way/677697472", "josm_url": "http://127.0.0.1:8111/load_object?new_layer=false&objects=w677697472", "id_url": "https://www.openstreetmap.org/edit?editor=id&way=677697472#map=20/45.4596088/9.1901757"}}, {"type": "Feature", "geometry": {"type": "Point", "coordinates": [9.2254142, 45.4434748]}, "properties": {"id": 683799547, "feat_type": "way", "quality_categories": "missing_tags, older_than_five_years", "issue_ids": "[86, 1]", "osm_url": "https://www.openstreetmap.org/way/683799547", "josm_url": "http://127.0.0.1:8111/load_object?new_layer=false&objects=w683799547", "id_url": "https://www.openstreetmap.org/edit?editor=id&way=683799547#map=20/45.4434748/9.2254142"}}, {"type": "Feature", "geometry": {"type": "Point", "coordinates": [9.2350579, 45.4351103]}, "properties": {"id": 683893013, "feat_type": "way", "quality_categories": "older_than_five_years", "issue_ids": "[87]", "osm_url": "https://www.openstreetmap.org/way/683893013", "josm_url": "http://127.0.0.1:8111/load_object?new_layer=false&objects=w683893013", "id_url": "https://www.openstreetmap.org/edit?editor=id&way=683893013#map=20/45.4351103/9.2350579"}}, {"type": "Feature", "geometry": {"type": "Point", "coordinates": [9.2353618, 45.4354087]}, "properties": {"id": 683893014, "feat_type": "way", "quality_categories": "missing_tags, older_than_five_years", "issue_ids": "[87, 1]", "osm_url": "https://www.openstreetmap.org/way/683893014", "josm_url": "http://127.0.0.1:8111/load_object?new_layer=false&objects=w683893014", "id_url": "https://www.openstreetmap.org/edit?editor=id&way=683893014#map=20/45.4354087/9.2353618"}}, {"type": "Feature", "geometry": {"type": "Point", "coordinates": [9.2316861, 45.4366289]}, "properties": {"id": 684104232, "feat_type": "way", "quality_categories": "older_than_five_years", "issue_ids": "[88]", "osm_url": "https://www.openstreetmap.org/way/684104232", "josm_url": "http://127.0.0.1:8111/load_object?new_layer=false&objects=w684104232", "id_url": "https://www.openstreetmap.org/edit?editor=id&way=684104232#map=20/45.4366289/9.2316861"}}, {"type": "Feature", "geometry": {"type": "Point", "coordinates": [9.2326529, 45.4374914]}, "properties": {"id": 684105440, "feat_type": "way", "quality_categories": "missing_tags, older_than_five_years", "issue_ids": "[88, 1]", "osm_url": "https://www.openstreetmap.org/way/684105440", "josm_url": "http://127.0.0.1:8111/load_object?new_layer=false&objects=w684105440", "id_url": "https://www.openstreetmap.org/edit?editor=id&way=684105440#map=20/45.4374914/9.2326529"}}, {"type": "Feature", "geometry": {"type": "Point", "coordinates": [9.2264221, 45.4390695]}, "properties": {"id": 684113922, "feat_type": "way", "quality_categories": "missing_tags, older_than_five_years", "issue_ids": "[18, 1]", "osm_url": "https://www.openstreetmap.org/way/684113922", "josm_url": "http://127.0.0.1:8111/load_object?new_layer=false&objects=w684113922", "id_url": "https://www.openstreetmap.org/edit?editor=id&way=684113922#map=20/45.4390695/9.2264221"}}, {"type": "Feature", "geometry": {"type": "Point", "coordinates": [9.2318161, 45.4365533]}, "properties": {"id": 684120932, "feat_type": "way", "quality_categories": "older_than_five_years", "issue_ids": "[46]", "osm_url": "https://www.openstreetmap.org/way/684120932", "josm_url": "http://127.0.0.1:8111/load_object?new_layer=false&objects=w684120932", "id_url": "https://www.openstreetmap.org/edit?editor=id&way=684120932#map=20/45.4365533/9.2318161"}}, {"type": "Feature", "geometry": {"type": "Point", "coordinates": [9.2325747, 45.436232]}, "properties": {"id": 684120933, "feat_type": "way", "quality_categories": "older_than_five_years", "issue_ids": "[88]", "osm_url": "https://www.openstreetmap.org/way/684120933", "josm_url": "http://127.0.0.1:8111/load_object?new_layer=false&objects=w684120933", "id_url": "https://www.openstreetmap.org/edit?editor=id&way=684120933#map=20/45.436232/9.2325747"}}, {"type": "Feature", "geometry": {"type": "Point", "coordinates": [9.2326857, 45.4361721]}, "properties": {"id": 684121191, "feat_type": "way", "quality_categories": "older_than_five_years", "issue_ids": "[88]", "osm_url": "https://www.openstreetmap.org/way/684121191", "josm_url": "http://127.0.0.1:8111/load_object?new_layer=false&objects=w684121191", "id_url": "https://www.openstreetmap.org/edit?editor=id&way=684121191#map=20/45.4361721/9.2326857"}}, {"type": "Feature", "geometry": {"type": "Point", "coordinates": [9.2321682, 45.4377596]}, "properties": {"id": 684127643, "feat_type": "way", "quality_categories": "missing_tags, older_than_five_years", "issue_ids": "[18, 1]", "osm_url": "https://www.openstreetmap.org/way/684127643", "josm_url": "http://127.0.0.1:8111/load_object?new_layer=false&objects=w684127643", "id_url": "https://www.openstreetmap.org/edit?editor=id&way=684127643#map=20/45.4377596/9.2321682"}}, {"type": "Feature", "geometry": {"type": "Point", "coordinates": [9.2323586, 45.4377909]}, "properties": {"id": 684127653, "feat_type": "way", "quality_categories": "missing_tags, older_than_five_years", "issue_ids": "[46, 1]", "osm_url": "https://www.openstreetmap.org/way/684127653", "josm_url": "http://127.0.0.1:8111/load_object?new_layer=false&objects=w684127653", "id_url": "https://www.openstreetmap.org/edit?editor=id&way=684127653#map=20/45.4377909/9.2323586"}}, {"type": "Feature", "geometry": {"type": "Point", "coordinates": [9.2325637, 45.4377428]}, "properties": {"id": 684127655, "feat_type": "way", "quality_categories": "missing_tags, older_than_five_years", "issue_ids": "[46, 1]", "osm_url": "https://www.openstreetmap.org/way/684127655", "josm_url": "http://127.0.0.1:8111/load_object?new_layer=false&objects=w684127655", "id_url": "https://www.openstreetmap.org/edit?editor=id&way=684127655#map=20/45.4377428/9.2325637"}}, {"type": "Feature", "geometry": {"type": "Point", "coordinates": [9.2340344, 45.4387071]}, "properties": {"id": 684127659, "feat_type": "way", "quality_categories": "missing_tags, older_than_five_years", "issue_ids": "[19, 1]", "osm_url": "https://www.openstreetmap.org/way/684127659", "josm_url": "http://127.0.0.1:8111/load_object?new_layer=false&objects=w684127659", "id_url": "https://www.openstreetmap.org/edit?editor=id&way=684127659#map=20/45.4387071/9.2340344"}}, {"type": "Feature", "geometry": {"type": "Point", "coordinates": [9.2318271, 45.4365637]}, "properties": {"id": 684129844, "feat_type": "way", "quality_categories": "older_than_five_years", "issue_ids": "[88]", "osm_url": "https://www.openstreetmap.org/way/684129844", "josm_url": "http://127.0.0.1:8111/load_object?new_layer=false&objects=w684129844", "id_url": "https://www.openstreetmap.org/edit?editor=id&way=684129844#map=20/45.4365637/9.2318271"}}, {"type": "Feature", "geometry": {"type": "Point", "coordinates": [9.1954662, 45.4776941]}, "properties": {"id": 684314197, "feat_type": "way", "quality_categories": "missing_tags, older_than_five_years", "issue_ids": "[89, 1]", "osm_url": "https://www.openstreetmap.org/way/684314197", "josm_url": "http://127.0.0.1:8111/load_object?new_layer=false&objects=w684314197", "id_url": "https://www.openstreetmap.org/edit?editor=id&way=684314197#map=20/45.4776941/9.1954662"}}, {"type": "Feature", "geometry": {"type": "Point", "coordinates": [9.2255821, 45.4394895]}, "properties": {"id": 684318548, "feat_type": "way", "quality_categories": "missing_tags, older_than_five_years", "issue_ids": "[46, 1]", "osm_url": "https://www.openstreetmap.org/way/684318548", "josm_url": "http://127.0.0.1:8111/load_object?new_layer=false&objects=w684318548", "id_url": "https://www.openstreetmap.org/edit?editor=id&way=684318548#map=20/45.4394895/9.2255821"}}, {"type": "Feature", "geometry": {"type": "Point", "coordinates": [9.2264502, 45.4404925]}, "properties": {"id": 684318549, "feat_type": "way", "quality_categories": "missing_tags, older_than_five_years", "issue_ids": "[18, 1]", "osm_url": "https://www.openstreetmap.org/way/684318549", "josm_url": "http://127.0.0.1:8111/load_object?new_layer=false&objects=w684318549", "id_url": "https://www.openstreetmap.org/edit?editor=id&way=684318549#map=20/45.4404925/9.2264502"}}, {"type": "Feature", "geometry": {"type": "Point", "coordinates": [9.2259809, 45.4409235]}, "properties": {"id": 684343531, "feat_type": "way", "quality_categories": "missing_tags, older_than_five_years", "issue_ids": "[18, 1]", "osm_url": "https://www.openstreetmap.org/way/684343531", "josm_url": "http://127.0.0.1:8111/load_object?new_layer=false&objects=w684343531", "id_url": "https://www.openstreetmap.org/edit?editor=id&way=684343531#map=20/45.4409235/9.2259809"}}, {"type": "Feature", "geometry": {"type": "Point", "coordinates": [9.2247, 45.4415721]}, "properties": {"id": 684343533, "feat_type": "way", "quality_categories": "missing_tags, older_than_five_years", "issue_ids": "[54, 1]", "osm_url": "https://www.openstreetmap.org/way/684343533", "josm_url": "http://127.0.0.1:8111/load_object?new_layer=false&objects=w684343533", "id_url": "https://www.openstreetmap.org/edit?editor=id&way=684343533#map=20/45.4415721/9.2247"}}, {"type": "Feature", "geometry": {"type": "Point", "coordinates": [9.2255657, 45.4410445]}, "properties": {"id": 684343534, "feat_type": "way", "quality_categories": "missing_tags, older_than_five_years", "issue_ids": "[54, 1]", "osm_url": "https://www.openstreetmap.org/way/684343534", "josm_url": "http://127.0.0.1:8111/load_object?new_layer=false&objects=w684343534", "id_url": "https://www.openstreetmap.org/edit?editor=id&way=684343534#map=20/45.4410445/9.2255657"}}, {"type": "Feature", "geometry": {"type": "Point", "coordinates": [9.2266366, 45.4405208]}, "properties": {"id": 684345642, "feat_type": "way", "quality_categories": "missing_tags, older_than_five_years", "issue_ids": "[54, 1]", "osm_url": "https://www.openstreetmap.org/way/684345642", "josm_url": "http://127.0.0.1:8111/load_object?new_layer=false&objects=w684345642", "id_url": "https://www.openstreetmap.org/edit?editor=id&way=684345642#map=20/45.4405208/9.2266366"}}, {"type": "Feature", "geometry": {"type": "Point", "coordinates": [9.2268412, 45.4406933]}, "properties": {"id": 684345643, "feat_type": "way", "quality_categories": "missing_tags, older_than_five_years", "issue_ids": "[55, 1]", "osm_url": "https://www.openstreetmap.org/way/684345643", "josm_url": "http://127.0.0.1:8111/load_object?new_layer=false&objects=w684345643", "id_url": "https://www.openstreetmap.org/edit?editor=id&way=684345643#map=20/45.4406933/9.2268412"}}, {"type": "Feature", "geometry": {"type": "Point", "coordinates": [9.2268513, 45.4407973]}, "properties": {"id": 684346745, "feat_type": "way", "quality_categories": "missing_tags, older_than_five_years", "issue_ids": "[54, 1]", "osm_url": "https://www.openstreetmap.org/way/684346745", "josm_url": "http://127.0.0.1:8111/load_object?new_layer=false&objects=w684346745", "id_url": "https://www.openstreetmap.org/edit?editor=id&way=684346745#map=20/45.4407973/9.2268513"}}, {"type": "Feature", "geometry": {"type": "Point", "coordinates": [9.2263493, 45.4419131]}, "properties": {"id": 684351018, "feat_type": "way", "quality_categories": "missing_tags, older_than_five_years", "issue_ids": "[90, 1]", "osm_url": "https://www.openstreetmap.org/way/684351018", "josm_url": "http://127.0.0.1:8111/load_object?new_layer=false&objects=w684351018", "id_url": "https://www.openstreetmap.org/edit?editor=id&way=684351018#map=20/45.4419131/9.2263493"}}, {"type": "Feature", "geometry": {"type": "Point", "coordinates": [9.2239198, 45.4404747]}, "properties": {"id": 684361512, "feat_type": "way", "quality_categories": "missing_tags, older_than_five_years", "issue_ids": "[91, 1]", "osm_url": "https://www.openstreetmap.org/way/684361512", "josm_url": "http://127.0.0.1:8111/load_object?new_layer=false&objects=w684361512", "id_url": "https://www.openstreetmap.org/edit?editor=id&way=684361512#map=20/45.4404747/9.2239198"}}, {"type": "Feature", "geometry": {"type": "Point", "coordinates": [9.2232988, 45.4423717]}, "properties": {"id": 684584708, "feat_type": "way", "quality_categories": "missing_tags, older_than_five_years", "issue_ids": "[46, 1]", "osm_url": "https://www.openstreetmap.org/way/684584708", "josm_url": "http://127.0.0.1:8111/load_object?new_layer=false&objects=w684584708", "id_url": "https://www.openstreetmap.org/edit?editor=id&way=684584708#map=20/45.4423717/9.2232988"}}, {"type": "Feature", "geometry": {"type": "Point", "coordinates": [9.2217372, 45.4420126]}, "properties": {"id": 684586730, "feat_type": "way", "quality_categories": "missing_tags, older_than_five_years", "issue_ids": "[91, 1]", "osm_url": "https://www.openstreetmap.org/way/684586730", "josm_url": "http://127.0.0.1:8111/load_object?new_layer=false&objects=w684586730", "id_url": "https://www.openstreetmap.org/edit?editor=id&way=684586730#map=20/45.4420126/9.2217372"}}, {"type": "Feature", "geometry": {"type": "Point", "coordinates": [9.2225779, 45.4428328]}, "properties": {"id": 684586731, "feat_type": "way", "quality_categories": "missing_tags, older_than_five_years", "issue_ids": "[46, 1]", "osm_url": "https://www.openstreetmap.org/way/684586731", "josm_url": "http://127.0.0.1:8111/load_object?new_layer=false&objects=w684586731", "id_url": "https://www.openstreetmap.org/edit?editor=id&way=684586731#map=20/45.4428328/9.2225779"}}, {"type": "Feature", "geometry": {"type": "Point", "coordinates": [9.2217466, 45.4429186]}, "properties": {"id": 684588469, "feat_type": "way", "quality_categories": "missing_tags, older_than_five_years", "issue_ids": "[91, 1]", "osm_url": "https://www.openstreetmap.org/way/684588469", "josm_url": "http://127.0.0.1:8111/load_object?new_layer=false&objects=w684588469", "id_url": "https://www.openstreetmap.org/edit?editor=id&way=684588469#map=20/45.4429186/9.2217466"}}, {"type": "Feature", "geometry": {"type": "Point", "coordinates": [9.2219509, 45.4432245]}, "properties": {"id": 684588470, "feat_type": "way", "quality_categories": "missing_tags, older_than_five_years", "issue_ids": "[46, 1]", "osm_url": "https://www.openstreetmap.org/way/684588470", "josm_url": "http://127.0.0.1:8111/load_object?new_layer=false&objects=w684588470", "id_url": "https://www.openstreetmap.org/edit?editor=id&way=684588470#map=20/45.4432245/9.2219509"}}, {"type": "Feature", "geometry": {"type": "Point", "coordinates": [9.1800989, 45.4529531]}, "properties": {"id": 684741686, "feat_type": "way", "quality_categories": "missing_tags, older_than_five_years", "issue_ids": "[14, 1]", "osm_url": "https://www.openstreetmap.org/way/684741686", "josm_url": "http://127.0.0.1:8111/load_object?new_layer=false&objects=w684741686", "id_url": "https://www.openstreetmap.org/edit?editor=id&way=684741686#map=20/45.4529531/9.1800989"}}, {"type": "Feature", "geometry": {"type": "Point", "coordinates": [9.1825017, 45.4798622]}, "properties": {"id": 685372792, "feat_type": "way", "quality_categories": "missing_tags, older_than_five_years", "issue_ids": "[92, 1]", "osm_url": "https://www.openstreetmap.org/way/685372792", "josm_url": "http://127.0.0.1:8111/load_object?new_layer=false&objects=w685372792", "id_url": "https://www.openstreetmap.org/edit?editor=id&way=685372792#map=20/45.4798622/9.1825017"}}, {"type": "Feature", "geometry": {"type": "Point", "coordinates": [9.182485, 45.4809895]}, "properties": {"id": 685375355, "feat_type": "way", "quality_categories": "missing_tags, older_than_five_years", "issue_ids": "[93, 1]", "osm_url": "https://www.openstreetmap.org/way/685375355", "josm_url": "http://127.0.0.1:8111/load_object?new_layer=false&objects=w685375355", "id_url": "https://www.openstreetmap.org/edit?editor=id&way=685375355#map=20/45.4809895/9.182485"}}, {"type": "Feature", "geometry": {"type": "Point", "coordinates": [9.1824915, 45.4813986]}, "properties": {"id": 685386579, "feat_type": "way", "quality_categories": "older_than_five_years", "issue_ids": "[94]", "osm_url": "https://www.openstreetmap.org/way/685386579", "josm_url": "http://127.0.0.1:8111/load_object?new_layer=false&objects=w685386579", "id_url": "https://www.openstreetmap.org/edit?editor=id&way=685386579#map=20/45.4813986/9.1824915"}}, {"type": "Feature", "geometry": {"type": "Point", "coordinates": [9.1829086, 45.4798552]}, "properties": {"id": 685406396, "feat_type": "way", "quality_categories": "missing_tags, older_than_five_years", "issue_ids": "[93, 1]", "osm_url": "https://www.openstreetmap.org/way/685406396", "josm_url": "http://127.0.0.1:8111/load_object?new_layer=false&objects=w685406396", "id_url": "https://www.openstreetmap.org/edit?editor=id&way=685406396#map=20/45.4798552/9.1829086"}}, {"type": "Feature", "geometry": {"type": "Point", "coordinates": [9.1874151, 45.4786809]}, "properties": {"id": 685580219, "feat_type": "way", "quality_categories": "older_than_five_years", "issue_ids": "[34]", "osm_url": "https://www.openstreetmap.org/way/685580219", "josm_url": "http://127.0.0.1:8111/load_object?new_layer=false&objects=w685580219", "id_url": "https://www.openstreetmap.org/edit?editor=id&way=685580219#map=20/45.4786809/9.1874151"}}, {"type": "Feature", "geometry": {"type": "Point", "coordinates": [9.1852473, 45.4808484]}, "properties": {"id": 685580222, "feat_type": "way", "quality_categories": "missing_tags, older_than_five_years", "issue_ids": "[95, 1]", "osm_url": "https://www.openstreetmap.org/way/685580222", "josm_url": "http://127.0.0.1:8111/load_object?new_layer=false&objects=w685580222", "id_url": "https://www.openstreetmap.org/edit?editor=id&way=685580222#map=20/45.4808484/9.1852473"}}, {"type": "Feature", "geometry": {"type": "Point", "coordinates": [9.1881641, 45.4783042]}, "properties": {"id": 685586693, "feat_type": "way", "quality_categories": "older_than_five_years", "issue_ids": "[34]", "osm_url": "https://www.openstreetmap.org/way/685586693", "josm_url": "http://127.0.0.1:8111/load_object?new_layer=false&objects=w685586693", "id_url": "https://www.openstreetmap.org/edit?editor=id&way=685586693#map=20/45.4783042/9.1881641"}}, {"type": "Feature", "geometry": {"type": "Point", "coordinates": [9.1843448, 45.4806735]}, "properties": {"id": 685588011, "feat_type": "way", "quality_categories": "missing_tags, older_than_five_years", "issue_ids": "[96, 1]", "osm_url": "https://www.openstreetmap.org/way/685588011", "josm_url": "http://127.0.0.1:8111/load_object?new_layer=false&objects=w685588011", "id_url": "https://www.openstreetmap.org/edit?editor=id&way=685588011#map=20/45.4806735/9.1843448"}}, {"type": "Feature", "geometry": {"type": "Point", "coordinates": [9.190573, 45.4790101]}, "properties": {"id": 685600447, "feat_type": "way", "quality_categories": "missing_tags, older_than_five_years", "issue_ids": "[97, 1]", "osm_url": "https://www.openstreetmap.org/way/685600447", "josm_url": "http://127.0.0.1:8111/load_object?new_layer=false&objects=w685600447", "id_url": "https://www.openstreetmap.org/edit?editor=id&way=685600447#map=20/45.4790101/9.190573"}}, {"type": "Feature", "geometry": {"type": "Point", "coordinates": [9.1939627, 45.4776849]}, "properties": {"id": 685609560, "feat_type": "way", "quality_categories": "missing_tags, older_than_five_years", "issue_ids": "[98, 1]", "osm_url": "https://www.openstreetmap.org/way/685609560", "josm_url": "http://127.0.0.1:8111/load_object?new_layer=false&objects=w685609560", "id_url": "https://www.openstreetmap.org/edit?editor=id&way=685609560#map=20/45.4776849/9.1939627"}}, {"type": "Feature", "geometry": {"type": "Point", "coordinates": [9.1814903, 45.4601665]}, "properties": {"id": 686604113, "feat_type": "way", "quality_categories": "missing_tags, older_than_five_years", "issue_ids": "[10, 1]", "osm_url": "https://www.openstreetmap.org/way/686604113", "josm_url": "http://127.0.0.1:8111/load_object?new_layer=false&objects=w686604113", "id_url": "https://www.openstreetmap.org/edit?editor=id&way=686604113#map=20/45.4601665/9.1814903"}}, {"type": "Feature", "geometry": {"type": "Point", "coordinates": [9.1814035, 45.4585452]}, "properties": {"id": 686611086, "feat_type": "way", "quality_categories": "missing_tags, older_than_five_years", "issue_ids": "[10, 1]", "osm_url": "https://www.openstreetmap.org/way/686611086", "josm_url": "http://127.0.0.1:8111/load_object?new_layer=false&objects=w686611086", "id_url": "https://www.openstreetmap.org/edit?editor=id&way=686611086#map=20/45.4585452/9.1814035"}}, {"type": "Feature", "geometry": {"type": "Point", "coordinates": [9.1688536, 45.4638913]}, "properties": {"id": 686613292, "feat_type": "way", "quality_categories": "missing_tags, older_than_five_years", "issue_ids": "[10, 1]", "osm_url": "https://www.openstreetmap.org/way/686613292", "josm_url": "http://127.0.0.1:8111/load_object?new_layer=false&objects=w686613292", "id_url": "https://www.openstreetmap.org/edit?editor=id&way=686613292#map=20/45.4638913/9.1688536"}}, {"type": "Feature", "geometry": {"type": "Point", "coordinates": [9.1808508, 45.4574916]}, "properties": {"id": 686615756, "feat_type": "way", "quality_categories": "missing_tags, older_than_five_years", "issue_ids": "[10, 1]", "osm_url": "https://www.openstreetmap.org/way/686615756", "josm_url": "http://127.0.0.1:8111/load_object?new_layer=false&objects=w686615756", "id_url": "https://www.openstreetmap.org/edit?editor=id&way=686615756#map=20/45.4574916/9.1808508"}}, {"type": "Feature", "geometry": {"type": "Point", "coordinates": [9.1770646, 45.4573274]}, "properties": {"id": 686814171, "feat_type": "way", "quality_categories": "missing_tags, older_than_five_years", "issue_ids": "[99, 1]", "osm_url": "https://www.openstreetmap.org/way/686814171", "josm_url": "http://127.0.0.1:8111/load_object?new_layer=false&objects=w686814171", "id_url": "https://www.openstreetmap.org/edit?editor=id&way=686814171#map=20/45.4573274/9.1770646"}}, {"type": "Feature", "geometry": {"type": "Point", "coordinates": [9.1811927, 45.4686674]}, "properties": {"id": 686849868, "feat_type": "way", "quality_categories": "older_than_five_years", "issue_ids": "[100]", "osm_url": "https://www.openstreetmap.org/way/686849868", "josm_url": "http://127.0.0.1:8111/load_object?new_layer=false&objects=w686849868", "id_url": "https://www.openstreetmap.org/edit?editor=id&way=686849868#map=20/45.4686674/9.1811927"}}, {"type": "Feature", "geometry": {"type": "Point", "coordinates": [9.1707525, 45.4630278]}, "properties": {"id": 686890131, "feat_type": "way", "quality_categories": "missing_tags, older_than_five_years", "issue_ids": "[22, 1]", "osm_url": "https://www.openstreetmap.org/way/686890131", "josm_url": "http://127.0.0.1:8111/load_object?new_layer=false&objects=w686890131", "id_url": "https://www.openstreetmap.org/edit?editor=id&way=686890131#map=20/45.4630278/9.1707525"}}, {"type": "Feature", "geometry": {"type": "Point", "coordinates": [9.1702793, 45.4628236]}, "properties": {"id": 686890132, "feat_type": "way", "quality_categories": "missing_tags, older_than_five_years", "issue_ids": "[22, 1]", "osm_url": "https://www.openstreetmap.org/way/686890132", "josm_url": "http://127.0.0.1:8111/load_object?new_layer=false&objects=w686890132", "id_url": "https://www.openstreetmap.org/edit?editor=id&way=686890132#map=20/45.4628236/9.1702793"}}, {"type": "Feature", "geometry": {"type": "Point", "coordinates": [9.1704474, 45.4627464]}, "properties": {"id": 686890133, "feat_type": "way", "quality_categories": "missing_tags, older_than_five_years", "issue_ids": "[22, 1]", "osm_url": "https://www.openstreetmap.org/way/686890133", "josm_url": "http://127.0.0.1:8111/load_object?new_layer=false&objects=w686890133", "id_url": "https://www.openstreetmap.org/edit?editor=id&way=686890133#map=20/45.4627464/9.1704474"}}, {"type": "Feature", "geometry": {"type": "Point", "coordinates": [9.1703643, 45.4628882]}, "properties": {"id": 686890134, "feat_type": "way", "quality_categories": "missing_tags, older_than_five_years", "issue_ids": "[22, 1]", "osm_url": "https://www.openstreetmap.org/way/686890134", "josm_url": "http://127.0.0.1:8111/load_object?new_layer=false&objects=w686890134", "id_url": "https://www.openstreetmap.org/edit?editor=id&way=686890134#map=20/45.4628882/9.1703643"}}, {"type": "Feature", "geometry": {"type": "Point", "coordinates": [9.1702793, 45.4628236]}, "properties": {"id": 686890136, "feat_type": "way", "quality_categories": "missing_tags, older_than_five_years", "issue_ids": "[22, 1]", "osm_url": "https://www.openstreetmap.org/way/686890136", "josm_url": "http://127.0.0.1:8111/load_object?new_layer=false&objects=w686890136", "id_url": "https://www.openstreetmap.org/edit?editor=id&way=686890136#map=20/45.4628236/9.1702793"}}, {"type": "Feature", "geometry": {"type": "Point", "coordinates": [9.1702653, 45.4629768]}, "properties": {"id": 686890137, "feat_type": "way", "quality_categories": "missing_tags, older_than_five_years", "issue_ids": "[22, 1]", "osm_url": "https://www.openstreetmap.org/way/686890137", "josm_url": "http://127.0.0.1:8111/load_object?new_layer=false&objects=w686890137", "id_url": "https://www.openstreetmap.org/edit?editor=id&way=686890137#map=20/45.4629768/9.1702653"}}, {"type": "Feature", "geometry": {"type": "Point", "coordinates": [9.170612, 45.4630968]}, "properties": {"id": 686890138, "feat_type": "way", "quality_categories": "missing_tags, older_than_five_years", "issue_ids": "[22, 1]", "osm_url": "https://www.openstreetmap.org/way/686890138", "josm_url": "http://127.0.0.1:8111/load_object?new_layer=false&objects=w686890138", "id_url": "https://www.openstreetmap.org/edit?editor=id&way=686890138#map=20/45.4630968/9.170612"}}, {"type": "Feature", "geometry": {"type": "Point", "coordinates": [9.1706267, 45.4629038]}, "properties": {"id": 686890140, "feat_type": "way", "quality_categories": "missing_tags, older_than_five_years", "issue_ids": "[22, 1]", "osm_url": "https://www.openstreetmap.org/way/686890140", "josm_url": "http://127.0.0.1:8111/load_object?new_layer=false&objects=w686890140", "id_url": "https://www.openstreetmap.org/edit?editor=id&way=686890140#map=20/45.4629038/9.1706267"}}, {"type": "Feature", "geometry": {"type": "Point", "coordinates": [9.1706267, 45.4629038]}, "properties": {"id": 686890141, "feat_type": "way", "quality_categories": "missing_tags, older_than_five_years", "issue_ids": "[22, 1]", "osm_url": "https://www.openstreetmap.org/way/686890141", "josm_url": "http://127.0.0.1:8111/load_object?new_layer=false&objects=w686890141", "id_url": "https://www.openstreetmap.org/edit?editor=id&way=686890141#map=20/45.4629038/9.1706267"}}, {"type": "Feature", "geometry": {"type": "Point", "coordinates": [9.1702588, 45.4629804]}, "properties": {"id": 686890142, "feat_type": "way", "quality_categories": "missing_tags, older_than_five_years", "issue_ids": "[22, 1]", "osm_url": "https://www.openstreetmap.org/way/686890142", "josm_url": "http://127.0.0.1:8111/load_object?new_layer=false&objects=w686890142", "id_url": "https://www.openstreetmap.org/edit?editor=id&way=686890142#map=20/45.4629804/9.1702588"}}, {"type": "Feature", "geometry": {"type": "Point", "coordinates": [9.1641186, 45.4617485]}, "properties": {"id": 686919332, "feat_type": "way", "quality_categories": "missing_tags, older_than_five_years", "issue_ids": "[22, 1]", "osm_url": "https://www.openstreetmap.org/way/686919332", "josm_url": "http://127.0.0.1:8111/load_object?new_layer=false&objects=w686919332", "id_url": "https://www.openstreetmap.org/edit?editor=id&way=686919332#map=20/45.4617485/9.1641186"}}, {"type": "Feature", "geometry": {"type": "Point", "coordinates": [9.1639711, 45.4615554]}, "properties": {"id": 686919334, "feat_type": "way", "quality_categories": "missing_tags, older_than_five_years", "issue_ids": "[84, 1]", "osm_url": "https://www.openstreetmap.org/way/686919334", "josm_url": "http://127.0.0.1:8111/load_object?new_layer=false&objects=w686919334", "id_url": "https://www.openstreetmap.org/edit?editor=id&way=686919334#map=20/45.4615554/9.1639711"}}, {"type": "Feature", "geometry": {"type": "Point", "coordinates": [9.1645123, 45.4652871]}, "properties": {"id": 686919525, "feat_type": "way", "quality_categories": "missing_tags, older_than_five_years", "issue_ids": "[22, 1]", "osm_url": "https://www.openstreetmap.org/way/686919525", "josm_url": "http://127.0.0.1:8111/load_object?new_layer=false&objects=w686919525", "id_url": "https://www.openstreetmap.org/edit?editor=id&way=686919525#map=20/45.4652871/9.1645123"}}, {"type": "Feature", "geometry": {"type": "Point", "coordinates": [9.18849, 45.4648224]}, "properties": {"id": 687303635, "feat_type": "way", "quality_categories": "older_than_five_years", "issue_ids": "[101]", "osm_url": "https://www.openstreetmap.org/way/687303635", "josm_url": "http://127.0.0.1:8111/load_object?new_layer=false&objects=w687303635", "id_url": "https://www.openstreetmap.org/edit?editor=id&way=687303635#map=20/45.4648224/9.18849"}}, {"type": "Feature", "geometry": {"type": "Point", "coordinates": [9.1640272, 45.4608249]}, "properties": {"id": 687377673, "feat_type": "way", "quality_categories": "missing_tags, older_than_five_years", "issue_ids": "[102, 1]", "osm_url": "https://www.openstreetmap.org/way/687377673", "josm_url": "http://127.0.0.1:8111/load_object?new_layer=false&objects=w687377673", "id_url": "https://www.openstreetmap.org/edit?editor=id&way=687377673#map=20/45.4608249/9.1640272"}}, {"type": "Feature", "geometry": {"type": "Point", "coordinates": [9.1644918, 45.4610155]}, "properties": {"id": 687377674, "feat_type": "way", "quality_categories": "missing_tags, older_than_five_years", "issue_ids": "[102, 1]", "osm_url": "https://www.openstreetmap.org/way/687377674", "josm_url": "http://127.0.0.1:8111/load_object?new_layer=false&objects=w687377674", "id_url": "https://www.openstreetmap.org/edit?editor=id&way=687377674#map=20/45.4610155/9.1644918"}}, {"type": "Feature", "geometry": {"type": "Point", "coordinates": [9.1799013, 45.4724249]}, "properties": {"id": 687528450, "feat_type": "way", "quality_categories": "older_than_five_years", "issue_ids": "[103]", "osm_url": "https://www.openstreetmap.org/way/687528450", "josm_url": "http://127.0.0.1:8111/load_object?new_layer=false&objects=w687528450", "id_url": "https://www.openstreetmap.org/edit?editor=id&way=687528450#map=20/45.4724249/9.1799013"}}, {"type": "Feature", "geometry": {"type": "Point", "coordinates": [9.1683425, 45.4728968]}, "properties": {"id": 687542377, "feat_type": "way", "quality_categories": "older_than_five_years", "issue_ids": "[104]", "osm_url": "https://www.openstreetmap.org/way/687542377", "josm_url": "http://127.0.0.1:8111/load_object?new_layer=false&objects=w687542377", "id_url": "https://www.openstreetmap.org/edit?editor=id&way=687542377#map=20/45.4728968/9.1683425"}}, {"type": "Feature", "geometry": {"type": "Point", "coordinates": [9.1803505, 45.4779056]}, "properties": {"id": 687543982, "feat_type": "way", "quality_categories": "older_than_five_years", "issue_ids": "[103]", "osm_url": "https://www.openstreetmap.org/way/687543982", "josm_url": "http://127.0.0.1:8111/load_object?new_layer=false&objects=w687543982", "id_url": "https://www.openstreetmap.org/edit?editor=id&way=687543982#map=20/45.4779056/9.1803505"}}, {"type": "Feature", "geometry": {"type": "Point", "coordinates": [9.1710865, 45.4749098]}, "properties": {"id": 687551122, "feat_type": "way", "quality_categories": "missing_tags, older_than_five_years", "issue_ids": "[105, 1]", "osm_url": "https://www.openstreetmap.org/way/687551122", "josm_url": "http://127.0.0.1:8111/load_object?new_layer=false&objects=w687551122", "id_url": "https://www.openstreetmap.org/edit?editor=id&way=687551122#map=20/45.4749098/9.1710865"}}, {"type": "Feature", "geometry": {"type": "Point", "coordinates": [9.1706093, 45.4743676]}, "properties": {"id": 687582569, "feat_type": "way", "quality_categories": "missing_tags, older_than_five_years", "issue_ids": "[105, 1]", "osm_url": "https://www.openstreetmap.org/way/687582569", "josm_url": "http://127.0.0.1:8111/load_object?new_layer=false&objects=w687582569", "id_url": "https://www.openstreetmap.org/edit?editor=id&way=687582569#map=20/45.4743676/9.1706093"}}, {"type": "Feature", "geometry": {"type": "Point", "coordinates": [9.174065, 45.4778427]}, "properties": {"id": 688107426, "feat_type": "way", "quality_categories": "missing_tags, older_than_five_years", "issue_ids": "[73, 1]", "osm_url": "https://www.openstreetmap.org/way/688107426", "josm_url": "http://127.0.0.1:8111/load_object?new_layer=false&objects=w688107426", "id_url": "https://www.openstreetmap.org/edit?editor=id&way=688107426#map=20/45.4778427/9.174065"}}, {"type": "Feature", "geometry": {"type": "Point", "coordinates": [9.188227, 45.4809369]}, "properties": {"id": 688149798, "feat_type": "way", "quality_categories": "missing_tags, older_than_five_years", "issue_ids": "[106, 1]", "osm_url": "https://www.openstreetmap.org/way/688149798", "josm_url": "http://127.0.0.1:8111/load_object?new_layer=false&objects=w688149798", "id_url": "https://www.openstreetmap.org/edit?editor=id&way=688149798#map=20/45.4809369/9.188227"}}, {"type": "Feature", "geometry": {"type": "Point", "coordinates": [9.188194, 45.4809106]}, "properties": {"id": 688328754, "feat_type": "way", "quality_categories": "missing_tags, older_than_five_years", "issue_ids": "[107, 1]", "osm_url": "https://www.openstreetmap.org/way/688328754", "josm_url": "http://127.0.0.1:8111/load_object?new_layer=false&objects=w688328754", "id_url": "https://www.openstreetmap.org/edit?editor=id&way=688328754#map=20/45.4809106/9.188194"}}, {"type": "Feature", "geometry": {"type": "Point", "coordinates": [9.1966316, 45.4788816]}, "properties": {"id": 688343349, "feat_type": "way", "quality_categories": "missing_tags, older_than_five_years", "issue_ids": "[92, 1]", "osm_url": "https://www.openstreetmap.org/way/688343349", "josm_url": "http://127.0.0.1:8111/load_object?new_layer=false&objects=w688343349", "id_url": "https://www.openstreetmap.org/edit?editor=id&way=688343349#map=20/45.4788816/9.1966316"}}, {"type": "Feature", "geometry": {"type": "Point", "coordinates": [9.1981583, 45.4696837]}, "properties": {"id": 688590349, "feat_type": "way", "quality_categories": "older_than_five_years", "issue_ids": "[108]", "osm_url": "https://www.openstreetmap.org/way/688590349", "josm_url": "http://127.0.0.1:8111/load_object?new_layer=false&objects=w688590349", "id_url": "https://www.openstreetmap.org/edit?editor=id&way=688590349#map=20/45.4696837/9.1981583"}}, {"type": "Feature", "geometry": {"type": "Point", "coordinates": [9.1824632, 45.4677043]}, "properties": {"id": 688596088, "feat_type": "way", "quality_categories": "missing_tags, older_than_five_years", "issue_ids": "[33, 1]", "osm_url": "https://www.openstreetmap.org/way/688596088", "josm_url": "http://127.0.0.1:8111/load_object?new_layer=false&objects=w688596088", "id_url": "https://www.openstreetmap.org/edit?editor=id&way=688596088#map=20/45.4677043/9.1824632"}}, {"type": "Feature", "geometry": {"type": "Point", "coordinates": [9.1994196, 45.4642018]}, "properties": {"id": 688601629, "feat_type": "way", "quality_categories": "missing_tags, older_than_five_years", "issue_ids": "[33, 1]", "osm_url": "https://www.openstreetmap.org/way/688601629", "josm_url": "http://127.0.0.1:8111/load_object?new_layer=false&objects=w688601629", "id_url": "https://www.openstreetmap.org/edit?editor=id&way=688601629#map=20/45.4642018/9.1994196"}}, {"type": "Feature", "geometry": {"type": "Point", "coordinates": [9.1842457, 45.4686424]}, "properties": {"id": 688625446, "feat_type": "way", "quality_categories": "missing_tags, older_than_five_years", "issue_ids": "[33, 1]", "osm_url": "https://www.openstreetmap.org/way/688625446", "josm_url": "http://127.0.0.1:8111/load_object?new_layer=false&objects=w688625446", "id_url": "https://www.openstreetmap.org/edit?editor=id&way=688625446#map=20/45.4686424/9.1842457"}}, {"type": "Feature", "geometry": {"type": "Point", "coordinates": [9.1841922, 45.4686399]}, "properties": {"id": 688625447, "feat_type": "way", "quality_categories": "missing_tags, older_than_five_years", "issue_ids": "[33, 1]", "osm_url": "https://www.openstreetmap.org/way/688625447", "josm_url": "http://127.0.0.1:8111/load_object?new_layer=false&objects=w688625447", "id_url": "https://www.openstreetmap.org/edit?editor=id&way=688625447#map=20/45.4686399/9.1841922"}}, {"type": "Feature", "geometry": {"type": "Point", "coordinates": [9.1720378, 45.4580747]}, "properties": {"id": 688943995, "feat_type": "way", "quality_categories": "missing_tags, older_than_five_years", "issue_ids": "[29, 1]", "osm_url": "https://www.openstreetmap.org/way/688943995", "josm_url": "http://127.0.0.1:8111/load_object?new_layer=false&objects=w688943995", "id_url": "https://www.openstreetmap.org/edit?editor=id&way=688943995#map=20/45.4580747/9.1720378"}}, {"type": "Feature", "geometry": {"type": "Point", "coordinates": [9.1712957, 45.4593683]}, "properties": {"id": 688944028, "feat_type": "way", "quality_categories": "missing_tags, older_than_five_years", "issue_ids": "[109, 1]", "osm_url": "https://www.openstreetmap.org/way/688944028", "josm_url": "http://127.0.0.1:8111/load_object?new_layer=false&objects=w688944028", "id_url": "https://www.openstreetmap.org/edit?editor=id&way=688944028#map=20/45.4593683/9.1712957"}}, {"type": "Feature", "geometry": {"type": "Point", "coordinates": [9.1720368, 45.4604826]}, "properties": {"id": 688944030, "feat_type": "way", "quality_categories": "missing_tags, older_than_five_years", "issue_ids": "[109, 1]", "osm_url": "https://www.openstreetmap.org/way/688944030", "josm_url": "http://127.0.0.1:8111/load_object?new_layer=false&objects=w688944030", "id_url": "https://www.openstreetmap.org/edit?editor=id&way=688944030#map=20/45.4604826/9.1720368"}}, {"type": "Feature", "geometry": {"type": "Point", "coordinates": [9.1723341, 45.4594989]}, "properties": {"id": 688944031, "feat_type": "way", "quality_categories": "missing_tags, older_than_five_years", "issue_ids": "[109, 1]", "osm_url": "https://www.openstreetmap.org/way/688944031", "josm_url": "http://127.0.0.1:8111/load_object?new_layer=false&objects=w688944031", "id_url": "https://www.openstreetmap.org/edit?editor=id&way=688944031#map=20/45.4594989/9.1723341"}}, {"type": "Feature", "geometry": {"type": "Point", "coordinates": [9.1720896, 45.4605322]}, "properties": {"id": 688944032, "feat_type": "way", "quality_categories": "missing_tags, older_than_five_years", "issue_ids": "[109, 1]", "osm_url": "https://www.openstreetmap.org/way/688944032", "josm_url": "http://127.0.0.1:8111/load_object?new_layer=false&objects=w688944032", "id_url": "https://www.openstreetmap.org/edit?editor=id&way=688944032#map=20/45.4605322/9.1720896"}}, {"type": "Feature", "geometry": {"type": "Point", "coordinates": [9.1702128, 45.4597641]}, "properties": {"id": 688944033, "feat_type": "way", "quality_categories": "missing_tags, older_than_five_years", "issue_ids": "[109, 1]", "osm_url": "https://www.openstreetmap.org/way/688944033", "josm_url": "http://127.0.0.1:8111/load_object?new_layer=false&objects=w688944033", "id_url": "https://www.openstreetmap.org/edit?editor=id&way=688944033#map=20/45.4597641/9.1702128"}}, {"type": "Feature", "geometry": {"type": "Point", "coordinates": [9.1696216, 45.4597164]}, "properties": {"id": 688944034, "feat_type": "way", "quality_categories": "older_than_five_years", "issue_ids": "[6]", "osm_url": "https://www.openstreetmap.org/way/688944034", "josm_url": "http://127.0.0.1:8111/load_object?new_layer=false&objects=w688944034", "id_url": "https://www.openstreetmap.org/edit?editor=id&way=688944034#map=20/45.4597164/9.1696216"}}, {"type": "Feature", "geometry": {"type": "Point", "coordinates": [9.1816999, 45.479961]}, "properties": {"id": 690149868, "feat_type": "way", "quality_categories": "missing_tags, older_than_five_years", "issue_ids": "[92, 1]", "osm_url": "https://www.openstreetmap.org/way/690149868", "josm_url": "http://127.0.0.1:8111/load_object?new_layer=false&objects=w690149868", "id_url": "https://www.openstreetmap.org/edit?editor=id&way=690149868#map=20/45.479961/9.1816999"}}, {"type": "Feature", "geometry": {"type": "Point", "coordinates": [9.1883657, 45.4809243]}, "properties": {"id": 690154675, "feat_type": "way", "quality_categories": "missing_tags, older_than_five_years", "issue_ids": "[106, 1]", "osm_url": "https://www.openstreetmap.org/way/690154675", "josm_url": "http://127.0.0.1:8111/load_object?new_layer=false&objects=w690154675", "id_url": "https://www.openstreetmap.org/edit?editor=id&way=690154675#map=20/45.4809243/9.1883657"}}, {"type": "Feature", "geometry": {"type": "Point", "coordinates": [9.1878818, 45.4809375]}, "properties": {"id": 690154680, "feat_type": "way", "quality_categories": "missing_tags, older_than_five_years", "issue_ids": "[106, 1]", "osm_url": "https://www.openstreetmap.org/way/690154680", "josm_url": "http://127.0.0.1:8111/load_object?new_layer=false&objects=w690154680", "id_url": "https://www.openstreetmap.org/edit?editor=id&way=690154680#map=20/45.4809375/9.1878818"}}, {"type": "Feature", "geometry": {"type": "Point", "coordinates": [9.1876651, 45.476664]}, "properties": {"id": 691188123, "feat_type": "way", "quality_categories": "older_than_five_years", "issue_ids": "[110]", "osm_url": "https://www.openstreetmap.org/way/691188123", "josm_url": "http://127.0.0.1:8111/load_object?new_layer=false&objects=w691188123", "id_url": "https://www.openstreetmap.org/edit?editor=id&way=691188123#map=20/45.476664/9.1876651"}}, {"type": "Feature", "geometry": {"type": "Point", "coordinates": [9.1877126, 45.4739694]}, "properties": {"id": 691195464, "feat_type": "way", "quality_categories": "missing_tags, older_than_five_years", "issue_ids": "[111, 1]", "osm_url": "https://www.openstreetmap.org/way/691195464", "josm_url": "http://127.0.0.1:8111/load_object?new_layer=false&objects=w691195464", "id_url": "https://www.openstreetmap.org/edit?editor=id&way=691195464#map=20/45.4739694/9.1877126"}}, {"type": "Feature", "geometry": {"type": "Point", "coordinates": [9.1882478, 45.4743098]}, "properties": {"id": 691197645, "feat_type": "way", "quality_categories": "missing_tags, older_than_five_years", "issue_ids": "[111, 1]", "osm_url": "https://www.openstreetmap.org/way/691197645", "josm_url": "http://127.0.0.1:8111/load_object?new_layer=false&objects=w691197645", "id_url": "https://www.openstreetmap.org/edit?editor=id&way=691197645#map=20/45.4743098/9.1882478"}}, {"type": "Feature", "geometry": {"type": "Point", "coordinates": [9.1882602, 45.4743651]}, "properties": {"id": 691197647, "feat_type": "way", "quality_categories": "missing_tags, older_than_five_years", "issue_ids": "[111, 1]", "osm_url": "https://www.openstreetmap.org/way/691197647", "josm_url": "http://127.0.0.1:8111/load_object?new_layer=false&objects=w691197647", "id_url": "https://www.openstreetmap.org/edit?editor=id&way=691197647#map=20/45.4743651/9.1882602"}}, {"type": "Feature", "geometry": {"type": "Point", "coordinates": [9.2065991, 45.474068]}, "properties": {"id": 691612046, "feat_type": "way", "quality_categories": "missing_tags, older_than_five_years", "issue_ids": "[112, 1]", "osm_url": "https://www.openstreetmap.org/way/691612046", "josm_url": "http://127.0.0.1:8111/load_object?new_layer=false&objects=w691612046", "id_url": "https://www.openstreetmap.org/edit?editor=id&way=691612046#map=20/45.474068/9.2065991"}}, {"type": "Feature", "geometry": {"type": "Point", "coordinates": [9.1825066, 45.4786188]}, "properties": {"id": 691915756, "feat_type": "way", "quality_categories": "missing_tags, older_than_five_years", "issue_ids": "[95, 1]", "osm_url": "https://www.openstreetmap.org/way/691915756", "josm_url": "http://127.0.0.1:8111/load_object?new_layer=false&objects=w691915756", "id_url": "https://www.openstreetmap.org/edit?editor=id&way=691915756#map=20/45.4786188/9.1825066"}}, {"type": "Feature", "geometry": {"type": "Point", "coordinates": [9.1809073, 45.4782758]}, "properties": {"id": 692171059, "feat_type": "way", "quality_categories": "older_than_five_years", "issue_ids": "[103]", "osm_url": "https://www.openstreetmap.org/way/692171059", "josm_url": "http://127.0.0.1:8111/load_object?new_layer=false&objects=w692171059", "id_url": "https://www.openstreetmap.org/edit?editor=id&way=692171059#map=20/45.4782758/9.1809073"}}, {"type": "Feature", "geometry": {"type": "Point", "coordinates": [9.1808029, 45.4782813]}, "properties": {"id": 692171060, "feat_type": "way", "quality_categories": "older_than_five_years", "issue_ids": "[103]", "osm_url": "https://www.openstreetmap.org/way/692171060", "josm_url": "http://127.0.0.1:8111/load_object?new_layer=false&objects=w692171060", "id_url": "https://www.openstreetmap.org/edit?editor=id&way=692171060#map=20/45.4782813/9.1808029"}}, {"type": "Feature", "geometry": {"type": "Point", "coordinates": [9.1812637, 45.4783299]}, "properties": {"id": 692171360, "feat_type": "way", "quality_categories": "older_than_five_years", "issue_ids": "[103]", "osm_url": "https://www.openstreetmap.org/way/692171360", "josm_url": "http://127.0.0.1:8111/load_object?new_layer=false&objects=w692171360", "id_url": "https://www.openstreetmap.org/edit?editor=id&way=692171360#map=20/45.4783299/9.1812637"}}, {"type": "Feature", "geometry": {"type": "Point", "coordinates": [9.1871649, 45.4810708]}, "properties": {"id": 692179394, "feat_type": "way", "quality_categories": "older_than_five_years", "issue_ids": "[113]", "osm_url": "https://www.openstreetmap.org/way/692179394", "josm_url": "http://127.0.0.1:8111/load_object?new_layer=false&objects=w692179394", "id_url": "https://www.openstreetmap.org/edit?editor=id&way=692179394#map=20/45.4810708/9.1871649"}}, {"type": "Feature", "geometry": {"type": "Point", "coordinates": [9.1869401, 45.4810979]}, "properties": {"id": 692179395, "feat_type": "way", "quality_categories": "older_than_five_years", "issue_ids": "[113]", "osm_url": "https://www.openstreetmap.org/way/692179395", "josm_url": "http://127.0.0.1:8111/load_object?new_layer=false&objects=w692179395", "id_url": "https://www.openstreetmap.org/edit?editor=id&way=692179395#map=20/45.4810979/9.1869401"}}, {"type": "Feature", "geometry": {"type": "Point", "coordinates": [9.1862136, 45.4810017]}, "properties": {"id": 692183307, "feat_type": "way", "quality_categories": "missing_tags, older_than_five_years", "issue_ids": "[92, 1]", "osm_url": "https://www.openstreetmap.org/way/692183307", "josm_url": "http://127.0.0.1:8111/load_object?new_layer=false&objects=w692183307", "id_url": "https://www.openstreetmap.org/edit?editor=id&way=692183307#map=20/45.4810017/9.1862136"}}, {"type": "Feature", "geometry": {"type": "Point", "coordinates": [9.1980806, 45.4668487]}, "properties": {"id": 692954259, "feat_type": "way", "quality_categories": "missing_tags, older_than_five_years", "issue_ids": "[114, 1]", "osm_url": "https://www.openstreetmap.org/way/692954259", "josm_url": "http://127.0.0.1:8111/load_object?new_layer=false&objects=w692954259", "id_url": "https://www.openstreetmap.org/edit?editor=id&way=692954259#map=20/45.4668487/9.1980806"}}, {"type": "Feature", "geometry": {"type": "Point", "coordinates": [9.1965835, 45.4669558]}, "properties": {"id": 692974184, "feat_type": "way", "quality_categories": "missing_tags, older_than_five_years", "issue_ids": "[115, 1]", "osm_url": "https://www.openstreetmap.org/way/692974184", "josm_url": "http://127.0.0.1:8111/load_object?new_layer=false&objects=w692974184", "id_url": "https://www.openstreetmap.org/edit?editor=id&way=692974184#map=20/45.4669558/9.1965835"}}, {"type": "Feature", "geometry": {"type": "Point", "coordinates": [9.1965641, 45.4669699]}, "properties": {"id": 692974188, "feat_type": "way", "quality_categories": "missing_tags, older_than_five_years", "issue_ids": "[115, 1]", "osm_url": "https://www.openstreetmap.org/way/692974188", "josm_url": "http://127.0.0.1:8111/load_object?new_layer=false&objects=w692974188", "id_url": "https://www.openstreetmap.org/edit?editor=id&way=692974188#map=20/45.4669699/9.1965641"}}, {"type": "Feature", "geometry": {"type": "Point", "coordinates": [9.1745942, 45.4600134]}, "properties": {"id": 693479253, "feat_type": "way", "quality_categories": "missing_tags, older_than_five_years", "issue_ids": "[29, 1]", "osm_url": "https://www.openstreetmap.org/way/693479253", "josm_url": "http://127.0.0.1:8111/load_object?new_layer=false&objects=w693479253", "id_url": "https://www.openstreetmap.org/edit?editor=id&way=693479253#map=20/45.4600134/9.1745942"}}, {"type": "Feature", "geometry": {"type": "Point", "coordinates": [9.1630679, 45.4615813]}, "properties": {"id": 693489165, "feat_type": "way", "quality_categories": "missing_tags, older_than_five_years", "issue_ids": "[116, 1]", "osm_url": "https://www.openstreetmap.org/way/693489165", "josm_url": "http://127.0.0.1:8111/load_object?new_layer=false&objects=w693489165", "id_url": "https://www.openstreetmap.org/edit?editor=id&way=693489165#map=20/45.4615813/9.1630679"}}, {"type": "Feature", "geometry": {"type": "Point", "coordinates": [9.1673859, 45.4583608]}, "properties": {"id": 693495269, "feat_type": "way", "quality_categories": "missing_tags, older_than_five_years", "issue_ids": "[116, 1]", "osm_url": "https://www.openstreetmap.org/way/693495269", "josm_url": "http://127.0.0.1:8111/load_object?new_layer=false&objects=w693495269", "id_url": "https://www.openstreetmap.org/edit?editor=id&way=693495269#map=20/45.4583608/9.1673859"}}, {"type": "Feature", "geometry": {"type": "Point", "coordinates": [9.1523503, 45.4819967]}, "properties": {"id": 694140692, "feat_type": "way", "quality_categories": "older_than_five_years", "issue_ids": "[117]", "osm_url": "https://www.openstreetmap.org/way/694140692", "josm_url": "http://127.0.0.1:8111/load_object?new_layer=false&objects=w694140692", "id_url": "https://www.openstreetmap.org/edit?editor=id&way=694140692#map=20/45.4819967/9.1523503"}}, {"type": "Feature", "geometry": {"type": "Point", "coordinates": [9.1564964, 45.4837509]}, "properties": {"id": 694595273, "feat_type": "way", "quality_categories": "older_than_five_years", "issue_ids": "[118]", "osm_url": "https://www.openstreetmap.org/way/694595273", "josm_url": "http://127.0.0.1:8111/load_object?new_layer=false&objects=w694595273", "id_url": "https://www.openstreetmap.org/edit?editor=id&way=694595273#map=20/45.4837509/9.1564964"}}, {"type": "Feature", "geometry": {"type": "Point", "coordinates": [9.1571363, 45.4834272]}, "properties": {"id": 694595274, "feat_type": "way", "quality_categories": "older_than_five_years", "issue_ids": "[57]", "osm_url": "https://www.openstreetmap.org/way/694595274", "josm_url": "http://127.0.0.1:8111/load_object?new_layer=false&objects=w694595274", "id_url": "https://www.openstreetmap.org/edit?editor=id&way=694595274#map=20/45.4834272/9.1571363"}}, {"type": "Feature", "geometry": {"type": "Point", "coordinates": [9.1851673, 45.452012]}, "properties": {"id": 696356943, "feat_type": "way", "quality_categories": "missing_tags, older_than_five_years", "issue_ids": "[99, 1]", "osm_url": "https://www.openstreetmap.org/way/696356943", "josm_url": "http://127.0.0.1:8111/load_object?new_layer=false&objects=w696356943", "id_url": "https://www.openstreetmap.org/edit?editor=id&way=696356943#map=20/45.452012/9.1851673"}}, {"type": "Feature", "geometry": {"type": "Point", "coordinates": [9.1876184, 45.4515032]}, "properties": {"id": 696609836, "feat_type": "way", "quality_categories": "missing_tags, older_than_five_years", "issue_ids": "[119, 1]", "osm_url": "https://www.openstreetmap.org/way/696609836", "josm_url": "http://127.0.0.1:8111/load_object?new_layer=false&objects=w696609836", "id_url": "https://www.openstreetmap.org/edit?editor=id&way=696609836#map=20/45.4515032/9.1876184"}}, {"type": "Feature", "geometry": {"type": "Point", "coordinates": [9.1875344, 45.4515248]}, "properties": {"id": 696609837, "feat_type": "way", "quality_categories": "missing_tags, older_than_five_years", "issue_ids": "[119, 1]", "osm_url": "https://www.openstreetmap.org/way/696609837", "josm_url": "http://127.0.0.1:8111/load_object?new_layer=false&objects=w696609837", "id_url": "https://www.openstreetmap.org/edit?editor=id&way=696609837#map=20/45.4515248/9.1875344"}}, {"type": "Feature", "geometry": {"type": "Point", "coordinates": [9.1774114, 45.4602741]}, "properties": {"id": 696849973, "feat_type": "way", "quality_categories": "missing_tags, older_than_five_years", "issue_ids": "[99, 1]", "osm_url": "https://www.openstreetmap.org/way/696849973", "josm_url": "http://127.0.0.1:8111/load_object?new_layer=false&objects=w696849973", "id_url": "https://www.openstreetmap.org/edit?editor=id&way=696849973#map=20/45.4602741/9.1774114"}}, {"type": "Feature", "geometry": {"type": "Point", "coordinates": [9.1929536, 45.4694723]}, "properties": {"id": 697702844, "feat_type": "way", "quality_categories": "missing_tags, older_than_five_years", "issue_ids": "[60, 1]", "osm_url": "https://www.openstreetmap.org/way/697702844", "josm_url": "http://127.0.0.1:8111/load_object?new_layer=false&objects=w697702844", "id_url": "https://www.openstreetmap.org/edit?editor=id&way=697702844#map=20/45.4694723/9.1929536"}}, {"type": "Feature", "geometry": {"type": "Point", "coordinates": [9.1889043, 45.4623657]}, "properties": {"id": 697804880, "feat_type": "way", "quality_categories": "missing_tags, older_than_five_years", "issue_ids": "[12, 1]", "osm_url": "https://www.openstreetmap.org/way/697804880", "josm_url": "http://127.0.0.1:8111/load_object?new_layer=false&objects=w697804880", "id_url": "https://www.openstreetmap.org/edit?editor=id&way=697804880#map=20/45.4623657/9.1889043"}}, {"type": "Feature", "geometry": {"type": "Point", "coordinates": [9.1888924, 45.4612881]}, "properties": {"id": 697806605, "feat_type": "way", "quality_categories": "missing_tags, older_than_five_years", "issue_ids": "[12, 1]", "osm_url": "https://www.openstreetmap.org/way/697806605", "josm_url": "http://127.0.0.1:8111/load_object?new_layer=false&objects=w697806605", "id_url": "https://www.openstreetmap.org/edit?editor=id&way=697806605#map=20/45.4612881/9.1888924"}}, {"type": "Feature", "geometry": {"type": "Point", "coordinates": [9.1817035, 45.4776401]}, "properties": {"id": 697982681, "feat_type": "way", "quality_categories": "missing_tags, older_than_five_years", "issue_ids": "[120, 1]", "osm_url": "https://www.openstreetmap.org/way/697982681", "josm_url": "http://127.0.0.1:8111/load_object?new_layer=false&objects=w697982681", "id_url": "https://www.openstreetmap.org/edit?editor=id&way=697982681#map=20/45.4776401/9.1817035"}}, {"type": "Feature", "geometry": {"type": "Point", "coordinates": [9.1922951, 45.4818143]}, "properties": {"id": 698016256, "feat_type": "way", "quality_categories": "missing_tags, older_than_five_years", "issue_ids": "[120, 1]", "osm_url": "https://www.openstreetmap.org/way/698016256", "josm_url": "http://127.0.0.1:8111/load_object?new_layer=false&objects=w698016256", "id_url": "https://www.openstreetmap.org/edit?editor=id&way=698016256#map=20/45.4818143/9.1922951"}}, {"type": "Feature", "geometry": {"type": "Point", "coordinates": [9.169776, 45.4778074]}, "properties": {"id": 698851335, "feat_type": "way", "quality_categories": "missing_tags, older_than_five_years", "issue_ids": "[121, 1]", "osm_url": "https://www.openstreetmap.org/way/698851335", "josm_url": "http://127.0.0.1:8111/load_object?new_layer=false&objects=w698851335", "id_url": "https://www.openstreetmap.org/edit?editor=id&way=698851335#map=20/45.4778074/9.169776"}}, {"type": "Feature", "geometry": {"type": "Point", "coordinates": [9.1694746, 45.4759852]}, "properties": {"id": 698866875, "feat_type": "way", "quality_categories": "missing_tags, older_than_five_years", "issue_ids": "[122, 1]", "osm_url": "https://www.openstreetmap.org/way/698866875", "josm_url": "http://127.0.0.1:8111/load_object?new_layer=false&objects=w698866875", "id_url": "https://www.openstreetmap.org/edit?editor=id&way=698866875#map=20/45.4759852/9.1694746"}}, {"type": "Feature", "geometry": {"type": "Point", "coordinates": [9.1727345, 45.4778128]}, "properties": {"id": 698869009, "feat_type": "way", "quality_categories": "missing_tags, older_than_five_years", "issue_ids": "[123, 1]", "osm_url": "https://www.openstreetmap.org/way/698869009", "josm_url": "http://127.0.0.1:8111/load_object?new_layer=false&objects=w698869009", "id_url": "https://www.openstreetmap.org/edit?editor=id&way=698869009#map=20/45.4778128/9.1727345"}}, {"type": "Feature", "geometry": {"type": "Point", "coordinates": [9.1735759, 45.4550135]}, "properties": {"id": 699683479, "feat_type": "way", "quality_categories": "missing_tags, older_than_five_years", "issue_ids": "[99, 1]", "osm_url": "https://www.openstreetmap.org/way/699683479", "josm_url": "http://127.0.0.1:8111/load_object?new_layer=false&objects=w699683479", "id_url": "https://www.openstreetmap.org/edit?editor=id&way=699683479#map=20/45.4550135/9.1735759"}}, {"type": "Feature", "geometry": {"type": "Point", "coordinates": [9.1684563, 45.4651486]}, "properties": {"id": 699685814, "feat_type": "way", "quality_categories": "missing_tags, older_than_five_years", "issue_ids": "[99, 1]", "osm_url": "https://www.openstreetmap.org/way/699685814", "josm_url": "http://127.0.0.1:8111/load_object?new_layer=false&objects=w699685814", "id_url": "https://www.openstreetmap.org/edit?editor=id&way=699685814#map=20/45.4651486/9.1684563"}}, {"type": "Feature", "geometry": {"type": "Point", "coordinates": [9.1762488, 45.45678]}, "properties": {"id": 699689574, "feat_type": "way", "quality_categories": "missing_tags, older_than_five_years", "issue_ids": "[99, 1]", "osm_url": "https://www.openstreetmap.org/way/699689574", "josm_url": "http://127.0.0.1:8111/load_object?new_layer=false&objects=w699689574", "id_url": "https://www.openstreetmap.org/edit?editor=id&way=699689574#map=20/45.45678/9.1762488"}}, {"type": "Feature", "geometry": {"type": "Point", "coordinates": [9.1742851, 45.4554782]}, "properties": {"id": 699689576, "feat_type": "way", "quality_categories": "missing_tags, older_than_five_years", "issue_ids": "[99, 1]", "osm_url": "https://www.openstreetmap.org/way/699689576", "josm_url": "http://127.0.0.1:8111/load_object?new_layer=false&objects=w699689576", "id_url": "https://www.openstreetmap.org/edit?editor=id&way=699689576#map=20/45.4554782/9.1742851"}}, {"type": "Feature", "geometry": {"type": "Point", "coordinates": [9.1745001, 45.455581]}, "properties": {"id": 699689577, "feat_type": "way", "quality_categories": "missing_tags, older_than_five_years", "issue_ids": "[99, 1]", "osm_url": "https://www.openstreetmap.org/way/699689577", "josm_url": "http://127.0.0.1:8111/load_object?new_layer=false&objects=w699689577", "id_url": "https://www.openstreetmap.org/edit?editor=id&way=699689577#map=20/45.455581/9.1745001"}}, {"type": "Feature", "geometry": {"type": "Point", "coordinates": [9.1729754, 45.4564184]}, "properties": {"id": 699689578, "feat_type": "way", "quality_categories": "missing_tags, older_than_five_years", "issue_ids": "[99, 1]", "osm_url": "https://www.openstreetmap.org/way/699689578", "josm_url": "http://127.0.0.1:8111/load_object?new_layer=false&objects=w699689578", "id_url": "https://www.openstreetmap.org/edit?editor=id&way=699689578#map=20/45.4564184/9.1729754"}}, {"type": "Feature", "geometry": {"type": "Point", "coordinates": [9.1737116, 45.4569434]}, "properties": {"id": 699689579, "feat_type": "way", "quality_categories": "missing_tags, older_than_five_years", "issue_ids": "[99, 1]", "osm_url": "https://www.openstreetmap.org/way/699689579", "josm_url": "http://127.0.0.1:8111/load_object?new_layer=false&objects=w699689579", "id_url": "https://www.openstreetmap.org/edit?editor=id&way=699689579#map=20/45.4569434/9.1737116"}}, {"type": "Feature", "geometry": {"type": "Point", "coordinates": [9.1859299, 45.4522992]}, "properties": {"id": 699689585, "feat_type": "way", "quality_categories": "missing_tags, older_than_five_years", "issue_ids": "[99, 1]", "osm_url": "https://www.openstreetmap.org/way/699689585", "josm_url": "http://127.0.0.1:8111/load_object?new_layer=false&objects=w699689585", "id_url": "https://www.openstreetmap.org/edit?editor=id&way=699689585#map=20/45.4522992/9.1859299"}}, {"type": "Feature", "geometry": {"type": "Point", "coordinates": [9.1861056, 45.4523039]}, "properties": {"id": 699689586, "feat_type": "way", "quality_categories": "missing_tags, older_than_five_years", "issue_ids": "[99, 1]", "osm_url": "https://www.openstreetmap.org/way/699689586", "josm_url": "http://127.0.0.1:8111/load_object?new_layer=false&objects=w699689586", "id_url": "https://www.openstreetmap.org/edit?editor=id&way=699689586#map=20/45.4523039/9.1861056"}}, {"type": "Feature", "geometry": {"type": "Point", "coordinates": [9.1767863, 45.4582007]}, "properties": {"id": 699689863, "feat_type": "way", "quality_categories": "missing_tags, older_than_five_years", "issue_ids": "[99, 1]", "osm_url": "https://www.openstreetmap.org/way/699689863", "josm_url": "http://127.0.0.1:8111/load_object?new_layer=false&objects=w699689863", "id_url": "https://www.openstreetmap.org/edit?editor=id&way=699689863#map=20/45.4582007/9.1767863"}}, {"type": "Feature", "geometry": {"type": "Point", "coordinates": [9.1892463, 45.4752691]}, "properties": {"id": 699693713, "feat_type": "way", "quality_categories": "missing_tags, older_than_five_years", "issue_ids": "[99, 1]", "osm_url": "https://www.openstreetmap.org/way/699693713", "josm_url": "http://127.0.0.1:8111/load_object?new_layer=false&objects=w699693713", "id_url": "https://www.openstreetmap.org/edit?editor=id&way=699693713#map=20/45.4752691/9.1892463"}}, {"type": "Feature", "geometry": {"type": "Point", "coordinates": [9.1953771, 45.477663]}, "properties": {"id": 699840483, "feat_type": "way", "quality_categories": "missing_tags, older_than_five_years", "issue_ids": "[89, 1]", "osm_url": "https://www.openstreetmap.org/way/699840483", "josm_url": "http://127.0.0.1:8111/load_object?new_layer=false&objects=w699840483", "id_url": "https://www.openstreetmap.org/edit?editor=id&way=699840483#map=20/45.477663/9.1953771"}}, {"type": "Feature", "geometry": {"type": "Point", "coordinates": [9.1930696, 45.4808937]}, "properties": {"id": 699841079, "feat_type": "way", "quality_categories": "missing_tags, older_than_five_years", "issue_ids": "[89, 1]", "osm_url": "https://www.openstreetmap.org/way/699841079", "josm_url": "http://127.0.0.1:8111/load_object?new_layer=false&objects=w699841079", "id_url": "https://www.openstreetmap.org/edit?editor=id&way=699841079#map=20/45.4808937/9.1930696"}}, {"type": "Feature", "geometry": {"type": "Point", "coordinates": [9.1939259, 45.4764302]}, "properties": {"id": 699841690, "feat_type": "way", "quality_categories": "missing_tags, older_than_five_years", "issue_ids": "[89, 1]", "osm_url": "https://www.openstreetmap.org/way/699841690", "josm_url": "http://127.0.0.1:8111/load_object?new_layer=false&objects=w699841690", "id_url": "https://www.openstreetmap.org/edit?editor=id&way=699841690#map=20/45.4764302/9.1939259"}}, {"type": "Feature", "geometry": {"type": "Point", "coordinates": [9.1922129, 45.4778316]}, "properties": {"id": 699841691, "feat_type": "way", "quality_categories": "missing_tags, older_than_five_years", "issue_ids": "[89, 1]", "osm_url": "https://www.openstreetmap.org/way/699841691", "josm_url": "http://127.0.0.1:8111/load_object?new_layer=false&objects=w699841691", "id_url": "https://www.openstreetmap.org/edit?editor=id&way=699841691#map=20/45.4778316/9.1922129"}}, {"type": "Feature", "geometry": {"type": "Point", "coordinates": [9.1895915, 45.4730695]}, "properties": {"id": 699843209, "feat_type": "way", "quality_categories": "missing_tags, older_than_five_years", "issue_ids": "[89, 1]", "osm_url": "https://www.openstreetmap.org/way/699843209", "josm_url": "http://127.0.0.1:8111/load_object?new_layer=false&objects=w699843209", "id_url": "https://www.openstreetmap.org/edit?editor=id&way=699843209#map=20/45.4730695/9.1895915"}}, {"type": "Feature", "geometry": {"type": "Point", "coordinates": [9.1841339, 45.469886]}, "properties": {"id": 699851243, "feat_type": "way", "quality_categories": "missing_tags, older_than_five_years", "issue_ids": "[89, 1]", "osm_url": "https://www.openstreetmap.org/way/699851243", "josm_url": "http://127.0.0.1:8111/load_object?new_layer=false&objects=w699851243", "id_url": "https://www.openstreetmap.org/edit?editor=id&way=699851243#map=20/45.469886/9.1841339"}}, {"type": "Feature", "geometry": {"type": "Point", "coordinates": [9.1843944, 45.470586]}, "properties": {"id": 699851245, "feat_type": "way", "quality_categories": "missing_tags, older_than_five_years", "issue_ids": "[89, 1]", "osm_url": "https://www.openstreetmap.org/way/699851245", "josm_url": "http://127.0.0.1:8111/load_object?new_layer=false&objects=w699851245", "id_url": "https://www.openstreetmap.org/edit?editor=id&way=699851245#map=20/45.470586/9.1843944"}}, {"type": "Feature", "geometry": {"type": "Point", "coordinates": [9.1902048, 45.4685981]}, "properties": {"id": 699854132, "feat_type": "way", "quality_categories": "missing_tags, older_than_five_years", "issue_ids": "[89, 1]", "osm_url": "https://www.openstreetmap.org/way/699854132", "josm_url": "http://127.0.0.1:8111/load_object?new_layer=false&objects=w699854132", "id_url": "https://www.openstreetmap.org/edit?editor=id&way=699854132#map=20/45.4685981/9.1902048"}}, {"type": "Feature", "geometry": {"type": "Point", "coordinates": [9.1966683, 45.4675933]}, "properties": {"id": 699855112, "feat_type": "way", "quality_categories": "missing_tags, older_than_five_years", "issue_ids": "[60, 1]", "osm_url": "https://www.openstreetmap.org/way/699855112", "josm_url": "http://127.0.0.1:8111/load_object?new_layer=false&objects=w699855112", "id_url": "https://www.openstreetmap.org/edit?editor=id&way=699855112#map=20/45.4675933/9.1966683"}}, {"type": "Feature", "geometry": {"type": "Point", "coordinates": [9.1971425, 45.4672016]}, "properties": {"id": 699862597, "feat_type": "way", "quality_categories": "missing_tags, older_than_five_years", "issue_ids": "[89, 1]", "osm_url": "https://www.openstreetmap.org/way/699862597", "josm_url": "http://127.0.0.1:8111/load_object?new_layer=false&objects=w699862597", "id_url": "https://www.openstreetmap.org/edit?editor=id&way=699862597#map=20/45.4672016/9.1971425"}}, {"type": "Feature", "geometry": {"type": "Point", "coordinates": [9.167682, 45.4598672]}, "properties": {"id": 699914417, "feat_type": "way", "quality_categories": "missing_tags, older_than_five_years", "issue_ids": "[6, 1]", "osm_url": "https://www.openstreetmap.org/way/699914417", "josm_url": "http://127.0.0.1:8111/load_object?new_layer=false&objects=w699914417", "id_url": "https://www.openstreetmap.org/edit?editor=id&way=699914417#map=20/45.4598672/9.167682"}}, {"type": "Feature", "geometry": {"type": "Point", "coordinates": [9.1808771, 45.4601597]}, "properties": {"id": 700068856, "feat_type": "way", "quality_categories": "missing_tags, older_than_five_years", "issue_ids": "[30, 1]", "osm_url": "https://www.openstreetmap.org/way/700068856", "josm_url": "http://127.0.0.1:8111/load_object?new_layer=false&objects=w700068856", "id_url": "https://www.openstreetmap.org/edit?editor=id&way=700068856#map=20/45.4601597/9.1808771"}}, {"type": "Feature", "geometry": {"type": "Point", "coordinates": [9.1951705, 45.4517857]}, "properties": {"id": 700073966, "feat_type": "way", "quality_categories": "missing_tags, older_than_five_years", "issue_ids": "[14, 1]", "osm_url": "https://www.openstreetmap.org/way/700073966", "josm_url": "http://127.0.0.1:8111/load_object?new_layer=false&objects=w700073966", "id_url": "https://www.openstreetmap.org/edit?editor=id&way=700073966#map=20/45.4517857/9.1951705"}}, {"type": "Feature", "geometry": {"type": "Point", "coordinates": [9.2056225, 45.4719791]}, "properties": {"id": 700279222, "feat_type": "way", "quality_categories": "missing_tags, older_than_five_years", "issue_ids": "[73, 1]", "osm_url": "https://www.openstreetmap.org/way/700279222", "josm_url": "http://127.0.0.1:8111/load_object?new_layer=false&objects=w700279222", "id_url": "https://www.openstreetmap.org/edit?editor=id&way=700279222#map=20/45.4719791/9.2056225"}}, {"type": "Feature", "geometry": {"type": "Point", "coordinates": [9.2013639, 45.4660253]}, "properties": {"id": 700280307, "feat_type": "way", "quality_categories": "older_than_five_years", "issue_ids": "[73]", "osm_url": "https://www.openstreetmap.org/way/700280307", "josm_url": "http://127.0.0.1:8111/load_object?new_layer=false&objects=w700280307", "id_url": "https://www.openstreetmap.org/edit?editor=id&way=700280307#map=20/45.4660253/9.2013639"}}, {"type": "Feature", "geometry": {"type": "Point", "coordinates": [9.2009025, 45.465936]}, "properties": {"id": 700280308, "feat_type": "way", "quality_categories": "older_than_five_years", "issue_ids": "[73]", "osm_url": "https://www.openstreetmap.org/way/700280308", "josm_url": "http://127.0.0.1:8111/load_object?new_layer=false&objects=w700280308", "id_url": "https://www.openstreetmap.org/edit?editor=id&way=700280308#map=20/45.465936/9.2009025"}}, {"type": "Feature", "geometry": {"type": "Point", "coordinates": [9.2005944, 45.465723]}, "properties": {"id": 700280310, "feat_type": "way", "quality_categories": "older_than_five_years", "issue_ids": "[73]", "osm_url": "https://www.openstreetmap.org/way/700280310", "josm_url": "http://127.0.0.1:8111/load_object?new_layer=false&objects=w700280310", "id_url": "https://www.openstreetmap.org/edit?editor=id&way=700280310#map=20/45.465723/9.2005944"}}, {"type": "Feature", "geometry": {"type": "Point", "coordinates": [9.2073894, 45.4597513]}, "properties": {"id": 700295344, "feat_type": "way", "quality_categories": "missing_tags, older_than_five_years", "issue_ids": "[73, 1]", "osm_url": "https://www.openstreetmap.org/way/700295344", "josm_url": "http://127.0.0.1:8111/load_object?new_layer=false&objects=w700295344", "id_url": "https://www.openstreetmap.org/edit?editor=id&way=700295344#map=20/45.4597513/9.2073894"}}, {"type": "Feature", "geometry": {"type": "Point", "coordinates": [9.1687191, 45.4765554]}, "properties": {"id": 700433221, "feat_type": "way", "quality_categories": "missing_tags, older_than_five_years", "issue_ids": "[73, 1]", "osm_url": "https://www.openstreetmap.org/way/700433221", "josm_url": "http://127.0.0.1:8111/load_object?new_layer=false&objects=w700433221", "id_url": "https://www.openstreetmap.org/edit?editor=id&way=700433221#map=20/45.4765554/9.1687191"}}, {"type": "Feature", "geometry": {"type": "Point", "coordinates": [9.2025355, 45.4847908]}, "properties": {"id": 705605435, "feat_type": "way", "quality_categories": "older_than_five_years, uncanny_keys", "issue_ids": "[41, 42]", "osm_url": "https://www.openstreetmap.org/way/705605435", "josm_url": "http://127.0.0.1:8111/load_object?new_layer=false&objects=w705605435", "id_url": "https://www.openstreetmap.org/edit?editor=id&way=705605435#map=20/45.4847908/9.2025355"}}, {"type": "Feature", "geometry": {"type": "Point", "coordinates": [9.2037009, 45.4841531]}, "properties": {"id": 705605437, "feat_type": "way", "quality_categories": "older_than_five_years, uncanny_keys", "issue_ids": "[41, 42]", "osm_url": "https://www.openstreetmap.org/way/705605437", "josm_url": "http://127.0.0.1:8111/load_object?new_layer=false&objects=w705605437", "id_url": "https://www.openstreetmap.org/edit?editor=id&way=705605437#map=20/45.4841531/9.2037009"}}, {"type": "Feature", "geometry": {"type": "Point", "coordinates": [9.203419, 45.484339]}, "properties": {"id": 705605438, "feat_type": "way", "quality_categories": "older_than_five_years, uncanny_keys", "issue_ids": "[41, 42]", "osm_url": "https://www.openstreetmap.org/way/705605438", "josm_url": "http://127.0.0.1:8111/load_object?new_layer=false&objects=w705605438", "id_url": "https://www.openstreetmap.org/edit?editor=id&way=705605438#map=20/45.484339/9.203419"}}, {"type": "Feature", "geometry": {"type": "Point", "coordinates": [9.1821284, 45.4814799]}, "properties": {"id": 725045840, "feat_type": "way", "quality_categories": "missing_tags, older_than_five_years", "issue_ids": "[124, 1]", "osm_url": "https://www.openstreetmap.org/way/725045840", "josm_url": "http://127.0.0.1:8111/load_object?new_layer=false&objects=w725045840", "id_url": "https://www.openstreetmap.org/edit?editor=id&way=725045840#map=20/45.4814799/9.1821284"}}, {"type": "Feature", "geometry": {"type": "Point", "coordinates": [9.1928344, 45.4725805]}, "properties": {"id": 725045909, "feat_type": "way", "quality_categories": "missing_tags, older_than_five_years", "issue_ids": "[92, 1]", "osm_url": "https://www.openstreetmap.org/way/725045909", "josm_url": "http://127.0.0.1:8111/load_object?new_layer=false&objects=w725045909", "id_url": "https://www.openstreetmap.org/edit?editor=id&way=725045909#map=20/45.4725805/9.1928344"}}, {"type": "Feature", "geometry": {"type": "Point", "coordinates": [9.1946015, 45.4759786]}, "properties": {"id": 725045912, "feat_type": "way", "quality_categories": "missing_tags, older_than_five_years", "issue_ids": "[92, 1]", "osm_url": "https://www.openstreetmap.org/way/725045912", "josm_url": "http://127.0.0.1:8111/load_object?new_layer=false&objects=w725045912", "id_url": "https://www.openstreetmap.org/edit?editor=id&way=725045912#map=20/45.4759786/9.1946015"}}, {"type": "Feature", "geometry": {"type": "Point", "coordinates": [9.1827541, 45.4796984]}, "properties": {"id": 725045924, "feat_type": "way", "quality_categories": "missing_tags, older_than_five_years", "issue_ids": "[95, 1]", "osm_url": "https://www.openstreetmap.org/way/725045924", "josm_url": "http://127.0.0.1:8111/load_object?new_layer=false&objects=w725045924", "id_url": "https://www.openstreetmap.org/edit?editor=id&way=725045924#map=20/45.4796984/9.1827541"}}, {"type": "Feature", "geometry": {"type": "Point", "coordinates": [9.1888209, 45.4669507]}, "properties": {"id": 725066395, "feat_type": "way", "quality_categories": "missing_tags, older_than_five_years", "issue_ids": "[92, 1]", "osm_url": "https://www.openstreetmap.org/way/725066395", "josm_url": "http://127.0.0.1:8111/load_object?new_layer=false&objects=w725066395", "id_url": "https://www.openstreetmap.org/edit?editor=id&way=725066395#map=20/45.4669507/9.1888209"}}, {"type": "Feature", "geometry": {"type": "Point", "coordinates": [9.1692978, 45.4762893]}, "properties": {"id": 725066414, "feat_type": "way", "quality_categories": "missing_tags, older_than_five_years", "issue_ids": "[92, 1]", "osm_url": "https://www.openstreetmap.org/way/725066414", "josm_url": "http://127.0.0.1:8111/load_object?new_layer=false&objects=w725066414", "id_url": "https://www.openstreetmap.org/edit?editor=id&way=725066414#map=20/45.4762893/9.1692978"}}, {"type": "Feature", "geometry": {"type": "Point", "coordinates": [9.163607, 45.4616703]}, "properties": {"id": 725074427, "feat_type": "way", "quality_categories": "missing_tags, older_than_five_years", "issue_ids": "[92, 1]", "osm_url": "https://www.openstreetmap.org/way/725074427", "josm_url": "http://127.0.0.1:8111/load_object?new_layer=false&objects=w725074427", "id_url": "https://www.openstreetmap.org/edit?editor=id&way=725074427#map=20/45.4616703/9.163607"}}, {"type": "Feature", "geometry": {"type": "Point", "coordinates": [9.1640183, 45.4614719]}, "properties": {"id": 725074430, "feat_type": "way", "quality_categories": "missing_tags, older_than_five_years", "issue_ids": "[92, 1]", "osm_url": "https://www.openstreetmap.org/way/725074430", "josm_url": "http://127.0.0.1:8111/load_object?new_layer=false&objects=w725074430", "id_url": "https://www.openstreetmap.org/edit?editor=id&way=725074430#map=20/45.4614719/9.1640183"}}, {"type": "Feature", "geometry": {"type": "Point", "coordinates": [9.1811781, 45.4800039]}, "properties": {"id": 725088697, "feat_type": "way", "quality_categories": "missing_tags, older_than_five_years", "issue_ids": "[124, 1]", "osm_url": "https://www.openstreetmap.org/way/725088697", "josm_url": "http://127.0.0.1:8111/load_object?new_layer=false&objects=w725088697", "id_url": "https://www.openstreetmap.org/edit?editor=id&way=725088697#map=20/45.4800039/9.1811781"}}, {"type": "Feature", "geometry": {"type": "Point", "coordinates": [9.1863916, 45.4809429]}, "properties": {"id": 725088703, "feat_type": "way", "quality_categories": "missing_tags, older_than_five_years", "issue_ids": "[125, 1]", "osm_url": "https://www.openstreetmap.org/way/725088703", "josm_url": "http://127.0.0.1:8111/load_object?new_layer=false&objects=w725088703", "id_url": "https://www.openstreetmap.org/edit?editor=id&way=725088703#map=20/45.4809429/9.1863916"}}, {"type": "Feature", "geometry": {"type": "Point", "coordinates": [9.1905455, 45.4790936]}, "properties": {"id": 725088707, "feat_type": "way", "quality_categories": "missing_tags, older_than_five_years", "issue_ids": "[9, 1]", "osm_url": "https://www.openstreetmap.org/way/725088707", "josm_url": "http://127.0.0.1:8111/load_object?new_layer=false&objects=w725088707", "id_url": "https://www.openstreetmap.org/edit?editor=id&way=725088707#map=20/45.4790936/9.1905455"}}, {"type": "Feature", "geometry": {"type": "Point", "coordinates": [9.1918097, 45.4794972]}, "properties": {"id": 725088708, "feat_type": "way", "quality_categories": "missing_tags, older_than_five_years", "issue_ids": "[121, 1]", "osm_url": "https://www.openstreetmap.org/way/725088708", "josm_url": "http://127.0.0.1:8111/load_object?new_layer=false&objects=w725088708", "id_url": "https://www.openstreetmap.org/edit?editor=id&way=725088708#map=20/45.4794972/9.1918097"}}, {"type": "Feature", "geometry": {"type": "Point", "coordinates": [9.194245, 45.4783268]}, "properties": {"id": 725088712, "feat_type": "way", "quality_categories": "missing_tags, older_than_five_years", "issue_ids": "[92, 1]", "osm_url": "https://www.openstreetmap.org/way/725088712", "josm_url": "http://127.0.0.1:8111/load_object?new_layer=false&objects=w725088712", "id_url": "https://www.openstreetmap.org/edit?editor=id&way=725088712#map=20/45.4783268/9.194245"}}, {"type": "Feature", "geometry": {"type": "Point", "coordinates": [9.1948575, 45.4783221]}, "properties": {"id": 725088713, "feat_type": "way", "quality_categories": "missing_tags, older_than_five_years", "issue_ids": "[92, 1]", "osm_url": "https://www.openstreetmap.org/way/725088713", "josm_url": "http://127.0.0.1:8111/load_object?new_layer=false&objects=w725088713", "id_url": "https://www.openstreetmap.org/edit?editor=id&way=725088713#map=20/45.4783221/9.1948575"}}, {"type": "Feature", "geometry": {"type": "Point", "coordinates": [9.1950388, 45.4782271]}, "properties": {"id": 725088714, "feat_type": "way", "quality_categories": "missing_tags, older_than_five_years", "issue_ids": "[92, 1]", "osm_url": "https://www.openstreetmap.org/way/725088714", "josm_url": "http://127.0.0.1:8111/load_object?new_layer=false&objects=w725088714", "id_url": "https://www.openstreetmap.org/edit?editor=id&way=725088714#map=20/45.4782271/9.1950388"}}, {"type": "Feature", "geometry": {"type": "Point", "coordinates": [9.2021533, 45.4762085]}, "properties": {"id": 725088716, "feat_type": "way", "quality_categories": "missing_tags, older_than_five_years", "issue_ids": "[126, 1]", "osm_url": "https://www.openstreetmap.org/way/725088716", "josm_url": "http://127.0.0.1:8111/load_object?new_layer=false&objects=w725088716", "id_url": "https://www.openstreetmap.org/edit?editor=id&way=725088716#map=20/45.4762085/9.2021533"}}, {"type": "Feature", "geometry": {"type": "Point", "coordinates": [9.1930862, 45.4797699]}, "properties": {"id": 725088721, "feat_type": "way", "quality_categories": "missing_tags, older_than_five_years", "issue_ids": "[92, 1]", "osm_url": "https://www.openstreetmap.org/way/725088721", "josm_url": "http://127.0.0.1:8111/load_object?new_layer=false&objects=w725088721", "id_url": "https://www.openstreetmap.org/edit?editor=id&way=725088721#map=20/45.4797699/9.1930862"}}, {"type": "Feature", "geometry": {"type": "Point", "coordinates": [9.2028012, 45.4767623]}, "properties": {"id": 725088769, "feat_type": "way", "quality_categories": "missing_tags, older_than_five_years", "issue_ids": "[126, 1]", "osm_url": "https://www.openstreetmap.org/way/725088769", "josm_url": "http://127.0.0.1:8111/load_object?new_layer=false&objects=w725088769", "id_url": "https://www.openstreetmap.org/edit?editor=id&way=725088769#map=20/45.4767623/9.2028012"}}, {"type": "Feature", "geometry": {"type": "Point", "coordinates": [9.1696259, 45.4777141]}, "properties": {"id": 725879404, "feat_type": "way", "quality_categories": "missing_tags, older_than_five_years", "issue_ids": "[121, 1]", "osm_url": "https://www.openstreetmap.org/way/725879404", "josm_url": "http://127.0.0.1:8111/load_object?new_layer=false&objects=w725879404", "id_url": "https://www.openstreetmap.org/edit?editor=id&way=725879404#map=20/45.4777141/9.1696259"}}, {"type": "Feature", "geometry": {"type": "Point", "coordinates": [9.1809248, 45.478548]}, "properties": {"id": 726098783, "feat_type": "way", "quality_categories": "older_than_five_years", "issue_ids": "[97]", "osm_url": "https://www.openstreetmap.org/way/726098783", "josm_url": "http://127.0.0.1:8111/load_object?new_layer=false&objects=w726098783", "id_url": "https://www.openstreetmap.org/edit?editor=id&way=726098783#map=20/45.478548/9.1809248"}}, {"type": "Feature", "geometry": {"type": "Point", "coordinates": [9.1808739, 45.4780899]}, "properties": {"id": 726098784, "feat_type": "way", "quality_categories": "older_than_five_years", "issue_ids": "[103]", "osm_url": "https://www.openstreetmap.org/way/726098784", "josm_url": "http://127.0.0.1:8111/load_object?new_layer=false&objects=w726098784", "id_url": "https://www.openstreetmap.org/edit?editor=id&way=726098784#map=20/45.4780899/9.1808739"}}, {"type": "Feature", "geometry": {"type": "Point", "coordinates": [9.1818307, 45.4779232]}, "properties": {"id": 726105725, "feat_type": "way", "quality_categories": "missing_tags, older_than_five_years", "issue_ids": "[95, 1]", "osm_url": "https://www.openstreetmap.org/way/726105725", "josm_url": "http://127.0.0.1:8111/load_object?new_layer=false&objects=w726105725", "id_url": "https://www.openstreetmap.org/edit?editor=id&way=726105725#map=20/45.4779232/9.1818307"}}, {"type": "Feature", "geometry": {"type": "Point", "coordinates": [9.1817245, 45.4780516]}, "properties": {"id": 726105729, "feat_type": "way", "quality_categories": "missing_tags, older_than_five_years", "issue_ids": "[95, 1]", "osm_url": "https://www.openstreetmap.org/way/726105729", "josm_url": "http://127.0.0.1:8111/load_object?new_layer=false&objects=w726105729", "id_url": "https://www.openstreetmap.org/edit?editor=id&way=726105729#map=20/45.4780516/9.1817245"}}, {"type": "Feature", "geometry": {"type": "Point", "coordinates": [9.1823712, 45.4780313]}, "properties": {"id": 726105730, "feat_type": "way", "quality_categories": "missing_tags, older_than_five_years", "issue_ids": "[95, 1]", "osm_url": "https://www.openstreetmap.org/way/726105730", "josm_url": "http://127.0.0.1:8111/load_object?new_layer=false&objects=w726105730", "id_url": "https://www.openstreetmap.org/edit?editor=id&way=726105730#map=20/45.4780313/9.1823712"}}, {"type": "Feature", "geometry": {"type": "Point", "coordinates": [9.1664197, 45.4770462]}, "properties": {"id": 729393241, "feat_type": "way", "quality_categories": "missing_tags, older_than_five_years", "issue_ids": "[84, 1]", "osm_url": "https://www.openstreetmap.org/way/729393241", "josm_url": "http://127.0.0.1:8111/load_object?new_layer=false&objects=w729393241", "id_url": "https://www.openstreetmap.org/edit?editor=id&way=729393241#map=20/45.4770462/9.1664197"}}, {"type": "Feature", "geometry": {"type": "Point", "coordinates": [9.1715008, 45.4710124]}, "properties": {"id": 731895689, "feat_type": "way", "quality_categories": "older_than_five_years", "issue_ids": "[127]", "osm_url": "https://www.openstreetmap.org/way/731895689", "josm_url": "http://127.0.0.1:8111/load_object?new_layer=false&objects=w731895689", "id_url": "https://www.openstreetmap.org/edit?editor=id&way=731895689#map=20/45.4710124/9.1715008"}}, {"type": "Feature", "geometry": {"type": "Point", "coordinates": [9.1838248, 45.4792419]}, "properties": {"id": 749381012, "feat_type": "way", "quality_categories": "missing_tags, older_than_five_years", "issue_ids": "[128, 1]", "osm_url": "https://www.openstreetmap.org/way/749381012", "josm_url": "http://127.0.0.1:8111/load_object?new_layer=false&objects=w749381012", "id_url": "https://www.openstreetmap.org/edit?editor=id&way=749381012#map=20/45.4792419/9.1838248"}}, {"type": "Feature", "geometry": {"type": "Point", "coordinates": [9.1820009, 45.4748242]}, "properties": {"id": 749402056, "feat_type": "way", "quality_categories": "missing_tags, older_than_five_years", "issue_ids": "[9, 1]", "osm_url": "https://www.openstreetmap.org/way/749402056", "josm_url": "http://127.0.0.1:8111/load_object?new_layer=false&objects=w749402056", "id_url": "https://www.openstreetmap.org/edit?editor=id&way=749402056#map=20/45.4748242/9.1820009"}}, {"type": "Feature", "geometry": {"type": "Point", "coordinates": [9.1853552, 45.4752587]}, "properties": {"id": 749418735, "feat_type": "way", "quality_categories": "missing_tags, older_than_five_years", "issue_ids": "[9, 1]", "osm_url": "https://www.openstreetmap.org/way/749418735", "josm_url": "http://127.0.0.1:8111/load_object?new_layer=false&objects=w749418735", "id_url": "https://www.openstreetmap.org/edit?editor=id&way=749418735#map=20/45.4752587/9.1853552"}}, {"type": "Feature", "geometry": {"type": "Point", "coordinates": [9.1853808, 45.4753328]}, "properties": {"id": 749418736, "feat_type": "way", "quality_categories": "missing_tags, older_than_five_years", "issue_ids": "[9, 1]", "osm_url": "https://www.openstreetmap.org/way/749418736", "josm_url": "http://127.0.0.1:8111/load_object?new_layer=false&objects=w749418736", "id_url": "https://www.openstreetmap.org/edit?editor=id&way=749418736#map=20/45.4753328/9.1853808"}}, {"type": "Feature", "geometry": {"type": "Point", "coordinates": [9.1853552, 45.4752587]}, "properties": {"id": 749418740, "feat_type": "way", "quality_categories": "missing_tags, older_than_five_years", "issue_ids": "[9, 1]", "osm_url": "https://www.openstreetmap.org/way/749418740", "josm_url": "http://127.0.0.1:8111/load_object?new_layer=false&objects=w749418740", "id_url": "https://www.openstreetmap.org/edit?editor=id&way=749418740#map=20/45.4752587/9.1853552"}}, {"type": "Feature", "geometry": {"type": "Point", "coordinates": [9.1845281, 45.4730301]}, "properties": {"id": 749454441, "feat_type": "way", "quality_categories": "missing_tags, older_than_five_years", "issue_ids": "[9, 1]", "osm_url": "https://www.openstreetmap.org/way/749454441", "josm_url": "http://127.0.0.1:8111/load_object?new_layer=false&objects=w749454441", "id_url": "https://www.openstreetmap.org/edit?editor=id&way=749454441#map=20/45.4730301/9.1845281"}}, {"type": "Feature", "geometry": {"type": "Point", "coordinates": [9.1932361, 45.4776814]}, "properties": {"id": 749492236, "feat_type": "way", "quality_categories": "missing_tags, older_than_five_years", "issue_ids": "[9, 1]", "osm_url": "https://www.openstreetmap.org/way/749492236", "josm_url": "http://127.0.0.1:8111/load_object?new_layer=false&objects=w749492236", "id_url": "https://www.openstreetmap.org/edit?editor=id&way=749492236#map=20/45.4776814/9.1932361"}}, {"type": "Feature", "geometry": {"type": "Point", "coordinates": [9.1931208, 45.4776684]}, "properties": {"id": 749492237, "feat_type": "way", "quality_categories": "missing_tags, older_than_five_years", "issue_ids": "[9, 1]", "osm_url": "https://www.openstreetmap.org/way/749492237", "josm_url": "http://127.0.0.1:8111/load_object?new_layer=false&objects=w749492237", "id_url": "https://www.openstreetmap.org/edit?editor=id&way=749492237#map=20/45.4776684/9.1931208"}}, {"type": "Feature", "geometry": {"type": "Point", "coordinates": [9.1947236, 45.4781878]}, "properties": {"id": 749718636, "feat_type": "way", "quality_categories": "missing_tags, older_than_five_years", "issue_ids": "[129, 1]", "osm_url": "https://www.openstreetmap.org/way/749718636", "josm_url": "http://127.0.0.1:8111/load_object?new_layer=false&objects=w749718636", "id_url": "https://www.openstreetmap.org/edit?editor=id&way=749718636#map=20/45.4781878/9.1947236"}}, {"type": "Feature", "geometry": {"type": "Point", "coordinates": [9.1930406, 45.4753739]}, "properties": {"id": 749735411, "feat_type": "way", "quality_categories": "missing_tags, older_than_five_years", "issue_ids": "[129, 1]", "osm_url": "https://www.openstreetmap.org/way/749735411", "josm_url": "http://127.0.0.1:8111/load_object?new_layer=false&objects=w749735411", "id_url": "https://www.openstreetmap.org/edit?editor=id&way=749735411#map=20/45.4753739/9.1930406"}}, {"type": "Feature", "geometry": {"type": "Point", "coordinates": [9.1924276, 45.4753212]}, "properties": {"id": 749738685, "feat_type": "way", "quality_categories": "missing_tags, older_than_five_years", "issue_ids": "[129, 1]", "osm_url": "https://www.openstreetmap.org/way/749738685", "josm_url": "http://127.0.0.1:8111/load_object?new_layer=false&objects=w749738685", "id_url": "https://www.openstreetmap.org/edit?editor=id&way=749738685#map=20/45.4753212/9.1924276"}}, {"type": "Feature", "geometry": {"type": "Point", "coordinates": [9.1830391, 45.4718028]}, "properties": {"id": 749804647, "feat_type": "way", "quality_categories": "missing_tags, older_than_five_years", "issue_ids": "[129, 1]", "osm_url": "https://www.openstreetmap.org/way/749804647", "josm_url": "http://127.0.0.1:8111/load_object?new_layer=false&objects=w749804647", "id_url": "https://www.openstreetmap.org/edit?editor=id&way=749804647#map=20/45.4718028/9.1830391"}}, {"type": "Feature", "geometry": {"type": "Point", "coordinates": [9.1837227, 45.4704392]}, "properties": {"id": 749808210, "feat_type": "way", "quality_categories": "missing_tags, older_than_five_years", "issue_ids": "[129, 1]", "osm_url": "https://www.openstreetmap.org/way/749808210", "josm_url": "http://127.0.0.1:8111/load_object?new_layer=false&objects=w749808210", "id_url": "https://www.openstreetmap.org/edit?editor=id&way=749808210#map=20/45.4704392/9.1837227"}}, {"type": "Feature", "geometry": {"type": "Point", "coordinates": [9.183667, 45.4704298]}, "properties": {"id": 749808211, "feat_type": "way", "quality_categories": "missing_tags, older_than_five_years", "issue_ids": "[129, 1]", "osm_url": "https://www.openstreetmap.org/way/749808211", "josm_url": "http://127.0.0.1:8111/load_object?new_layer=false&objects=w749808211", "id_url": "https://www.openstreetmap.org/edit?editor=id&way=749808211#map=20/45.4704298/9.183667"}}, {"type": "Feature", "geometry": {"type": "Point", "coordinates": [9.1879319, 45.4664377]}, "properties": {"id": 749824119, "feat_type": "way", "quality_categories": "missing_tags, older_than_five_years", "issue_ids": "[129, 1]", "osm_url": "https://www.openstreetmap.org/way/749824119", "josm_url": "http://127.0.0.1:8111/load_object?new_layer=false&objects=w749824119", "id_url": "https://www.openstreetmap.org/edit?editor=id&way=749824119#map=20/45.4664377/9.1879319"}}, {"type": "Feature", "geometry": {"type": "Point", "coordinates": [9.1957509, 45.4705748]}, "properties": {"id": 750037327, "feat_type": "way", "quality_categories": "missing_tags, older_than_five_years", "issue_ids": "[37, 1]", "osm_url": "https://www.openstreetmap.org/way/750037327", "josm_url": "http://127.0.0.1:8111/load_object?new_layer=false&objects=w750037327", "id_url": "https://www.openstreetmap.org/edit?editor=id&way=750037327#map=20/45.4705748/9.1957509"}}, {"type": "Feature", "geometry": {"type": "Point", "coordinates": [9.1957067, 45.4706045]}, "properties": {"id": 750037328, "feat_type": "way", "quality_categories": "missing_tags, older_than_five_years", "issue_ids": "[37, 1]", "osm_url": "https://www.openstreetmap.org/way/750037328", "josm_url": "http://127.0.0.1:8111/load_object?new_layer=false&objects=w750037328", "id_url": "https://www.openstreetmap.org/edit?editor=id&way=750037328#map=20/45.4706045/9.1957067"}}, {"type": "Feature", "geometry": {"type": "Point", "coordinates": [9.1957965, 45.4684624]}, "properties": {"id": 750038607, "feat_type": "way", "quality_categories": "missing_tags, older_than_five_years", "issue_ids": "[37, 1]", "osm_url": "https://www.openstreetmap.org/way/750038607", "josm_url": "http://127.0.0.1:8111/load_object?new_layer=false&objects=w750038607", "id_url": "https://www.openstreetmap.org/edit?editor=id&way=750038607#map=20/45.4684624/9.1957965"}}, {"type": "Feature", "geometry": {"type": "Point", "coordinates": [9.2013494, 45.4693078]}, "properties": {"id": 750106468, "feat_type": "way", "quality_categories": "missing_tags, older_than_five_years", "issue_ids": "[37, 1]", "osm_url": "https://www.openstreetmap.org/way/750106468", "josm_url": "http://127.0.0.1:8111/load_object?new_layer=false&objects=w750106468", "id_url": "https://www.openstreetmap.org/edit?editor=id&way=750106468#map=20/45.4693078/9.2013494"}}, {"type": "Feature", "geometry": {"type": "Point", "coordinates": [9.2026106, 45.4703182]}, "properties": {"id": 750111874, "feat_type": "way", "quality_categories": "missing_tags, older_than_five_years", "issue_ids": "[37, 1]", "osm_url": "https://www.openstreetmap.org/way/750111874", "josm_url": "http://127.0.0.1:8111/load_object?new_layer=false&objects=w750111874", "id_url": "https://www.openstreetmap.org/edit?editor=id&way=750111874#map=20/45.4703182/9.2026106"}}, {"type": "Feature", "geometry": {"type": "Point", "coordinates": [9.203853, 45.4706846]}, "properties": {"id": 750112638, "feat_type": "way", "quality_categories": "missing_tags, older_than_five_years", "issue_ids": "[37, 1]", "osm_url": "https://www.openstreetmap.org/way/750112638", "josm_url": "http://127.0.0.1:8111/load_object?new_layer=false&objects=w750112638", "id_url": "https://www.openstreetmap.org/edit?editor=id&way=750112638#map=20/45.4706846/9.203853"}}, {"type": "Feature", "geometry": {"type": "Point", "coordinates": [9.204886, 45.472619]}, "properties": {"id": 750132177, "feat_type": "way", "quality_categories": "missing_tags, older_than_five_years", "issue_ids": "[37, 1]", "osm_url": "https://www.openstreetmap.org/way/750132177", "josm_url": "http://127.0.0.1:8111/load_object?new_layer=false&objects=w750132177", "id_url": "https://www.openstreetmap.org/edit?editor=id&way=750132177#map=20/45.472619/9.204886"}}, {"type": "Feature", "geometry": {"type": "Point", "coordinates": [9.2044373, 45.4681888]}, "properties": {"id": 750186739, "feat_type": "way", "quality_categories": "missing_tags, older_than_five_years", "issue_ids": "[37, 1]", "osm_url": "https://www.openstreetmap.org/way/750186739", "josm_url": "http://127.0.0.1:8111/load_object?new_layer=false&objects=w750186739", "id_url": "https://www.openstreetmap.org/edit?editor=id&way=750186739#map=20/45.4681888/9.2044373"}}, {"type": "Feature", "geometry": {"type": "Point", "coordinates": [9.1685117, 45.4616474]}, "properties": {"id": 750514770, "feat_type": "way", "quality_categories": "missing_tags, older_than_five_years", "issue_ids": "[6, 1]", "osm_url": "https://www.openstreetmap.org/way/750514770", "josm_url": "http://127.0.0.1:8111/load_object?new_layer=false&objects=w750514770", "id_url": "https://www.openstreetmap.org/edit?editor=id&way=750514770#map=20/45.4616474/9.1685117"}}, {"type": "Feature", "geometry": {"type": "Point", "coordinates": [9.179293, 45.4639847]}, "properties": {"id": 750547137, "feat_type": "way", "quality_categories": "missing_tags, older_than_five_years", "issue_ids": "[6, 1]", "osm_url": "https://www.openstreetmap.org/way/750547137", "josm_url": "http://127.0.0.1:8111/load_object?new_layer=false&objects=w750547137", "id_url": "https://www.openstreetmap.org/edit?editor=id&way=750547137#map=20/45.4639847/9.179293"}}, {"type": "Feature", "geometry": {"type": "Point", "coordinates": [9.1794232, 45.4640333]}, "properties": {"id": 750552430, "feat_type": "way", "quality_categories": "missing_tags, older_than_five_years", "issue_ids": "[6, 1]", "osm_url": "https://www.openstreetmap.org/way/750552430", "josm_url": "http://127.0.0.1:8111/load_object?new_layer=false&objects=w750552430", "id_url": "https://www.openstreetmap.org/edit?editor=id&way=750552430#map=20/45.4640333/9.1794232"}}, {"type": "Feature", "geometry": {"type": "Point", "coordinates": [9.1809277, 45.4631982]}, "properties": {"id": 750559347, "feat_type": "way", "quality_categories": "missing_tags, older_than_five_years", "issue_ids": "[6, 1]", "osm_url": "https://www.openstreetmap.org/way/750559347", "josm_url": "http://127.0.0.1:8111/load_object?new_layer=false&objects=w750559347", "id_url": "https://www.openstreetmap.org/edit?editor=id&way=750559347#map=20/45.4631982/9.1809277"}}, {"type": "Feature", "geometry": {"type": "Point", "coordinates": [9.1737722, 45.4606791]}, "properties": {"id": 750684330, "feat_type": "way", "quality_categories": "missing_tags, older_than_five_years", "issue_ids": "[29, 1]", "osm_url": "https://www.openstreetmap.org/way/750684330", "josm_url": "http://127.0.0.1:8111/load_object?new_layer=false&objects=w750684330", "id_url": "https://www.openstreetmap.org/edit?editor=id&way=750684330#map=20/45.4606791/9.1737722"}}, {"type": "Feature", "geometry": {"type": "Point", "coordinates": [9.1730568, 45.4588042]}, "properties": {"id": 750688977, "feat_type": "way", "quality_categories": "missing_tags, older_than_five_years", "issue_ids": "[29, 1]", "osm_url": "https://www.openstreetmap.org/way/750688977", "josm_url": "http://127.0.0.1:8111/load_object?new_layer=false&objects=w750688977", "id_url": "https://www.openstreetmap.org/edit?editor=id&way=750688977#map=20/45.4588042/9.1730568"}}, {"type": "Feature", "geometry": {"type": "Point", "coordinates": [9.1744561, 45.4584834]}, "properties": {"id": 750692292, "feat_type": "way", "quality_categories": "missing_tags, older_than_five_years", "issue_ids": "[29, 1]", "osm_url": "https://www.openstreetmap.org/way/750692292", "josm_url": "http://127.0.0.1:8111/load_object?new_layer=false&objects=w750692292", "id_url": "https://www.openstreetmap.org/edit?editor=id&way=750692292#map=20/45.4584834/9.1744561"}}, {"type": "Feature", "geometry": {"type": "Point", "coordinates": [9.1736411, 45.4570069]}, "properties": {"id": 750705120, "feat_type": "way", "quality_categories": "missing_tags, older_than_five_years", "issue_ids": "[29, 1]", "osm_url": "https://www.openstreetmap.org/way/750705120", "josm_url": "http://127.0.0.1:8111/load_object?new_layer=false&objects=w750705120", "id_url": "https://www.openstreetmap.org/edit?editor=id&way=750705120#map=20/45.4570069/9.1736411"}}, {"type": "Feature", "geometry": {"type": "Point", "coordinates": [9.1729803, 45.4574412]}, "properties": {"id": 750705121, "feat_type": "way", "quality_categories": "missing_tags, older_than_five_years", "issue_ids": "[29, 1]", "osm_url": "https://www.openstreetmap.org/way/750705121", "josm_url": "http://127.0.0.1:8111/load_object?new_layer=false&objects=w750705121", "id_url": "https://www.openstreetmap.org/edit?editor=id&way=750705121#map=20/45.4574412/9.1729803"}}, {"type": "Feature", "geometry": {"type": "Point", "coordinates": [9.174315, 45.4580171]}, "properties": {"id": 750706247, "feat_type": "way", "quality_categories": "missing_tags, older_than_five_years", "issue_ids": "[29, 1]", "osm_url": "https://www.openstreetmap.org/way/750706247", "josm_url": "http://127.0.0.1:8111/load_object?new_layer=false&objects=w750706247", "id_url": "https://www.openstreetmap.org/edit?editor=id&way=750706247#map=20/45.4580171/9.174315"}}, {"type": "Feature", "geometry": {"type": "Point", "coordinates": [9.1735851, 45.4579217]}, "properties": {"id": 750706248, "feat_type": "way", "quality_categories": "missing_tags, older_than_five_years", "issue_ids": "[29, 1]", "osm_url": "https://www.openstreetmap.org/way/750706248", "josm_url": "http://127.0.0.1:8111/load_object?new_layer=false&objects=w750706248", "id_url": "https://www.openstreetmap.org/edit?editor=id&way=750706248#map=20/45.4579217/9.1735851"}}, {"type": "Feature", "geometry": {"type": "Point", "coordinates": [9.1744813, 45.4584994]}, "properties": {"id": 750719227, "feat_type": "way", "quality_categories": "missing_tags, older_than_five_years", "issue_ids": "[29, 1]", "osm_url": "https://www.openstreetmap.org/way/750719227", "josm_url": "http://127.0.0.1:8111/load_object?new_layer=false&objects=w750719227", "id_url": "https://www.openstreetmap.org/edit?editor=id&way=750719227#map=20/45.4584994/9.1744813"}}, {"type": "Feature", "geometry": {"type": "Point", "coordinates": [9.1747347, 45.4585599]}, "properties": {"id": 750719228, "feat_type": "way", "quality_categories": "missing_tags, older_than_five_years", "issue_ids": "[29, 1]", "osm_url": "https://www.openstreetmap.org/way/750719228", "josm_url": "http://127.0.0.1:8111/load_object?new_layer=false&objects=w750719228", "id_url": "https://www.openstreetmap.org/edit?editor=id&way=750719228#map=20/45.4585599/9.1747347"}}, {"type": "Feature", "geometry": {"type": "Point", "coordinates": [9.1803913, 45.4647657]}, "properties": {"id": 750731744, "feat_type": "way", "quality_categories": "missing_tags, older_than_five_years", "issue_ids": "[29, 1]", "osm_url": "https://www.openstreetmap.org/way/750731744", "josm_url": "http://127.0.0.1:8111/load_object?new_layer=false&objects=w750731744", "id_url": "https://www.openstreetmap.org/edit?editor=id&way=750731744#map=20/45.4647657/9.1803913"}}, {"type": "Feature", "geometry": {"type": "Point", "coordinates": [9.180704, 45.4647176]}, "properties": {"id": 750731745, "feat_type": "way", "quality_categories": "missing_tags, older_than_five_years", "issue_ids": "[29, 1]", "osm_url": "https://www.openstreetmap.org/way/750731745", "josm_url": "http://127.0.0.1:8111/load_object?new_layer=false&objects=w750731745", "id_url": "https://www.openstreetmap.org/edit?editor=id&way=750731745#map=20/45.4647176/9.180704"}}, {"type": "Feature", "geometry": {"type": "Point", "coordinates": [9.1805588, 45.4642672]}, "properties": {"id": 750731747, "feat_type": "way", "quality_categories": "missing_tags, older_than_five_years", "issue_ids": "[29, 1]", "osm_url": "https://www.openstreetmap.org/way/750731747", "josm_url": "http://127.0.0.1:8111/load_object?new_layer=false&objects=w750731747", "id_url": "https://www.openstreetmap.org/edit?editor=id&way=750731747#map=20/45.4642672/9.1805588"}}, {"type": "Feature", "geometry": {"type": "Point", "coordinates": [9.1807715, 45.4643537]}, "properties": {"id": 750731748, "feat_type": "way", "quality_categories": "missing_tags, older_than_five_years", "issue_ids": "[29, 1]", "osm_url": "https://www.openstreetmap.org/way/750731748", "josm_url": "http://127.0.0.1:8111/load_object?new_layer=false&objects=w750731748", "id_url": "https://www.openstreetmap.org/edit?editor=id&way=750731748#map=20/45.4643537/9.1807715"}}, {"type": "Feature", "geometry": {"type": "Point", "coordinates": [9.1806919, 45.4648338]}, "properties": {"id": 750731753, "feat_type": "way", "quality_categories": "missing_tags, older_than_five_years", "issue_ids": "[29, 1]", "osm_url": "https://www.openstreetmap.org/way/750731753", "josm_url": "http://127.0.0.1:8111/load_object?new_layer=false&objects=w750731753", "id_url": "https://www.openstreetmap.org/edit?editor=id&way=750731753#map=20/45.4648338/9.1806919"}}, {"type": "Feature", "geometry": {"type": "Point", "coordinates": [9.1807142, 45.4646481]}, "properties": {"id": 750731754, "feat_type": "way", "quality_categories": "missing_tags, older_than_five_years", "issue_ids": "[128, 1]", "osm_url": "https://www.openstreetmap.org/way/750731754", "josm_url": "http://127.0.0.1:8111/load_object?new_layer=false&objects=w750731754", "id_url": "https://www.openstreetmap.org/edit?editor=id&way=750731754#map=20/45.4646481/9.1807142"}}, {"type": "Feature", "geometry": {"type": "Point", "coordinates": [9.1809941, 45.4646089]}, "properties": {"id": 750731755, "feat_type": "way", "quality_categories": "missing_tags, older_than_five_years", "issue_ids": "[128, 1]", "osm_url": "https://www.openstreetmap.org/way/750731755", "josm_url": "http://127.0.0.1:8111/load_object?new_layer=false&objects=w750731755", "id_url": "https://www.openstreetmap.org/edit?editor=id&way=750731755#map=20/45.4646089/9.1809941"}}, {"type": "Feature", "geometry": {"type": "Point", "coordinates": [9.1811275, 45.4648902]}, "properties": {"id": 750731756, "feat_type": "way", "quality_categories": "missing_tags, older_than_five_years", "issue_ids": "[130, 1]", "osm_url": "https://www.openstreetmap.org/way/750731756", "josm_url": "http://127.0.0.1:8111/load_object?new_layer=false&objects=w750731756", "id_url": "https://www.openstreetmap.org/edit?editor=id&way=750731756#map=20/45.4648902/9.1811275"}}, {"type": "Feature", "geometry": {"type": "Point", "coordinates": [9.1815485, 45.4646132]}, "properties": {"id": 750733885, "feat_type": "way", "quality_categories": "missing_tags, older_than_five_years", "issue_ids": "[29, 1]", "osm_url": "https://www.openstreetmap.org/way/750733885", "josm_url": "http://127.0.0.1:8111/load_object?new_layer=false&objects=w750733885", "id_url": "https://www.openstreetmap.org/edit?editor=id&way=750733885#map=20/45.4646132/9.1815485"}}, {"type": "Feature", "geometry": {"type": "Point", "coordinates": [9.1815485, 45.4646132]}, "properties": {"id": 750733886, "feat_type": "way", "quality_categories": "missing_tags, older_than_five_years", "issue_ids": "[29, 1]", "osm_url": "https://www.openstreetmap.org/way/750733886", "josm_url": "http://127.0.0.1:8111/load_object?new_layer=false&objects=w750733886", "id_url": "https://www.openstreetmap.org/edit?editor=id&way=750733886#map=20/45.4646132/9.1815485"}}, {"type": "Feature", "geometry": {"type": "Point", "coordinates": [9.1808449, 45.4643844]}, "properties": {"id": 750737146, "feat_type": "way", "quality_categories": "missing_tags, older_than_five_years", "issue_ids": "[29, 1]", "osm_url": "https://www.openstreetmap.org/way/750737146", "josm_url": "http://127.0.0.1:8111/load_object?new_layer=false&objects=w750737146", "id_url": "https://www.openstreetmap.org/edit?editor=id&way=750737146#map=20/45.4643844/9.1808449"}}, {"type": "Feature", "geometry": {"type": "Point", "coordinates": [9.183463, 45.4625614]}, "properties": {"id": 750756128, "feat_type": "way", "quality_categories": "missing_tags, older_than_five_years", "issue_ids": "[29, 1]", "osm_url": "https://www.openstreetmap.org/way/750756128", "josm_url": "http://127.0.0.1:8111/load_object?new_layer=false&objects=w750756128", "id_url": "https://www.openstreetmap.org/edit?editor=id&way=750756128#map=20/45.4625614/9.183463"}}, {"type": "Feature", "geometry": {"type": "Point", "coordinates": [9.1817958, 45.4653057]}, "properties": {"id": 750788343, "feat_type": "way", "quality_categories": "older_than_five_years, uncanny_keys", "issue_ids": "[28, 29]", "osm_url": "https://www.openstreetmap.org/way/750788343", "josm_url": "http://127.0.0.1:8111/load_object?new_layer=false&objects=w750788343", "id_url": "https://www.openstreetmap.org/edit?editor=id&way=750788343#map=20/45.4653057/9.1817958"}}, {"type": "Feature", "geometry": {"type": "Point", "coordinates": [9.1845531, 45.4625672]}, "properties": {"id": 751325906, "feat_type": "way", "quality_categories": "missing_tags, older_than_five_years", "issue_ids": "[131, 1]", "osm_url": "https://www.openstreetmap.org/way/751325906", "josm_url": "http://127.0.0.1:8111/load_object?new_layer=false&objects=w751325906", "id_url": "https://www.openstreetmap.org/edit?editor=id&way=751325906#map=20/45.4625672/9.1845531"}}, {"type": "Feature", "geometry": {"type": "Point", "coordinates": [9.1854197, 45.4635827]}, "properties": {"id": 751325909, "feat_type": "way", "quality_categories": "missing_tags, older_than_five_years", "issue_ids": "[131, 1]", "osm_url": "https://www.openstreetmap.org/way/751325909", "josm_url": "http://127.0.0.1:8111/load_object?new_layer=false&objects=w751325909", "id_url": "https://www.openstreetmap.org/edit?editor=id&way=751325909#map=20/45.4635827/9.1854197"}}, {"type": "Feature", "geometry": {"type": "Point", "coordinates": [9.1763812, 45.4608089]}, "properties": {"id": 751332200, "feat_type": "way", "quality_categories": "missing_tags, older_than_five_years", "issue_ids": "[131, 1]", "osm_url": "https://www.openstreetmap.org/way/751332200", "josm_url": "http://127.0.0.1:8111/load_object?new_layer=false&objects=w751332200", "id_url": "https://www.openstreetmap.org/edit?editor=id&way=751332200#map=20/45.4608089/9.1763812"}}, {"type": "Feature", "geometry": {"type": "Point", "coordinates": [9.1801453, 45.4588673]}, "properties": {"id": 751347037, "feat_type": "way", "quality_categories": "missing_tags, older_than_five_years", "issue_ids": "[131, 1]", "osm_url": "https://www.openstreetmap.org/way/751347037", "josm_url": "http://127.0.0.1:8111/load_object?new_layer=false&objects=w751347037", "id_url": "https://www.openstreetmap.org/edit?editor=id&way=751347037#map=20/45.4588673/9.1801453"}}, {"type": "Feature", "geometry": {"type": "Point", "coordinates": [9.180412, 45.4589914]}, "properties": {"id": 751350704, "feat_type": "way", "quality_categories": "missing_tags, older_than_five_years", "issue_ids": "[131, 1]", "osm_url": "https://www.openstreetmap.org/way/751350704", "josm_url": "http://127.0.0.1:8111/load_object?new_layer=false&objects=w751350704", "id_url": "https://www.openstreetmap.org/edit?editor=id&way=751350704#map=20/45.4589914/9.180412"}}, {"type": "Feature", "geometry": {"type": "Point", "coordinates": [9.1859667, 45.4632144]}, "properties": {"id": 751352106, "feat_type": "way", "quality_categories": "missing_tags, older_than_five_years", "issue_ids": "[131, 1]", "osm_url": "https://www.openstreetmap.org/way/751352106", "josm_url": "http://127.0.0.1:8111/load_object?new_layer=false&objects=w751352106", "id_url": "https://www.openstreetmap.org/edit?editor=id&way=751352106#map=20/45.4632144/9.1859667"}}, {"type": "Feature", "geometry": {"type": "Point", "coordinates": [9.1859863, 45.4631997]}, "properties": {"id": 751352107, "feat_type": "way", "quality_categories": "missing_tags, older_than_five_years", "issue_ids": "[131, 1]", "osm_url": "https://www.openstreetmap.org/way/751352107", "josm_url": "http://127.0.0.1:8111/load_object?new_layer=false&objects=w751352107", "id_url": "https://www.openstreetmap.org/edit?editor=id&way=751352107#map=20/45.4631997/9.1859863"}}, {"type": "Feature", "geometry": {"type": "Point", "coordinates": [9.2039814, 45.46649]}, "properties": {"id": 751510740, "feat_type": "way", "quality_categories": "older_than_five_years", "issue_ids": "[132]", "osm_url": "https://www.openstreetmap.org/way/751510740", "josm_url": "http://127.0.0.1:8111/load_object?new_layer=false&objects=w751510740", "id_url": "https://www.openstreetmap.org/edit?editor=id&way=751510740#map=20/45.46649/9.2039814"}}, {"type": "Feature", "geometry": {"type": "Point", "coordinates": [9.2019985, 45.4661478]}, "properties": {"id": 751510741, "feat_type": "way", "quality_categories": "older_than_five_years", "issue_ids": "[132]", "osm_url": "https://www.openstreetmap.org/way/751510741", "josm_url": "http://127.0.0.1:8111/load_object?new_layer=false&objects=w751510741", "id_url": "https://www.openstreetmap.org/edit?editor=id&way=751510741#map=20/45.4661478/9.2019985"}}, {"type": "Feature", "geometry": {"type": "Point", "coordinates": [9.2036712, 45.4662636]}, "properties": {"id": 751517025, "feat_type": "way", "quality_categories": "missing_tags, older_than_five_years", "issue_ids": "[132, 1]", "osm_url": "https://www.openstreetmap.org/way/751517025", "josm_url": "http://127.0.0.1:8111/load_object?new_layer=false&objects=w751517025", "id_url": "https://www.openstreetmap.org/edit?editor=id&way=751517025#map=20/45.4662636/9.2036712"}}, {"type": "Feature", "geometry": {"type": "Point", "coordinates": [9.204705, 45.466336]}, "properties": {"id": 751517026, "feat_type": "way", "quality_categories": "missing_tags, older_than_five_years", "issue_ids": "[132, 1]", "osm_url": "https://www.openstreetmap.org/way/751517026", "josm_url": "http://127.0.0.1:8111/load_object?new_layer=false&objects=w751517026", "id_url": "https://www.openstreetmap.org/edit?editor=id&way=751517026#map=20/45.466336/9.204705"}}, {"type": "Feature", "geometry": {"type": "Point", "coordinates": [9.2051991, 45.4663761]}, "properties": {"id": 751517027, "feat_type": "way", "quality_categories": "missing_tags, older_than_five_years", "issue_ids": "[132, 1]", "osm_url": "https://www.openstreetmap.org/way/751517027", "josm_url": "http://127.0.0.1:8111/load_object?new_layer=false&objects=w751517027", "id_url": "https://www.openstreetmap.org/edit?editor=id&way=751517027#map=20/45.4663761/9.2051991"}}, {"type": "Feature", "geometry": {"type": "Point", "coordinates": [9.2053201, 45.4664211]}, "properties": {"id": 751517029, "feat_type": "way", "quality_categories": "missing_tags, older_than_five_years", "issue_ids": "[132, 1]", "osm_url": "https://www.openstreetmap.org/way/751517029", "josm_url": "http://127.0.0.1:8111/load_object?new_layer=false&objects=w751517029", "id_url": "https://www.openstreetmap.org/edit?editor=id&way=751517029#map=20/45.4664211/9.2053201"}}, {"type": "Feature", "geometry": {"type": "Point", "coordinates": [9.2029782, 45.4653614]}, "properties": {"id": 751521265, "feat_type": "way", "quality_categories": "missing_tags, older_than_five_years", "issue_ids": "[132, 1]", "osm_url": "https://www.openstreetmap.org/way/751521265", "josm_url": "http://127.0.0.1:8111/load_object?new_layer=false&objects=w751521265", "id_url": "https://www.openstreetmap.org/edit?editor=id&way=751521265#map=20/45.4653614/9.2029782"}}, {"type": "Feature", "geometry": {"type": "Point", "coordinates": [9.199456, 45.4656803]}, "properties": {"id": 751574578, "feat_type": "way", "quality_categories": "missing_tags, older_than_five_years", "issue_ids": "[132, 1]", "osm_url": "https://www.openstreetmap.org/way/751574578", "josm_url": "http://127.0.0.1:8111/load_object?new_layer=false&objects=w751574578", "id_url": "https://www.openstreetmap.org/edit?editor=id&way=751574578#map=20/45.4656803/9.199456"}}, {"type": "Feature", "geometry": {"type": "Point", "coordinates": [9.1983184, 45.465704]}, "properties": {"id": 751578367, "feat_type": "way", "quality_categories": "missing_tags, older_than_five_years", "issue_ids": "[132, 1]", "osm_url": "https://www.openstreetmap.org/way/751578367", "josm_url": "http://127.0.0.1:8111/load_object?new_layer=false&objects=w751578367", "id_url": "https://www.openstreetmap.org/edit?editor=id&way=751578367#map=20/45.465704/9.1983184"}}, {"type": "Feature", "geometry": {"type": "Point", "coordinates": [9.1876756, 45.4602566]}, "properties": {"id": 751642117, "feat_type": "way", "quality_categories": "missing_tags, older_than_five_years", "issue_ids": "[132, 1]", "osm_url": "https://www.openstreetmap.org/way/751642117", "josm_url": "http://127.0.0.1:8111/load_object?new_layer=false&objects=w751642117", "id_url": "https://www.openstreetmap.org/edit?editor=id&way=751642117#map=20/45.4602566/9.1876756"}}, {"type": "Feature", "geometry": {"type": "Point", "coordinates": [9.1840242, 45.4595879]}, "properties": {"id": 751646563, "feat_type": "way", "quality_categories": "missing_tags, older_than_five_years", "issue_ids": "[132, 1]", "osm_url": "https://www.openstreetmap.org/way/751646563", "josm_url": "http://127.0.0.1:8111/load_object?new_layer=false&objects=w751646563", "id_url": "https://www.openstreetmap.org/edit?editor=id&way=751646563#map=20/45.4595879/9.1840242"}}, {"type": "Feature", "geometry": {"type": "Point", "coordinates": [9.1839985, 45.4596172]}, "properties": {"id": 751646564, "feat_type": "way", "quality_categories": "missing_tags, older_than_five_years", "issue_ids": "[132, 1]", "osm_url": "https://www.openstreetmap.org/way/751646564", "josm_url": "http://127.0.0.1:8111/load_object?new_layer=false&objects=w751646564", "id_url": "https://www.openstreetmap.org/edit?editor=id&way=751646564#map=20/45.4596172/9.1839985"}}, {"type": "Feature", "geometry": {"type": "Point", "coordinates": [9.1899668, 45.4580092]}, "properties": {"id": 751813836, "feat_type": "way", "quality_categories": "missing_tags, older_than_five_years", "issue_ids": "[85, 1]", "osm_url": "https://www.openstreetmap.org/way/751813836", "josm_url": "http://127.0.0.1:8111/load_object?new_layer=false&objects=w751813836", "id_url": "https://www.openstreetmap.org/edit?editor=id&way=751813836#map=20/45.4580092/9.1899668"}}, {"type": "Feature", "geometry": {"type": "Point", "coordinates": [9.1830806, 45.459513]}, "properties": {"id": 751880512, "feat_type": "way", "quality_categories": "missing_tags, older_than_five_years", "issue_ids": "[85, 1]", "osm_url": "https://www.openstreetmap.org/way/751880512", "josm_url": "http://127.0.0.1:8111/load_object?new_layer=false&objects=w751880512", "id_url": "https://www.openstreetmap.org/edit?editor=id&way=751880512#map=20/45.459513/9.1830806"}}, {"type": "Feature", "geometry": {"type": "Point", "coordinates": [9.1846134, 45.4586652]}, "properties": {"id": 751891068, "feat_type": "way", "quality_categories": "missing_tags, older_than_five_years", "issue_ids": "[85, 1]", "osm_url": "https://www.openstreetmap.org/way/751891068", "josm_url": "http://127.0.0.1:8111/load_object?new_layer=false&objects=w751891068", "id_url": "https://www.openstreetmap.org/edit?editor=id&way=751891068#map=20/45.4586652/9.1846134"}}, {"type": "Feature", "geometry": {"type": "Point", "coordinates": [9.1847835, 45.4582137]}, "properties": {"id": 751891069, "feat_type": "way", "quality_categories": "missing_tags, older_than_five_years", "issue_ids": "[133, 1]", "osm_url": "https://www.openstreetmap.org/way/751891069", "josm_url": "http://127.0.0.1:8111/load_object?new_layer=false&objects=w751891069", "id_url": "https://www.openstreetmap.org/edit?editor=id&way=751891069#map=20/45.4582137/9.1847835"}}, {"type": "Feature", "geometry": {"type": "Point", "coordinates": [9.1854002, 45.458319]}, "properties": {"id": 751901100, "feat_type": "way", "quality_categories": "missing_tags, older_than_five_years", "issue_ids": "[85, 1]", "osm_url": "https://www.openstreetmap.org/way/751901100", "josm_url": "http://127.0.0.1:8111/load_object?new_layer=false&objects=w751901100", "id_url": "https://www.openstreetmap.org/edit?editor=id&way=751901100#map=20/45.458319/9.1854002"}}, {"type": "Feature", "geometry": {"type": "Point", "coordinates": [9.1853808, 45.4580571]}, "properties": {"id": 751901101, "feat_type": "way", "quality_categories": "missing_tags, older_than_five_years", "issue_ids": "[85, 1]", "osm_url": "https://www.openstreetmap.org/way/751901101", "josm_url": "http://127.0.0.1:8111/load_object?new_layer=false&objects=w751901101", "id_url": "https://www.openstreetmap.org/edit?editor=id&way=751901101#map=20/45.4580571/9.1853808"}}, {"type": "Feature", "geometry": {"type": "Point", "coordinates": [9.1856135, 45.4582247]}, "properties": {"id": 751904433, "feat_type": "way", "quality_categories": "missing_tags, older_than_five_years", "issue_ids": "[85, 1]", "osm_url": "https://www.openstreetmap.org/way/751904433", "josm_url": "http://127.0.0.1:8111/load_object?new_layer=false&objects=w751904433", "id_url": "https://www.openstreetmap.org/edit?editor=id&way=751904433#map=20/45.4582247/9.1856135"}}, {"type": "Feature", "geometry": {"type": "Point", "coordinates": [9.1855634, 45.4582439]}, "properties": {"id": 751904434, "feat_type": "way", "quality_categories": "missing_tags, older_than_five_years", "issue_ids": "[85, 1]", "osm_url": "https://www.openstreetmap.org/way/751904434", "josm_url": "http://127.0.0.1:8111/load_object?new_layer=false&objects=w751904434", "id_url": "https://www.openstreetmap.org/edit?editor=id&way=751904434#map=20/45.4582439/9.1855634"}}, {"type": "Feature", "geometry": {"type": "Point", "coordinates": [9.1854002, 45.458319]}, "properties": {"id": 751904435, "feat_type": "way", "quality_categories": "missing_tags, older_than_five_years", "issue_ids": "[85, 1]", "osm_url": "https://www.openstreetmap.org/way/751904435", "josm_url": "http://127.0.0.1:8111/load_object?new_layer=false&objects=w751904435", "id_url": "https://www.openstreetmap.org/edit?editor=id&way=751904435#map=20/45.458319/9.1854002"}}, {"type": "Feature", "geometry": {"type": "Point", "coordinates": [9.1853374, 45.4583452]}, "properties": {"id": 751904436, "feat_type": "way", "quality_categories": "missing_tags, older_than_five_years", "issue_ids": "[85, 1]", "osm_url": "https://www.openstreetmap.org/way/751904436", "josm_url": "http://127.0.0.1:8111/load_object?new_layer=false&objects=w751904436", "id_url": "https://www.openstreetmap.org/edit?editor=id&way=751904436#map=20/45.4583452/9.1853374"}}, {"type": "Feature", "geometry": {"type": "Point", "coordinates": [9.1838391, 45.4570224]}, "properties": {"id": 751917670, "feat_type": "way", "quality_categories": "missing_tags, older_than_five_years", "issue_ids": "[85, 1]", "osm_url": "https://www.openstreetmap.org/way/751917670", "josm_url": "http://127.0.0.1:8111/load_object?new_layer=false&objects=w751917670", "id_url": "https://www.openstreetmap.org/edit?editor=id&way=751917670#map=20/45.4570224/9.1838391"}}, {"type": "Feature", "geometry": {"type": "Point", "coordinates": [9.1841774, 45.4580192]}, "properties": {"id": 751917671, "feat_type": "way", "quality_categories": "missing_tags, older_than_five_years", "issue_ids": "[85, 1]", "osm_url": "https://www.openstreetmap.org/way/751917671", "josm_url": "http://127.0.0.1:8111/load_object?new_layer=false&objects=w751917671", "id_url": "https://www.openstreetmap.org/edit?editor=id&way=751917671#map=20/45.4580192/9.1841774"}}, {"type": "Feature", "geometry": {"type": "Point", "coordinates": [9.1843691, 45.4574776]}, "properties": {"id": 751917672, "feat_type": "way", "quality_categories": "missing_tags, older_than_five_years", "issue_ids": "[133, 1]", "osm_url": "https://www.openstreetmap.org/way/751917672", "josm_url": "http://127.0.0.1:8111/load_object?new_layer=false&objects=w751917672", "id_url": "https://www.openstreetmap.org/edit?editor=id&way=751917672#map=20/45.4574776/9.1843691"}}, {"type": "Feature", "geometry": {"type": "Point", "coordinates": [9.1846102, 45.4563047]}, "properties": {"id": 751927995, "feat_type": "way", "quality_categories": "missing_tags, older_than_five_years", "issue_ids": "[85, 1]", "osm_url": "https://www.openstreetmap.org/way/751927995", "josm_url": "http://127.0.0.1:8111/load_object?new_layer=false&objects=w751927995", "id_url": "https://www.openstreetmap.org/edit?editor=id&way=751927995#map=20/45.4563047/9.1846102"}}, {"type": "Feature", "geometry": {"type": "Point", "coordinates": [9.1836455, 45.4555245]}, "properties": {"id": 751927996, "feat_type": "way", "quality_categories": "missing_tags, older_than_five_years", "issue_ids": "[85, 1]", "osm_url": "https://www.openstreetmap.org/way/751927996", "josm_url": "http://127.0.0.1:8111/load_object?new_layer=false&objects=w751927996", "id_url": "https://www.openstreetmap.org/edit?editor=id&way=751927996#map=20/45.4555245/9.1836455"}}, {"type": "Feature", "geometry": {"type": "Point", "coordinates": [9.1868938, 45.4534024]}, "properties": {"id": 751957429, "feat_type": "way", "quality_categories": "missing_tags, older_than_five_years", "issue_ids": "[85, 1]", "osm_url": "https://www.openstreetmap.org/way/751957429", "josm_url": "http://127.0.0.1:8111/load_object?new_layer=false&objects=w751957429", "id_url": "https://www.openstreetmap.org/edit?editor=id&way=751957429#map=20/45.4534024/9.1868938"}}, {"type": "Feature", "geometry": {"type": "Point", "coordinates": [9.1868212, 45.4532913]}, "properties": {"id": 752177067, "feat_type": "way", "quality_categories": "missing_tags, older_than_five_years", "issue_ids": "[14, 1]", "osm_url": "https://www.openstreetmap.org/way/752177067", "josm_url": "http://127.0.0.1:8111/load_object?new_layer=false&objects=w752177067", "id_url": "https://www.openstreetmap.org/edit?editor=id&way=752177067#map=20/45.4532913/9.1868212"}}, {"type": "Feature", "geometry": {"type": "Point", "coordinates": [9.186061, 45.4533462]}, "properties": {"id": 752181201, "feat_type": "way", "quality_categories": "missing_tags, older_than_five_years", "issue_ids": "[14, 1]", "osm_url": "https://www.openstreetmap.org/way/752181201", "josm_url": "http://127.0.0.1:8111/load_object?new_layer=false&objects=w752181201", "id_url": "https://www.openstreetmap.org/edit?editor=id&way=752181201#map=20/45.4533462/9.186061"}}, {"type": "Feature", "geometry": {"type": "Point", "coordinates": [9.1879338, 45.4555017]}, "properties": {"id": 752185679, "feat_type": "way", "quality_categories": "missing_tags, older_than_five_years", "issue_ids": "[14, 1]", "osm_url": "https://www.openstreetmap.org/way/752185679", "josm_url": "http://127.0.0.1:8111/load_object?new_layer=false&objects=w752185679", "id_url": "https://www.openstreetmap.org/edit?editor=id&way=752185679#map=20/45.4555017/9.1879338"}}, {"type": "Feature", "geometry": {"type": "Point", "coordinates": [9.187021, 45.4533507]}, "properties": {"id": 752229155, "feat_type": "way", "quality_categories": "missing_tags, older_than_five_years", "issue_ids": "[14, 1]", "osm_url": "https://www.openstreetmap.org/way/752229155", "josm_url": "http://127.0.0.1:8111/load_object?new_layer=false&objects=w752229155", "id_url": "https://www.openstreetmap.org/edit?editor=id&way=752229155#map=20/45.4533507/9.187021"}}, {"type": "Feature", "geometry": {"type": "Point", "coordinates": [9.1895272, 45.4521536]}, "properties": {"id": 752252964, "feat_type": "way", "quality_categories": "missing_tags, older_than_five_years", "issue_ids": "[14, 1]", "osm_url": "https://www.openstreetmap.org/way/752252964", "josm_url": "http://127.0.0.1:8111/load_object?new_layer=false&objects=w752252964", "id_url": "https://www.openstreetmap.org/edit?editor=id&way=752252964#map=20/45.4521536/9.1895272"}}, {"type": "Feature", "geometry": {"type": "Point", "coordinates": [9.1868892, 45.4525207]}, "properties": {"id": 752252966, "feat_type": "way", "quality_categories": "missing_tags, older_than_five_years", "issue_ids": "[14, 1]", "osm_url": "https://www.openstreetmap.org/way/752252966", "josm_url": "http://127.0.0.1:8111/load_object?new_layer=false&objects=w752252966", "id_url": "https://www.openstreetmap.org/edit?editor=id&way=752252966#map=20/45.4525207/9.1868892"}}, {"type": "Feature", "geometry": {"type": "Point", "coordinates": [9.1897515, 45.4531043]}, "properties": {"id": 752271657, "feat_type": "way", "quality_categories": "missing_tags, older_than_five_years", "issue_ids": "[14, 1]", "osm_url": "https://www.openstreetmap.org/way/752271657", "josm_url": "http://127.0.0.1:8111/load_object?new_layer=false&objects=w752271657", "id_url": "https://www.openstreetmap.org/edit?editor=id&way=752271657#map=20/45.4531043/9.1897515"}}, {"type": "Feature", "geometry": {"type": "Point", "coordinates": [9.1895389, 45.4521538]}, "properties": {"id": 752284563, "feat_type": "way", "quality_categories": "missing_tags, older_than_five_years", "issue_ids": "[14, 1]", "osm_url": "https://www.openstreetmap.org/way/752284563", "josm_url": "http://127.0.0.1:8111/load_object?new_layer=false&objects=w752284563", "id_url": "https://www.openstreetmap.org/edit?editor=id&way=752284563#map=20/45.4521538/9.1895389"}}, {"type": "Feature", "geometry": {"type": "Point", "coordinates": [9.1896054, 45.4521549]}, "properties": {"id": 752284564, "feat_type": "way", "quality_categories": "missing_tags, older_than_five_years", "issue_ids": "[14, 1]", "osm_url": "https://www.openstreetmap.org/way/752284564", "josm_url": "http://127.0.0.1:8111/load_object?new_layer=false&objects=w752284564", "id_url": "https://www.openstreetmap.org/edit?editor=id&way=752284564#map=20/45.4521549/9.1896054"}}, {"type": "Feature", "geometry": {"type": "Point", "coordinates": [9.1897673, 45.4521422]}, "properties": {"id": 752284565, "feat_type": "way", "quality_categories": "missing_tags, older_than_five_years", "issue_ids": "[14, 1]", "osm_url": "https://www.openstreetmap.org/way/752284565", "josm_url": "http://127.0.0.1:8111/load_object?new_layer=false&objects=w752284565", "id_url": "https://www.openstreetmap.org/edit?editor=id&way=752284565#map=20/45.4521422/9.1897673"}}, {"type": "Feature", "geometry": {"type": "Point", "coordinates": [9.1897452, 45.4519127]}, "properties": {"id": 752286990, "feat_type": "way", "quality_categories": "missing_tags, older_than_five_years", "issue_ids": "[14, 1]", "osm_url": "https://www.openstreetmap.org/way/752286990", "josm_url": "http://127.0.0.1:8111/load_object?new_layer=false&objects=w752286990", "id_url": "https://www.openstreetmap.org/edit?editor=id&way=752286990#map=20/45.4519127/9.1897452"}}, {"type": "Feature", "geometry": {"type": "Point", "coordinates": [9.1897276, 45.4517312]}, "properties": {"id": 752286991, "feat_type": "way", "quality_categories": "missing_tags, older_than_five_years", "issue_ids": "[14, 1]", "osm_url": "https://www.openstreetmap.org/way/752286991", "josm_url": "http://127.0.0.1:8111/load_object?new_layer=false&objects=w752286991", "id_url": "https://www.openstreetmap.org/edit?editor=id&way=752286991#map=20/45.4517312/9.1897276"}}, {"type": "Feature", "geometry": {"type": "Point", "coordinates": [9.1927547, 45.4528978]}, "properties": {"id": 752289583, "feat_type": "way", "quality_categories": "missing_tags, older_than_five_years", "issue_ids": "[14, 1]", "osm_url": "https://www.openstreetmap.org/way/752289583", "josm_url": "http://127.0.0.1:8111/load_object?new_layer=false&objects=w752289583", "id_url": "https://www.openstreetmap.org/edit?editor=id&way=752289583#map=20/45.4528978/9.1927547"}}, {"type": "Feature", "geometry": {"type": "Point", "coordinates": [9.1927543, 45.4530268]}, "properties": {"id": 752289585, "feat_type": "way", "quality_categories": "missing_tags, older_than_five_years", "issue_ids": "[14, 1]", "osm_url": "https://www.openstreetmap.org/way/752289585", "josm_url": "http://127.0.0.1:8111/load_object?new_layer=false&objects=w752289585", "id_url": "https://www.openstreetmap.org/edit?editor=id&way=752289585#map=20/45.4530268/9.1927543"}}, {"type": "Feature", "geometry": {"type": "Point", "coordinates": [9.1762768, 45.456665]}, "properties": {"id": 752371330, "feat_type": "way", "quality_categories": "missing_tags, older_than_five_years", "issue_ids": "[14, 1]", "osm_url": "https://www.openstreetmap.org/way/752371330", "josm_url": "http://127.0.0.1:8111/load_object?new_layer=false&objects=w752371330", "id_url": "https://www.openstreetmap.org/edit?editor=id&way=752371330#map=20/45.456665/9.1762768"}}, {"type": "Feature", "geometry": {"type": "Point", "coordinates": [9.1757881, 45.4555067]}, "properties": {"id": 752371333, "feat_type": "way", "quality_categories": "missing_tags, older_than_five_years", "issue_ids": "[14, 1]", "osm_url": "https://www.openstreetmap.org/way/752371333", "josm_url": "http://127.0.0.1:8111/load_object?new_layer=false&objects=w752371333", "id_url": "https://www.openstreetmap.org/edit?editor=id&way=752371333#map=20/45.4555067/9.1757881"}}, {"type": "Feature", "geometry": {"type": "Point", "coordinates": [9.1768983, 45.4561963]}, "properties": {"id": 752390282, "feat_type": "way", "quality_categories": "missing_tags, older_than_five_years", "issue_ids": "[14, 1]", "osm_url": "https://www.openstreetmap.org/way/752390282", "josm_url": "http://127.0.0.1:8111/load_object?new_layer=false&objects=w752390282", "id_url": "https://www.openstreetmap.org/edit?editor=id&way=752390282#map=20/45.4561963/9.1768983"}}, {"type": "Feature", "geometry": {"type": "Point", "coordinates": [9.1763486, 45.4567182]}, "properties": {"id": 752515436, "feat_type": "way", "quality_categories": "missing_tags, older_than_five_years", "issue_ids": "[14, 1]", "osm_url": "https://www.openstreetmap.org/way/752515436", "josm_url": "http://127.0.0.1:8111/load_object?new_layer=false&objects=w752515436", "id_url": "https://www.openstreetmap.org/edit?editor=id&way=752515436#map=20/45.4567182/9.1763486"}}, {"type": "Feature", "geometry": {"type": "Point", "coordinates": [9.177353, 45.4561562]}, "properties": {"id": 752515437, "feat_type": "way", "quality_categories": "missing_tags, older_than_five_years", "issue_ids": "[14, 1]", "osm_url": "https://www.openstreetmap.org/way/752515437", "josm_url": "http://127.0.0.1:8111/load_object?new_layer=false&objects=w752515437", "id_url": "https://www.openstreetmap.org/edit?editor=id&way=752515437#map=20/45.4561562/9.177353"}}, {"type": "Feature", "geometry": {"type": "Point", "coordinates": [9.179469, 45.4543223]}, "properties": {"id": 752630617, "feat_type": "way", "quality_categories": "missing_tags, older_than_five_years", "issue_ids": "[14, 1]", "osm_url": "https://www.openstreetmap.org/way/752630617", "josm_url": "http://127.0.0.1:8111/load_object?new_layer=false&objects=w752630617", "id_url": "https://www.openstreetmap.org/edit?editor=id&way=752630617#map=20/45.4543223/9.179469"}}, {"type": "Feature", "geometry": {"type": "Point", "coordinates": [9.1786284, 45.4549734]}, "properties": {"id": 752644175, "feat_type": "way", "quality_categories": "missing_tags, older_than_five_years", "issue_ids": "[14, 1]", "osm_url": "https://www.openstreetmap.org/way/752644175", "josm_url": "http://127.0.0.1:8111/load_object?new_layer=false&objects=w752644175", "id_url": "https://www.openstreetmap.org/edit?editor=id&way=752644175#map=20/45.4549734/9.1786284"}}, {"type": "Feature", "geometry": {"type": "Point", "coordinates": [9.1802161, 45.4572905]}, "properties": {"id": 752644177, "feat_type": "way", "quality_categories": "missing_tags, older_than_five_years", "issue_ids": "[14, 1]", "osm_url": "https://www.openstreetmap.org/way/752644177", "josm_url": "http://127.0.0.1:8111/load_object?new_layer=false&objects=w752644177", "id_url": "https://www.openstreetmap.org/edit?editor=id&way=752644177#map=20/45.4572905/9.1802161"}}, {"type": "Feature", "geometry": {"type": "Point", "coordinates": [9.1778138, 45.4541158]}, "properties": {"id": 752656493, "feat_type": "way", "quality_categories": "missing_tags, older_than_five_years", "issue_ids": "[14, 1]", "osm_url": "https://www.openstreetmap.org/way/752656493", "josm_url": "http://127.0.0.1:8111/load_object?new_layer=false&objects=w752656493", "id_url": "https://www.openstreetmap.org/edit?editor=id&way=752656493#map=20/45.4541158/9.1778138"}}, {"type": "Feature", "geometry": {"type": "Point", "coordinates": [9.1778138, 45.4541158]}, "properties": {"id": 752660582, "feat_type": "way", "quality_categories": "missing_tags, older_than_five_years", "issue_ids": "[14, 1]", "osm_url": "https://www.openstreetmap.org/way/752660582", "josm_url": "http://127.0.0.1:8111/load_object?new_layer=false&objects=w752660582", "id_url": "https://www.openstreetmap.org/edit?editor=id&way=752660582#map=20/45.4541158/9.1778138"}}, {"type": "Feature", "geometry": {"type": "Point", "coordinates": [9.1767011, 45.4545346]}, "properties": {"id": 752669935, "feat_type": "way", "quality_categories": "missing_tags, older_than_five_years", "issue_ids": "[14, 1]", "osm_url": "https://www.openstreetmap.org/way/752669935", "josm_url": "http://127.0.0.1:8111/load_object?new_layer=false&objects=w752669935", "id_url": "https://www.openstreetmap.org/edit?editor=id&way=752669935#map=20/45.4545346/9.1767011"}}, {"type": "Feature", "geometry": {"type": "Point", "coordinates": [9.2060171, 45.4562929]}, "properties": {"id": 752698875, "feat_type": "way", "quality_categories": "missing_tags, older_than_five_years", "issue_ids": "[14, 1]", "osm_url": "https://www.openstreetmap.org/way/752698875", "josm_url": "http://127.0.0.1:8111/load_object?new_layer=false&objects=w752698875", "id_url": "https://www.openstreetmap.org/edit?editor=id&way=752698875#map=20/45.4562929/9.2060171"}}, {"type": "Feature", "geometry": {"type": "Point", "coordinates": [9.193183, 45.4652107]}, "properties": {"id": 752966524, "feat_type": "way", "quality_categories": "missing_tags, older_than_five_years", "issue_ids": "[52, 1]", "osm_url": "https://www.openstreetmap.org/way/752966524", "josm_url": "http://127.0.0.1:8111/load_object?new_layer=false&objects=w752966524", "id_url": "https://www.openstreetmap.org/edit?editor=id&way=752966524#map=20/45.4652107/9.193183"}}, {"type": "Feature", "geometry": {"type": "Point", "coordinates": [9.1931811, 45.4651974]}, "properties": {"id": 752966525, "feat_type": "way", "quality_categories": "missing_tags, older_than_five_years", "issue_ids": "[52, 1]", "osm_url": "https://www.openstreetmap.org/way/752966525", "josm_url": "http://127.0.0.1:8111/load_object?new_layer=false&objects=w752966525", "id_url": "https://www.openstreetmap.org/edit?editor=id&way=752966525#map=20/45.4651974/9.1931811"}}, {"type": "Feature", "geometry": {"type": "Point", "coordinates": [9.1933495, 45.465299]}, "properties": {"id": 752966526, "feat_type": "way", "quality_categories": "missing_tags, older_than_five_years", "issue_ids": "[52, 1]", "osm_url": "https://www.openstreetmap.org/way/752966526", "josm_url": "http://127.0.0.1:8111/load_object?new_layer=false&objects=w752966526", "id_url": "https://www.openstreetmap.org/edit?editor=id&way=752966526#map=20/45.465299/9.1933495"}}, {"type": "Feature", "geometry": {"type": "Point", "coordinates": [9.1930648, 45.4652866]}, "properties": {"id": 752966527, "feat_type": "way", "quality_categories": "missing_tags, older_than_five_years", "issue_ids": "[52, 1]", "osm_url": "https://www.openstreetmap.org/way/752966527", "josm_url": "http://127.0.0.1:8111/load_object?new_layer=false&objects=w752966527", "id_url": "https://www.openstreetmap.org/edit?editor=id&way=752966527#map=20/45.4652866/9.1930648"}}, {"type": "Feature", "geometry": {"type": "Point", "coordinates": [9.1930799, 45.4652958]}, "properties": {"id": 752966528, "feat_type": "way", "quality_categories": "missing_tags, older_than_five_years", "issue_ids": "[52, 1]", "osm_url": "https://www.openstreetmap.org/way/752966528", "josm_url": "http://127.0.0.1:8111/load_object?new_layer=false&objects=w752966528", "id_url": "https://www.openstreetmap.org/edit?editor=id&way=752966528#map=20/45.4652958/9.1930799"}}, {"type": "Feature", "geometry": {"type": "Point", "coordinates": [9.1934294, 45.4653269]}, "properties": {"id": 752966529, "feat_type": "way", "quality_categories": "missing_tags, older_than_five_years", "issue_ids": "[52, 1]", "osm_url": "https://www.openstreetmap.org/way/752966529", "josm_url": "http://127.0.0.1:8111/load_object?new_layer=false&objects=w752966529", "id_url": "https://www.openstreetmap.org/edit?editor=id&way=752966529#map=20/45.4653269/9.1934294"}}, {"type": "Feature", "geometry": {"type": "Point", "coordinates": [9.1933906, 45.4653914]}, "properties": {"id": 752966530, "feat_type": "way", "quality_categories": "missing_tags, older_than_five_years", "issue_ids": "[52, 1]", "osm_url": "https://www.openstreetmap.org/way/752966530", "josm_url": "http://127.0.0.1:8111/load_object?new_layer=false&objects=w752966530", "id_url": "https://www.openstreetmap.org/edit?editor=id&way=752966530#map=20/45.4653914/9.1933906"}}, {"type": "Feature", "geometry": {"type": "Point", "coordinates": [9.1933906, 45.4653914]}, "properties": {"id": 752966531, "feat_type": "way", "quality_categories": "missing_tags, older_than_five_years", "issue_ids": "[52, 1]", "osm_url": "https://www.openstreetmap.org/way/752966531", "josm_url": "http://127.0.0.1:8111/load_object?new_layer=false&objects=w752966531", "id_url": "https://www.openstreetmap.org/edit?editor=id&way=752966531#map=20/45.4653914/9.1933906"}}, {"type": "Feature", "geometry": {"type": "Point", "coordinates": [9.1859654, 45.4717307]}, "properties": {"id": 752972178, "feat_type": "way", "quality_categories": "missing_tags, older_than_five_years", "issue_ids": "[52, 1]", "osm_url": "https://www.openstreetmap.org/way/752972178", "josm_url": "http://127.0.0.1:8111/load_object?new_layer=false&objects=w752972178", "id_url": "https://www.openstreetmap.org/edit?editor=id&way=752972178#map=20/45.4717307/9.1859654"}}, {"type": "Feature", "geometry": {"type": "Point", "coordinates": [9.1694737, 45.4759628]}, "properties": {"id": 755858289, "feat_type": "way", "quality_categories": "missing_tags, older_than_five_years", "issue_ids": "[134, 1]", "osm_url": "https://www.openstreetmap.org/way/755858289", "josm_url": "http://127.0.0.1:8111/load_object?new_layer=false&objects=w755858289", "id_url": "https://www.openstreetmap.org/edit?editor=id&way=755858289#map=20/45.4759628/9.1694737"}}, {"type": "Feature", "geometry": {"type": "Point", "coordinates": [9.1695557, 45.475961]}, "properties": {"id": 755858290, "feat_type": "way", "quality_categories": "missing_tags, older_than_five_years", "issue_ids": "[134, 1]", "osm_url": "https://www.openstreetmap.org/way/755858290", "josm_url": "http://127.0.0.1:8111/load_object?new_layer=false&objects=w755858290", "id_url": "https://www.openstreetmap.org/edit?editor=id&way=755858290#map=20/45.475961/9.1695557"}}, {"type": "Feature", "geometry": {"type": "Point", "coordinates": [9.1696119, 45.4756444]}, "properties": {"id": 755858294, "feat_type": "way", "quality_categories": "missing_tags, older_than_five_years", "issue_ids": "[135, 1]", "osm_url": "https://www.openstreetmap.org/way/755858294", "josm_url": "http://127.0.0.1:8111/load_object?new_layer=false&objects=w755858294", "id_url": "https://www.openstreetmap.org/edit?editor=id&way=755858294#map=20/45.4756444/9.1696119"}}, {"type": "Feature", "geometry": {"type": "Point", "coordinates": [9.1700612, 45.4759421]}, "properties": {"id": 755858297, "feat_type": "way", "quality_categories": "missing_tags, older_than_five_years", "issue_ids": "[135, 1]", "osm_url": "https://www.openstreetmap.org/way/755858297", "josm_url": "http://127.0.0.1:8111/load_object?new_layer=false&objects=w755858297", "id_url": "https://www.openstreetmap.org/edit?editor=id&way=755858297#map=20/45.4759421/9.1700612"}}, {"type": "Feature", "geometry": {"type": "Point", "coordinates": [9.1696066, 45.47596]}, "properties": {"id": 755858299, "feat_type": "way", "quality_categories": "missing_tags, older_than_five_years", "issue_ids": "[135, 1]", "osm_url": "https://www.openstreetmap.org/way/755858299", "josm_url": "http://127.0.0.1:8111/load_object?new_layer=false&objects=w755858299", "id_url": "https://www.openstreetmap.org/edit?editor=id&way=755858299#map=20/45.47596/9.1696066"}}, {"type": "Feature", "geometry": {"type": "Point", "coordinates": [9.1695557, 45.475961]}, "properties": {"id": 755861239, "feat_type": "way", "quality_categories": "improper_keys, missing_tags, older_than_five_years", "issue_ids": "[136, 134, 1]", "osm_url": "https://www.openstreetmap.org/way/755861239", "josm_url": "http://127.0.0.1:8111/load_object?new_layer=false&objects=w755861239", "id_url": "https://www.openstreetmap.org/edit?editor=id&way=755861239#map=20/45.475961/9.1695557"}}, {"type": "Feature", "geometry": {"type": "Point", "coordinates": [9.1694971, 45.4759623]}, "properties": {"id": 755861240, "feat_type": "way", "quality_categories": "improper_keys, missing_tags, older_than_five_years", "issue_ids": "[136, 134, 1]", "osm_url": "https://www.openstreetmap.org/way/755861240", "josm_url": "http://127.0.0.1:8111/load_object?new_layer=false&objects=w755861240", "id_url": "https://www.openstreetmap.org/edit?editor=id&way=755861240#map=20/45.4759623/9.1694971"}}, {"type": "Feature", "geometry": {"type": "Point", "coordinates": [9.170161, 45.4756014]}, "properties": {"id": 755861241, "feat_type": "way", "quality_categories": "older_than_five_years", "issue_ids": "[137]", "osm_url": "https://www.openstreetmap.org/way/755861241", "josm_url": "http://127.0.0.1:8111/load_object?new_layer=false&objects=w755861241", "id_url": "https://www.openstreetmap.org/edit?editor=id&way=755861241#map=20/45.4756014/9.170161"}}, {"type": "Feature", "geometry": {"type": "Point", "coordinates": [9.170041, 45.4756038]}, "properties": {"id": 755861242, "feat_type": "way", "quality_categories": "older_than_five_years", "issue_ids": "[135]", "osm_url": "https://www.openstreetmap.org/way/755861242", "josm_url": "http://127.0.0.1:8111/load_object?new_layer=false&objects=w755861242", "id_url": "https://www.openstreetmap.org/edit?editor=id&way=755861242#map=20/45.4756038/9.170041"}}, {"type": "Feature", "geometry": {"type": "Point", "coordinates": [9.1702095, 45.4759378]}, "properties": {"id": 755862100, "feat_type": "way", "quality_categories": "missing_tags, older_than_five_years", "issue_ids": "[134, 1]", "osm_url": "https://www.openstreetmap.org/way/755862100", "josm_url": "http://127.0.0.1:8111/load_object?new_layer=false&objects=w755862100", "id_url": "https://www.openstreetmap.org/edit?editor=id&way=755862100#map=20/45.4759378/9.1702095"}}, {"type": "Feature", "geometry": {"type": "Point", "coordinates": [9.1693617, 45.4762424]}, "properties": {"id": 755862584, "feat_type": "way", "quality_categories": "missing_tags, older_than_five_years", "issue_ids": "[134, 1]", "osm_url": "https://www.openstreetmap.org/way/755862584", "josm_url": "http://127.0.0.1:8111/load_object?new_layer=false&objects=w755862584", "id_url": "https://www.openstreetmap.org/edit?editor=id&way=755862584#map=20/45.4762424/9.1693617"}}, {"type": "Feature", "geometry": {"type": "Point", "coordinates": [9.1693104, 45.47628]}, "properties": {"id": 755862585, "feat_type": "way", "quality_categories": "missing_tags, older_than_five_years", "issue_ids": "[134, 1]", "osm_url": "https://www.openstreetmap.org/way/755862585", "josm_url": "http://127.0.0.1:8111/load_object?new_layer=false&objects=w755862585", "id_url": "https://www.openstreetmap.org/edit?editor=id&way=755862585#map=20/45.47628/9.1693104"}}, {"type": "Feature", "geometry": {"type": "Point", "coordinates": [9.1709572, 45.4765787]}, "properties": {"id": 755862940, "feat_type": "way", "quality_categories": "missing_tags, older_than_five_years", "issue_ids": "[134, 1]", "osm_url": "https://www.openstreetmap.org/way/755862940", "josm_url": "http://127.0.0.1:8111/load_object?new_layer=false&objects=w755862940", "id_url": "https://www.openstreetmap.org/edit?editor=id&way=755862940#map=20/45.4765787/9.1709572"}}, {"type": "Feature", "geometry": {"type": "Point", "coordinates": [9.1698799, 45.4778671]}, "properties": {"id": 755863533, "feat_type": "way", "quality_categories": "missing_tags, older_than_five_years", "issue_ids": "[134, 1]", "osm_url": "https://www.openstreetmap.org/way/755863533", "josm_url": "http://127.0.0.1:8111/load_object?new_layer=false&objects=w755863533", "id_url": "https://www.openstreetmap.org/edit?editor=id&way=755863533#map=20/45.4778671/9.1698799"}}, {"type": "Feature", "geometry": {"type": "Point", "coordinates": [9.1727218, 45.4777045]}, "properties": {"id": 755866297, "feat_type": "way", "quality_categories": "missing_tags, older_than_five_years", "issue_ids": "[134, 1]", "osm_url": "https://www.openstreetmap.org/way/755866297", "josm_url": "http://127.0.0.1:8111/load_object?new_layer=false&objects=w755866297", "id_url": "https://www.openstreetmap.org/edit?editor=id&way=755866297#map=20/45.4777045/9.1727218"}}, {"type": "Feature", "geometry": {"type": "Point", "coordinates": [9.1564201, 45.4814091]}, "properties": {"id": 758035526, "feat_type": "way", "quality_categories": "older_than_five_years", "issue_ids": "[138]", "osm_url": "https://www.openstreetmap.org/way/758035526", "josm_url": "http://127.0.0.1:8111/load_object?new_layer=false&objects=w758035526", "id_url": "https://www.openstreetmap.org/edit?editor=id&way=758035526#map=20/45.4814091/9.1564201"}}, {"type": "Feature", "geometry": {"type": "Point", "coordinates": [9.1935808, 45.4697814]}, "properties": {"id": 758195244, "feat_type": "way", "quality_categories": "missing_tags, older_than_five_years", "issue_ids": "[60, 1]", "osm_url": "https://www.openstreetmap.org/way/758195244", "josm_url": "http://127.0.0.1:8111/load_object?new_layer=false&objects=w758195244", "id_url": "https://www.openstreetmap.org/edit?editor=id&way=758195244#map=20/45.4697814/9.1935808"}}, {"type": "Feature", "geometry": {"type": "Point", "coordinates": [9.1962636, 45.4679342]}, "properties": {"id": 758195245, "feat_type": "way", "quality_categories": "missing_tags, older_than_five_years", "issue_ids": "[60, 1]", "osm_url": "https://www.openstreetmap.org/way/758195245", "josm_url": "http://127.0.0.1:8111/load_object?new_layer=false&objects=w758195245", "id_url": "https://www.openstreetmap.org/edit?editor=id&way=758195245#map=20/45.4679342/9.1962636"}}, {"type": "Feature", "geometry": {"type": "Point", "coordinates": [9.1970265, 45.4691542]}, "properties": {"id": 758195247, "feat_type": "way", "quality_categories": "missing_tags, older_than_five_years", "issue_ids": "[60, 1]", "osm_url": "https://www.openstreetmap.org/way/758195247", "josm_url": "http://127.0.0.1:8111/load_object?new_layer=false&objects=w758195247", "id_url": "https://www.openstreetmap.org/edit?editor=id&way=758195247#map=20/45.4691542/9.1970265"}}, {"type": "Feature", "geometry": {"type": "Point", "coordinates": [9.195699, 45.4706096]}, "properties": {"id": 758195250, "feat_type": "way", "quality_categories": "missing_tags, older_than_five_years", "issue_ids": "[60, 1]", "osm_url": "https://www.openstreetmap.org/way/758195250", "josm_url": "http://127.0.0.1:8111/load_object?new_layer=false&objects=w758195250", "id_url": "https://www.openstreetmap.org/edit?editor=id&way=758195250#map=20/45.4706096/9.195699"}}, {"type": "Feature", "geometry": {"type": "Point", "coordinates": [9.1935899, 45.4690473]}, "properties": {"id": 758200127, "feat_type": "way", "quality_categories": "missing_tags, older_than_five_years", "issue_ids": "[60, 1]", "osm_url": "https://www.openstreetmap.org/way/758200127", "josm_url": "http://127.0.0.1:8111/load_object?new_layer=false&objects=w758200127", "id_url": "https://www.openstreetmap.org/edit?editor=id&way=758200127#map=20/45.4690473/9.1935899"}}, {"type": "Feature", "geometry": {"type": "Point", "coordinates": [9.193679, 45.4687441]}, "properties": {"id": 758200129, "feat_type": "way", "quality_categories": "missing_tags, older_than_five_years", "issue_ids": "[60, 1]", "osm_url": "https://www.openstreetmap.org/way/758200129", "josm_url": "http://127.0.0.1:8111/load_object?new_layer=false&objects=w758200129", "id_url": "https://www.openstreetmap.org/edit?editor=id&way=758200129#map=20/45.4687441/9.193679"}}, {"type": "Feature", "geometry": {"type": "Point", "coordinates": [9.1936218, 45.4689609]}, "properties": {"id": 758200130, "feat_type": "way", "quality_categories": "missing_tags, older_than_five_years", "issue_ids": "[60, 1]", "osm_url": "https://www.openstreetmap.org/way/758200130", "josm_url": "http://127.0.0.1:8111/load_object?new_layer=false&objects=w758200130", "id_url": "https://www.openstreetmap.org/edit?editor=id&way=758200130#map=20/45.4689609/9.1936218"}}, {"type": "Feature", "geometry": {"type": "Point", "coordinates": [9.1935821, 45.4689559]}, "properties": {"id": 758200131, "feat_type": "way", "quality_categories": "missing_tags, older_than_five_years", "issue_ids": "[60, 1]", "osm_url": "https://www.openstreetmap.org/way/758200131", "josm_url": "http://127.0.0.1:8111/load_object?new_layer=false&objects=w758200131", "id_url": "https://www.openstreetmap.org/edit?editor=id&way=758200131#map=20/45.4689559/9.1935821"}}, {"type": "Feature", "geometry": {"type": "Point", "coordinates": [9.1936178, 45.4686652]}, "properties": {"id": 758200132, "feat_type": "way", "quality_categories": "missing_tags, older_than_five_years", "issue_ids": "[60, 1]", "osm_url": "https://www.openstreetmap.org/way/758200132", "josm_url": "http://127.0.0.1:8111/load_object?new_layer=false&objects=w758200132", "id_url": "https://www.openstreetmap.org/edit?editor=id&way=758200132#map=20/45.4686652/9.1936178"}}, {"type": "Feature", "geometry": {"type": "Point", "coordinates": [9.1940284, 45.4682735]}, "properties": {"id": 758200136, "feat_type": "way", "quality_categories": "missing_tags, older_than_five_years", "issue_ids": "[60, 1]", "osm_url": "https://www.openstreetmap.org/way/758200136", "josm_url": "http://127.0.0.1:8111/load_object?new_layer=false&objects=w758200136", "id_url": "https://www.openstreetmap.org/edit?editor=id&way=758200136#map=20/45.4682735/9.1940284"}}, {"type": "Feature", "geometry": {"type": "Point", "coordinates": [9.1843804, 45.4673208]}, "properties": {"id": 758207570, "feat_type": "way", "quality_categories": "missing_tags, older_than_five_years", "issue_ids": "[60, 1]", "osm_url": "https://www.openstreetmap.org/way/758207570", "josm_url": "http://127.0.0.1:8111/load_object?new_layer=false&objects=w758207570", "id_url": "https://www.openstreetmap.org/edit?editor=id&way=758207570#map=20/45.4673208/9.1843804"}}, {"type": "Feature", "geometry": {"type": "Point", "coordinates": [9.1860291, 45.4674068]}, "properties": {"id": 758207575, "feat_type": "way", "quality_categories": "missing_tags, older_than_five_years", "issue_ids": "[60, 1]", "osm_url": "https://www.openstreetmap.org/way/758207575", "josm_url": "http://127.0.0.1:8111/load_object?new_layer=false&objects=w758207575", "id_url": "https://www.openstreetmap.org/edit?editor=id&way=758207575#map=20/45.4674068/9.1860291"}}, {"type": "Feature", "geometry": {"type": "Point", "coordinates": [9.1861218, 45.4674087]}, "properties": {"id": 758207576, "feat_type": "way", "quality_categories": "missing_tags, older_than_five_years", "issue_ids": "[60, 1]", "osm_url": "https://www.openstreetmap.org/way/758207576", "josm_url": "http://127.0.0.1:8111/load_object?new_layer=false&objects=w758207576", "id_url": "https://www.openstreetmap.org/edit?editor=id&way=758207576#map=20/45.4674087/9.1861218"}}, {"type": "Feature", "geometry": {"type": "Point", "coordinates": [9.1862712, 45.4674421]}, "properties": {"id": 758207577, "feat_type": "way", "quality_categories": "missing_tags, older_than_five_years", "issue_ids": "[60, 1]", "osm_url": "https://www.openstreetmap.org/way/758207577", "josm_url": "http://127.0.0.1:8111/load_object?new_layer=false&objects=w758207577", "id_url": "https://www.openstreetmap.org/edit?editor=id&way=758207577#map=20/45.4674421/9.1862712"}}, {"type": "Feature", "geometry": {"type": "Point", "coordinates": [9.1967059, 45.4608621]}, "properties": {"id": 758208716, "feat_type": "way", "quality_categories": "missing_tags, older_than_five_years", "issue_ids": "[60, 1]", "osm_url": "https://www.openstreetmap.org/way/758208716", "josm_url": "http://127.0.0.1:8111/load_object?new_layer=false&objects=w758208716", "id_url": "https://www.openstreetmap.org/edit?editor=id&way=758208716#map=20/45.4608621/9.1967059"}}, {"type": "Feature", "geometry": {"type": "Point", "coordinates": [9.1967059, 45.4608621]}, "properties": {"id": 758208718, "feat_type": "way", "quality_categories": "missing_tags, older_than_five_years", "issue_ids": "[60, 1]", "osm_url": "https://www.openstreetmap.org/way/758208718", "josm_url": "http://127.0.0.1:8111/load_object?new_layer=false&objects=w758208718", "id_url": "https://www.openstreetmap.org/edit?editor=id&way=758208718#map=20/45.4608621/9.1967059"}}, {"type": "Feature", "geometry": {"type": "Point", "coordinates": [9.1988801, 45.4597491]}, "properties": {"id": 758208721, "feat_type": "way", "quality_categories": "missing_tags, older_than_five_years", "issue_ids": "[60, 1]", "osm_url": "https://www.openstreetmap.org/way/758208721", "josm_url": "http://127.0.0.1:8111/load_object?new_layer=false&objects=w758208721", "id_url": "https://www.openstreetmap.org/edit?editor=id&way=758208721#map=20/45.4597491/9.1988801"}}, {"type": "Feature", "geometry": {"type": "Point", "coordinates": [9.198491, 45.4608702]}, "properties": {"id": 758209119, "feat_type": "way", "quality_categories": "older_than_five_years", "issue_ids": "[71]", "osm_url": "https://www.openstreetmap.org/way/758209119", "josm_url": "http://127.0.0.1:8111/load_object?new_layer=false&objects=w758209119", "id_url": "https://www.openstreetmap.org/edit?editor=id&way=758209119#map=20/45.4608702/9.198491"}}, {"type": "Feature", "geometry": {"type": "Point", "coordinates": [9.1985777, 45.4603115]}, "properties": {"id": 758209120, "feat_type": "way", "quality_categories": "older_than_five_years", "issue_ids": "[71]", "osm_url": "https://www.openstreetmap.org/way/758209120", "josm_url": "http://127.0.0.1:8111/load_object?new_layer=false&objects=w758209120", "id_url": "https://www.openstreetmap.org/edit?editor=id&way=758209120#map=20/45.4603115/9.1985777"}}, {"type": "Feature", "geometry": {"type": "Point", "coordinates": [9.196556, 45.4618379]}, "properties": {"id": 758209271, "feat_type": "way", "quality_categories": "missing_tags, older_than_five_years", "issue_ids": "[60, 1]", "osm_url": "https://www.openstreetmap.org/way/758209271", "josm_url": "http://127.0.0.1:8111/load_object?new_layer=false&objects=w758209271", "id_url": "https://www.openstreetmap.org/edit?editor=id&way=758209271#map=20/45.4618379/9.196556"}}, {"type": "Feature", "geometry": {"type": "Point", "coordinates": [9.196727, 45.4532801]}, "properties": {"id": 758211622, "feat_type": "way", "quality_categories": "older_than_five_years", "issue_ids": "[60]", "osm_url": "https://www.openstreetmap.org/way/758211622", "josm_url": "http://127.0.0.1:8111/load_object?new_layer=false&objects=w758211622", "id_url": "https://www.openstreetmap.org/edit?editor=id&way=758211622#map=20/45.4532801/9.196727"}}, {"type": "Feature", "geometry": {"type": "Point", "coordinates": [9.1769824, 45.4602546]}, "properties": {"id": 758213887, "feat_type": "way", "quality_categories": "missing_tags, older_than_five_years", "issue_ids": "[60, 1]", "osm_url": "https://www.openstreetmap.org/way/758213887", "josm_url": "http://127.0.0.1:8111/load_object?new_layer=false&objects=w758213887", "id_url": "https://www.openstreetmap.org/edit?editor=id&way=758213887#map=20/45.4602546/9.1769824"}}, {"type": "Feature", "geometry": {"type": "Point", "coordinates": [9.1775375, 45.4605151]}, "properties": {"id": 758213888, "feat_type": "way", "quality_categories": "missing_tags, older_than_five_years", "issue_ids": "[60, 1]", "osm_url": "https://www.openstreetmap.org/way/758213888", "josm_url": "http://127.0.0.1:8111/load_object?new_layer=false&objects=w758213888", "id_url": "https://www.openstreetmap.org/edit?editor=id&way=758213888#map=20/45.4605151/9.1775375"}}, {"type": "Feature", "geometry": {"type": "Point", "coordinates": [9.1792096, 45.4588208]}, "properties": {"id": 758214113, "feat_type": "way", "quality_categories": "missing_tags, older_than_five_years", "issue_ids": "[60, 1]", "osm_url": "https://www.openstreetmap.org/way/758214113", "josm_url": "http://127.0.0.1:8111/load_object?new_layer=false&objects=w758214113", "id_url": "https://www.openstreetmap.org/edit?editor=id&way=758214113#map=20/45.4588208/9.1792096"}}, {"type": "Feature", "geometry": {"type": "Point", "coordinates": [9.1561425, 45.4839105]}, "properties": {"id": 761209025, "feat_type": "way", "quality_categories": "older_than_five_years", "issue_ids": "[139]", "osm_url": "https://www.openstreetmap.org/way/761209025", "josm_url": "http://127.0.0.1:8111/load_object?new_layer=false&objects=w761209025", "id_url": "https://www.openstreetmap.org/edit?editor=id&way=761209025#map=20/45.4839105/9.1561425"}}, {"type": "Feature", "geometry": {"type": "Point", "coordinates": [9.1268362, 45.504659]}, "properties": {"id": 765930656, "feat_type": "way", "quality_categories": "missing_tags, older_than_five_years", "issue_ids": "[38, 1]", "osm_url": "https://www.openstreetmap.org/way/765930656", "josm_url": "http://127.0.0.1:8111/load_object?new_layer=false&objects=w765930656", "id_url": "https://www.openstreetmap.org/edit?editor=id&way=765930656#map=20/45.504659/9.1268362"}}, {"type": "Feature", "geometry": {"type": "Point", "coordinates": [9.126285, 45.5067373]}, "properties": {"id": 765936723, "feat_type": "way", "quality_categories": "missing_tags, older_than_five_years", "issue_ids": "[38, 1]", "osm_url": "https://www.openstreetmap.org/way/765936723", "josm_url": "http://127.0.0.1:8111/load_object?new_layer=false&objects=w765936723", "id_url": "https://www.openstreetmap.org/edit?editor=id&way=765936723#map=20/45.5067373/9.126285"}}, {"type": "Feature", "geometry": {"type": "Point", "coordinates": [9.1263151, 45.5068118]}, "properties": {"id": 765936725, "feat_type": "way", "quality_categories": "missing_tags, older_than_five_years", "issue_ids": "[38, 1]", "osm_url": "https://www.openstreetmap.org/way/765936725", "josm_url": "http://127.0.0.1:8111/load_object?new_layer=false&objects=w765936725", "id_url": "https://www.openstreetmap.org/edit?editor=id&way=765936725#map=20/45.5068118/9.1263151"}}, {"type": "Feature", "geometry": {"type": "Point", "coordinates": [9.1315651, 45.5055827]}, "properties": {"id": 765955054, "feat_type": "way", "quality_categories": "missing_tags, older_than_five_years", "issue_ids": "[38, 1]", "osm_url": "https://www.openstreetmap.org/way/765955054", "josm_url": "http://127.0.0.1:8111/load_object?new_layer=false&objects=w765955054", "id_url": "https://www.openstreetmap.org/edit?editor=id&way=765955054#map=20/45.5055827/9.1315651"}}, {"type": "Feature", "geometry": {"type": "Point", "coordinates": [9.1372662, 45.5044502]}, "properties": {"id": 765959607, "feat_type": "way", "quality_categories": "missing_tags, older_than_five_years", "issue_ids": "[38, 1]", "osm_url": "https://www.openstreetmap.org/way/765959607", "josm_url": "http://127.0.0.1:8111/load_object?new_layer=false&objects=w765959607", "id_url": "https://www.openstreetmap.org/edit?editor=id&way=765959607#map=20/45.5044502/9.1372662"}}, {"type": "Feature", "geometry": {"type": "Point", "coordinates": [9.1390586, 45.5015849]}, "properties": {"id": 765962254, "feat_type": "way", "quality_categories": "missing_tags, older_than_five_years", "issue_ids": "[38, 1]", "osm_url": "https://www.openstreetmap.org/way/765962254", "josm_url": "http://127.0.0.1:8111/load_object?new_layer=false&objects=w765962254", "id_url": "https://www.openstreetmap.org/edit?editor=id&way=765962254#map=20/45.5015849/9.1390586"}}, {"type": "Feature", "geometry": {"type": "Point", "coordinates": [9.1361171, 45.5020493]}, "properties": {"id": 765962866, "feat_type": "way", "quality_categories": "missing_tags, older_than_five_years", "issue_ids": "[38, 1]", "osm_url": "https://www.openstreetmap.org/way/765962866", "josm_url": "http://127.0.0.1:8111/load_object?new_layer=false&objects=w765962866", "id_url": "https://www.openstreetmap.org/edit?editor=id&way=765962866#map=20/45.5020493/9.1361171"}}, {"type": "Feature", "geometry": {"type": "Point", "coordinates": [9.1363332, 45.5020501]}, "properties": {"id": 765985636, "feat_type": "way", "quality_categories": "missing_tags, older_than_five_years", "issue_ids": "[38, 1]", "osm_url": "https://www.openstreetmap.org/way/765985636", "josm_url": "http://127.0.0.1:8111/load_object?new_layer=false&objects=w765985636", "id_url": "https://www.openstreetmap.org/edit?editor=id&way=765985636#map=20/45.5020501/9.1363332"}}, {"type": "Feature", "geometry": {"type": "Point", "coordinates": [9.1275554, 45.4987462]}, "properties": {"id": 769407429, "feat_type": "way", "quality_categories": "missing_tags, older_than_five_years", "issue_ids": "[140, 1]", "osm_url": "https://www.openstreetmap.org/way/769407429", "josm_url": "http://127.0.0.1:8111/load_object?new_layer=false&objects=w769407429", "id_url": "https://www.openstreetmap.org/edit?editor=id&way=769407429#map=20/45.4987462/9.1275554"}}, {"type": "Feature", "geometry": {"type": "Point", "coordinates": [9.1277155, 45.4986777]}, "properties": {"id": 769407430, "feat_type": "way", "quality_categories": "missing_tags, older_than_five_years", "issue_ids": "[140, 1]", "osm_url": "https://www.openstreetmap.org/way/769407430", "josm_url": "http://127.0.0.1:8111/load_object?new_layer=false&objects=w769407430", "id_url": "https://www.openstreetmap.org/edit?editor=id&way=769407430#map=20/45.4986777/9.1277155"}}, {"type": "Feature", "geometry": {"type": "Point", "coordinates": [9.1261293, 45.499324]}, "properties": {"id": 769407432, "feat_type": "way", "quality_categories": "missing_tags, older_than_five_years", "issue_ids": "[140, 1]", "osm_url": "https://www.openstreetmap.org/way/769407432", "josm_url": "http://127.0.0.1:8111/load_object?new_layer=false&objects=w769407432", "id_url": "https://www.openstreetmap.org/edit?editor=id&way=769407432#map=20/45.499324/9.1261293"}}, {"type": "Feature", "geometry": {"type": "Point", "coordinates": [9.1925143, 45.5096256]}, "properties": {"id": 831201762, "feat_type": "way", "quality_categories": "missing_tags, older_than_five_years", "issue_ids": "[141, 1]", "osm_url": "https://www.openstreetmap.org/way/831201762", "josm_url": "http://127.0.0.1:8111/load_object?new_layer=false&objects=w831201762", "id_url": "https://www.openstreetmap.org/edit?editor=id&way=831201762#map=20/45.5096256/9.1925143"}}, {"type": "Feature", "geometry": {"type": "Point", "coordinates": [9.1920631, 45.5086684]}, "properties": {"id": 831201766, "feat_type": "way", "quality_categories": "older_than_five_years", "issue_ids": "[142]", "osm_url": "https://www.openstreetmap.org/way/831201766", "josm_url": "http://127.0.0.1:8111/load_object?new_layer=false&objects=w831201766", "id_url": "https://www.openstreetmap.org/edit?editor=id&way=831201766#map=20/45.5086684/9.1920631"}}, {"type": "Feature", "geometry": {"type": "Point", "coordinates": [9.1907474, 45.5089625]}, "properties": {"id": 831201775, "feat_type": "way", "quality_categories": "older_than_five_years", "issue_ids": "[142]", "osm_url": "https://www.openstreetmap.org/way/831201775", "josm_url": "http://127.0.0.1:8111/load_object?new_layer=false&objects=w831201775", "id_url": "https://www.openstreetmap.org/edit?editor=id&way=831201775#map=20/45.5089625/9.1907474"}}, {"type": "Feature", "geometry": {"type": "Point", "coordinates": [9.1903168, 45.508962]}, "properties": {"id": 831240007, "feat_type": "way", "quality_categories": "older_than_five_years", "issue_ids": "[142]", "osm_url": "https://www.openstreetmap.org/way/831240007", "josm_url": "http://127.0.0.1:8111/load_object?new_layer=false&objects=w831240007", "id_url": "https://www.openstreetmap.org/edit?editor=id&way=831240007#map=20/45.508962/9.1903168"}}, {"type": "Feature", "geometry": {"type": "Point", "coordinates": [9.1899216, 45.5090731]}, "properties": {"id": 831240008, "feat_type": "way", "quality_categories": "older_than_five_years", "issue_ids": "[142]", "osm_url": "https://www.openstreetmap.org/way/831240008", "josm_url": "http://127.0.0.1:8111/load_object?new_layer=false&objects=w831240008", "id_url": "https://www.openstreetmap.org/edit?editor=id&way=831240008#map=20/45.5090731/9.1899216"}}, {"type": "Feature", "geometry": {"type": "Point", "coordinates": [9.1563246, 45.4827522]}, "properties": {"id": 833941574, "feat_type": "way", "quality_categories": "older_than_five_years", "issue_ids": "[143]", "osm_url": "https://www.openstreetmap.org/way/833941574", "josm_url": "http://127.0.0.1:8111/load_object?new_layer=false&objects=w833941574", "id_url": "https://www.openstreetmap.org/edit?editor=id&way=833941574#map=20/45.4827522/9.1563246"}}, {"type": "Feature", "geometry": {"type": "Point", "coordinates": [9.1630504, 45.4769492]}, "properties": {"id": 835240900, "feat_type": "way", "quality_categories": "missing_tags, older_than_five_years", "issue_ids": "[144, 1]", "osm_url": "https://www.openstreetmap.org/way/835240900", "josm_url": "http://127.0.0.1:8111/load_object?new_layer=false&objects=w835240900", "id_url": "https://www.openstreetmap.org/edit?editor=id&way=835240900#map=20/45.4769492/9.1630504"}}, {"type": "Feature", "geometry": {"type": "Point", "coordinates": [9.157036, 45.4842848]}, "properties": {"id": 836203015, "feat_type": "way", "quality_categories": "older_than_five_years", "issue_ids": "[139]", "osm_url": "https://www.openstreetmap.org/way/836203015", "josm_url": "http://127.0.0.1:8111/load_object?new_layer=false&objects=w836203015", "id_url": "https://www.openstreetmap.org/edit?editor=id&way=836203015#map=20/45.4842848/9.157036"}}, {"type": "Feature", "geometry": {"type": "Point", "coordinates": [9.1399049, 45.5136681]}, "properties": {"id": 837542647, "feat_type": "way", "quality_categories": "older_than_five_years", "issue_ids": "[7]", "osm_url": "https://www.openstreetmap.org/way/837542647", "josm_url": "http://127.0.0.1:8111/load_object?new_layer=false&objects=w837542647", "id_url": "https://www.openstreetmap.org/edit?editor=id&way=837542647#map=20/45.5136681/9.1399049"}}, {"type": "Feature", "geometry": {"type": "Point", "coordinates": [9.1392181, 45.5145528]}, "properties": {"id": 837542661, "feat_type": "way", "quality_categories": "missing_tags, older_than_five_years", "issue_ids": "[7, 1]", "osm_url": "https://www.openstreetmap.org/way/837542661", "josm_url": "http://127.0.0.1:8111/load_object?new_layer=false&objects=w837542661", "id_url": "https://www.openstreetmap.org/edit?editor=id&way=837542661#map=20/45.5145528/9.1392181"}}, {"type": "Feature", "geometry": {"type": "Point", "coordinates": [9.1472596, 45.510789]}, "properties": {"id": 837573490, "feat_type": "way", "quality_categories": "older_than_five_years", "issue_ids": "[7]", "osm_url": "https://www.openstreetmap.org/way/837573490", "josm_url": "http://127.0.0.1:8111/load_object?new_layer=false&objects=w837573490", "id_url": "https://www.openstreetmap.org/edit?editor=id&way=837573490#map=20/45.510789/9.1472596"}}, {"type": "Feature", "geometry": {"type": "Point", "coordinates": [9.165991, 45.5183916]}, "properties": {"id": 837638143, "feat_type": "way", "quality_categories": "older_than_five_years", "issue_ids": "[7]", "osm_url": "https://www.openstreetmap.org/way/837638143", "josm_url": "http://127.0.0.1:8111/load_object?new_layer=false&objects=w837638143", "id_url": "https://www.openstreetmap.org/edit?editor=id&way=837638143#map=20/45.5183916/9.165991"}}, {"type": "Feature", "geometry": {"type": "Point", "coordinates": [9.157261, 45.4833485]}, "properties": {"id": 838296738, "feat_type": "way", "quality_categories": "older_than_five_years", "issue_ids": "[57]", "osm_url": "https://www.openstreetmap.org/way/838296738", "josm_url": "http://127.0.0.1:8111/load_object?new_layer=false&objects=w838296738", "id_url": "https://www.openstreetmap.org/edit?editor=id&way=838296738#map=20/45.4833485/9.157261"}}, {"type": "Feature", "geometry": {"type": "Point", "coordinates": [9.1514548, 45.4813939]}, "properties": {"id": 838569717, "feat_type": "way", "quality_categories": "older_than_five_years", "issue_ids": "[145]", "osm_url": "https://www.openstreetmap.org/way/838569717", "josm_url": "http://127.0.0.1:8111/load_object?new_layer=false&objects=w838569717", "id_url": "https://www.openstreetmap.org/edit?editor=id&way=838569717#map=20/45.4813939/9.1514548"}}, {"type": "Feature", "geometry": {"type": "Point", "coordinates": [9.1657384, 45.4758161]}, "properties": {"id": 838813175, "feat_type": "way", "quality_categories": "older_than_five_years", "issue_ids": "[146]", "osm_url": "https://www.openstreetmap.org/way/838813175", "josm_url": "http://127.0.0.1:8111/load_object?new_layer=false&objects=w838813175", "id_url": "https://www.openstreetmap.org/edit?editor=id&way=838813175#map=20/45.4758161/9.1657384"}}, {"type": "Feature", "geometry": {"type": "Point", "coordinates": [9.1606812, 45.4822735]}, "properties": {"id": 840219008, "feat_type": "way", "quality_categories": "missing_tags, older_than_five_years", "issue_ids": "[147, 1]", "osm_url": "https://www.openstreetmap.org/way/840219008", "josm_url": "http://127.0.0.1:8111/load_object?new_layer=false&objects=w840219008", "id_url": "https://www.openstreetmap.org/edit?editor=id&way=840219008#map=20/45.4822735/9.1606812"}}, {"type": "Feature", "geometry": {"type": "Point", "coordinates": [9.1615058, 45.4833999]}, "properties": {"id": 840219017, "feat_type": "way", "quality_categories": "older_than_five_years", "issue_ids": "[148]", "osm_url": "https://www.openstreetmap.org/way/840219017", "josm_url": "http://127.0.0.1:8111/load_object?new_layer=false&objects=w840219017", "id_url": "https://www.openstreetmap.org/edit?editor=id&way=840219017#map=20/45.4833999/9.1615058"}}, {"type": "Feature", "geometry": {"type": "Point", "coordinates": [9.1602891, 45.4843149]}, "properties": {"id": 840219027, "feat_type": "way", "quality_categories": "older_than_five_years", "issue_ids": "[149]", "osm_url": "https://www.openstreetmap.org/way/840219027", "josm_url": "http://127.0.0.1:8111/load_object?new_layer=false&objects=w840219027", "id_url": "https://www.openstreetmap.org/edit?editor=id&way=840219027#map=20/45.4843149/9.1602891"}}, {"type": "Feature", "geometry": {"type": "Point", "coordinates": [9.1589375, 45.4844421]}, "properties": {"id": 840463785, "feat_type": "way", "quality_categories": "older_than_five_years", "issue_ids": "[143]", "osm_url": "https://www.openstreetmap.org/way/840463785", "josm_url": "http://127.0.0.1:8111/load_object?new_layer=false&objects=w840463785", "id_url": "https://www.openstreetmap.org/edit?editor=id&way=840463785#map=20/45.4844421/9.1589375"}}, {"type": "Feature", "geometry": {"type": "Point", "coordinates": [9.1599407, 45.4845901]}, "properties": {"id": 840463787, "feat_type": "way", "quality_categories": "older_than_five_years", "issue_ids": "[149]", "osm_url": "https://www.openstreetmap.org/way/840463787", "josm_url": "http://127.0.0.1:8111/load_object?new_layer=false&objects=w840463787", "id_url": "https://www.openstreetmap.org/edit?editor=id&way=840463787#map=20/45.4845901/9.1599407"}}, {"type": "Feature", "geometry": {"type": "Point", "coordinates": [9.1514542, 45.4811134]}, "properties": {"id": 841860144, "feat_type": "way", "quality_categories": "older_than_five_years", "issue_ids": "[145]", "osm_url": "https://www.openstreetmap.org/way/841860144", "josm_url": "http://127.0.0.1:8111/load_object?new_layer=false&objects=w841860144", "id_url": "https://www.openstreetmap.org/edit?editor=id&way=841860144#map=20/45.4811134/9.1514542"}}, {"type": "Feature", "geometry": {"type": "Point", "coordinates": [9.1552055, 45.4698452]}, "properties": {"id": 843900570, "feat_type": "way", "quality_categories": "older_than_five_years", "issue_ids": "[150]", "osm_url": "https://www.openstreetmap.org/way/843900570", "josm_url": "http://127.0.0.1:8111/load_object?new_layer=false&objects=w843900570", "id_url": "https://www.openstreetmap.org/edit?editor=id&way=843900570#map=20/45.4698452/9.1552055"}}, {"type": "Feature", "geometry": {"type": "Point", "coordinates": [9.1550693, 45.4700961]}, "properties": {"id": 843900571, "feat_type": "way", "quality_categories": "older_than_five_years", "issue_ids": "[150]", "osm_url": "https://www.openstreetmap.org/way/843900571", "josm_url": "http://127.0.0.1:8111/load_object?new_layer=false&objects=w843900571", "id_url": "https://www.openstreetmap.org/edit?editor=id&way=843900571#map=20/45.4700961/9.1550693"}}, {"type": "Feature", "geometry": {"type": "Point", "coordinates": [9.1619361, 45.4797798]}, "properties": {"id": 844065350, "feat_type": "way", "quality_categories": "older_than_five_years", "issue_ids": "[151]", "osm_url": "https://www.openstreetmap.org/way/844065350", "josm_url": "http://127.0.0.1:8111/load_object?new_layer=false&objects=w844065350", "id_url": "https://www.openstreetmap.org/edit?editor=id&way=844065350#map=20/45.4797798/9.1619361"}}, {"type": "Feature", "geometry": {"type": "Point", "coordinates": [9.1952113, 45.5074632]}, "properties": {"id": 845987186, "feat_type": "way", "quality_categories": "older_than_five_years", "issue_ids": "[152]", "osm_url": "https://www.openstreetmap.org/way/845987186", "josm_url": "http://127.0.0.1:8111/load_object?new_layer=false&objects=w845987186", "id_url": "https://www.openstreetmap.org/edit?editor=id&way=845987186#map=20/45.5074632/9.1952113"}}, {"type": "Feature", "geometry": {"type": "Point", "coordinates": [9.1952824, 45.5074426]}, "properties": {"id": 847911692, "feat_type": "way", "quality_categories": "older_than_five_years", "issue_ids": "[152]", "osm_url": "https://www.openstreetmap.org/way/847911692", "josm_url": "http://127.0.0.1:8111/load_object?new_layer=false&objects=w847911692", "id_url": "https://www.openstreetmap.org/edit?editor=id&way=847911692#map=20/45.5074426/9.1952824"}}, {"type": "Feature", "geometry": {"type": "Point", "coordinates": [9.1932693, 45.5079132]}, "properties": {"id": 847997831, "feat_type": "way", "quality_categories": "missing_tags, older_than_five_years", "issue_ids": "[153, 1]", "osm_url": "https://www.openstreetmap.org/way/847997831", "josm_url": "http://127.0.0.1:8111/load_object?new_layer=false&objects=w847997831", "id_url": "https://www.openstreetmap.org/edit?editor=id&way=847997831#map=20/45.5079132/9.1932693"}}, {"type": "Feature", "geometry": {"type": "Point", "coordinates": [9.1946665, 45.5075822]}, "properties": {"id": 847997832, "feat_type": "way", "quality_categories": "older_than_five_years", "issue_ids": "[152]", "osm_url": "https://www.openstreetmap.org/way/847997832", "josm_url": "http://127.0.0.1:8111/load_object?new_layer=false&objects=w847997832", "id_url": "https://www.openstreetmap.org/edit?editor=id&way=847997832#map=20/45.5075822/9.1946665"}}, {"type": "Feature", "geometry": {"type": "Point", "coordinates": [9.1946762, 45.5066674]}, "properties": {"id": 847997833, "feat_type": "way", "quality_categories": "older_than_five_years", "issue_ids": "[152]", "osm_url": "https://www.openstreetmap.org/way/847997833", "josm_url": "http://127.0.0.1:8111/load_object?new_layer=false&objects=w847997833", "id_url": "https://www.openstreetmap.org/edit?editor=id&way=847997833#map=20/45.5066674/9.1946762"}}, {"type": "Feature", "geometry": {"type": "Point", "coordinates": [9.1946407, 45.506658]}, "properties": {"id": 847997835, "feat_type": "way", "quality_categories": "older_than_five_years", "issue_ids": "[152]", "osm_url": "https://www.openstreetmap.org/way/847997835", "josm_url": "http://127.0.0.1:8111/load_object?new_layer=false&objects=w847997835", "id_url": "https://www.openstreetmap.org/edit?editor=id&way=847997835#map=20/45.506658/9.1946407"}}, {"type": "Feature", "geometry": {"type": "Point", "coordinates": [9.1960046, 45.5072638]}, "properties": {"id": 847997836, "feat_type": "way", "quality_categories": "older_than_five_years", "issue_ids": "[152]", "osm_url": "https://www.openstreetmap.org/way/847997836", "josm_url": "http://127.0.0.1:8111/load_object?new_layer=false&objects=w847997836", "id_url": "https://www.openstreetmap.org/edit?editor=id&way=847997836#map=20/45.5072638/9.1960046"}}, {"type": "Feature", "geometry": {"type": "Point", "coordinates": [9.1960622, 45.5072515]}, "properties": {"id": 847997837, "feat_type": "way", "quality_categories": "older_than_five_years", "issue_ids": "[152]", "osm_url": "https://www.openstreetmap.org/way/847997837", "josm_url": "http://127.0.0.1:8111/load_object?new_layer=false&objects=w847997837", "id_url": "https://www.openstreetmap.org/edit?editor=id&way=847997837#map=20/45.5072515/9.1960622"}}, {"type": "Feature", "geometry": {"type": "Point", "coordinates": [9.1513063, 45.4772595]}, "properties": {"id": 848021685, "feat_type": "way", "quality_categories": "older_than_five_years", "issue_ids": "[17]", "osm_url": "https://www.openstreetmap.org/way/848021685", "josm_url": "http://127.0.0.1:8111/load_object?new_layer=false&objects=w848021685", "id_url": "https://www.openstreetmap.org/edit?editor=id&way=848021685#map=20/45.4772595/9.1513063"}}, {"type": "Feature", "geometry": {"type": "Point", "coordinates": [9.1903722, 45.5107424]}, "properties": {"id": 848033128, "feat_type": "way", "quality_categories": "missing_tags, older_than_five_years", "issue_ids": "[153, 1]", "osm_url": "https://www.openstreetmap.org/way/848033128", "josm_url": "http://127.0.0.1:8111/load_object?new_layer=false&objects=w848033128", "id_url": "https://www.openstreetmap.org/edit?editor=id&way=848033128#map=20/45.5107424/9.1903722"}}, {"type": "Feature", "geometry": {"type": "Point", "coordinates": [9.1558714, 45.4857625]}, "properties": {"id": 849495404, "feat_type": "way", "quality_categories": "older_than_five_years", "issue_ids": "[43]", "osm_url": "https://www.openstreetmap.org/way/849495404", "josm_url": "http://127.0.0.1:8111/load_object?new_layer=false&objects=w849495404", "id_url": "https://www.openstreetmap.org/edit?editor=id&way=849495404#map=20/45.4857625/9.1558714"}}, {"type": "Feature", "geometry": {"type": "Point", "coordinates": [9.1588772, 45.4810944]}, "properties": {"id": 849729000, "feat_type": "way", "quality_categories": "older_than_five_years", "issue_ids": "[154]", "osm_url": "https://www.openstreetmap.org/way/849729000", "josm_url": "http://127.0.0.1:8111/load_object?new_layer=false&objects=w849729000", "id_url": "https://www.openstreetmap.org/edit?editor=id&way=849729000#map=20/45.4810944/9.1588772"}}, {"type": "Feature", "geometry": {"type": "Point", "coordinates": [9.1841621, 45.5076363]}, "properties": {"id": 850055240, "feat_type": "way", "quality_categories": "missing_tags, older_than_five_years", "issue_ids": "[155, 1]", "osm_url": "https://www.openstreetmap.org/way/850055240", "josm_url": "http://127.0.0.1:8111/load_object?new_layer=false&objects=w850055240", "id_url": "https://www.openstreetmap.org/edit?editor=id&way=850055240#map=20/45.5076363/9.1841621"}}, {"type": "Feature", "geometry": {"type": "Point", "coordinates": [9.1866693, 45.5070137]}, "properties": {"id": 850055242, "feat_type": "way", "quality_categories": "older_than_five_years", "issue_ids": "[155]", "osm_url": "https://www.openstreetmap.org/way/850055242", "josm_url": "http://127.0.0.1:8111/load_object?new_layer=false&objects=w850055242", "id_url": "https://www.openstreetmap.org/edit?editor=id&way=850055242#map=20/45.5070137/9.1866693"}}, {"type": "Feature", "geometry": {"type": "Point", "coordinates": [9.1965124, 45.5068283]}, "properties": {"id": 850055247, "feat_type": "way", "quality_categories": "older_than_five_years", "issue_ids": "[152]", "osm_url": "https://www.openstreetmap.org/way/850055247", "josm_url": "http://127.0.0.1:8111/load_object?new_layer=false&objects=w850055247", "id_url": "https://www.openstreetmap.org/edit?editor=id&way=850055247#map=20/45.5068283/9.1965124"}}, {"type": "Feature", "geometry": {"type": "Point", "coordinates": [9.1613872, 45.4779348]}, "properties": {"id": 852455947, "feat_type": "way", "quality_categories": "older_than_five_years", "issue_ids": "[17]", "osm_url": "https://www.openstreetmap.org/way/852455947", "josm_url": "http://127.0.0.1:8111/load_object?new_layer=false&objects=w852455947", "id_url": "https://www.openstreetmap.org/edit?editor=id&way=852455947#map=20/45.4779348/9.1613872"}}, {"type": "Feature", "geometry": {"type": "Point", "coordinates": [9.1622916, 45.4764413]}, "properties": {"id": 852463846, "feat_type": "way", "quality_categories": "missing_tags, older_than_five_years", "issue_ids": "[156, 1]", "osm_url": "https://www.openstreetmap.org/way/852463846", "josm_url": "http://127.0.0.1:8111/load_object?new_layer=false&objects=w852463846", "id_url": "https://www.openstreetmap.org/edit?editor=id&way=852463846#map=20/45.4764413/9.1622916"}}, {"type": "Feature", "geometry": {"type": "Point", "coordinates": [9.1587453, 45.470532]}, "properties": {"id": 853243985, "feat_type": "way", "quality_categories": "missing_tags, older_than_five_years", "issue_ids": "[157, 1]", "osm_url": "https://www.openstreetmap.org/way/853243985", "josm_url": "http://127.0.0.1:8111/load_object?new_layer=false&objects=w853243985", "id_url": "https://www.openstreetmap.org/edit?editor=id&way=853243985#map=20/45.470532/9.1587453"}}, {"type": "Feature", "geometry": {"type": "Point", "coordinates": [9.1513872, 45.4788518]}, "properties": {"id": 853315242, "feat_type": "way", "quality_categories": "missing_tags, older_than_five_years", "issue_ids": "[158, 1]", "osm_url": "https://www.openstreetmap.org/way/853315242", "josm_url": "http://127.0.0.1:8111/load_object?new_layer=false&objects=w853315242", "id_url": "https://www.openstreetmap.org/edit?editor=id&way=853315242#map=20/45.4788518/9.1513872"}}, {"type": "Feature", "geometry": {"type": "Point", "coordinates": [9.160338, 45.47873]}, "properties": {"id": 854025057, "feat_type": "way", "quality_categories": "missing_tags, older_than_five_years", "issue_ids": "[159, 1]", "osm_url": "https://www.openstreetmap.org/way/854025057", "josm_url": "http://127.0.0.1:8111/load_object?new_layer=false&objects=w854025057", "id_url": "https://www.openstreetmap.org/edit?editor=id&way=854025057#map=20/45.47873/9.160338"}}, {"type": "Feature", "geometry": {"type": "Point", "coordinates": [9.1671735, 45.4790973]}, "properties": {"id": 855352588, "feat_type": "way", "quality_categories": "missing_tags, older_than_five_years", "issue_ids": "[160, 1]", "osm_url": "https://www.openstreetmap.org/way/855352588", "josm_url": "http://127.0.0.1:8111/load_object?new_layer=false&objects=w855352588", "id_url": "https://www.openstreetmap.org/edit?editor=id&way=855352588#map=20/45.4790973/9.1671735"}}, {"type": "Feature", "geometry": {"type": "Point", "coordinates": [9.1662126, 45.479817]}, "properties": {"id": 855352590, "feat_type": "way", "quality_categories": "older_than_five_years", "issue_ids": "[161]", "osm_url": "https://www.openstreetmap.org/way/855352590", "josm_url": "http://127.0.0.1:8111/load_object?new_layer=false&objects=w855352590", "id_url": "https://www.openstreetmap.org/edit?editor=id&way=855352590#map=20/45.479817/9.1662126"}}, {"type": "Feature", "geometry": {"type": "Point", "coordinates": [9.1307603, 45.4930336]}, "properties": {"id": 855765083, "feat_type": "way", "quality_categories": "missing_tags, older_than_five_years", "issue_ids": "[162, 1]", "osm_url": "https://www.openstreetmap.org/way/855765083", "josm_url": "http://127.0.0.1:8111/load_object?new_layer=false&objects=w855765083", "id_url": "https://www.openstreetmap.org/edit?editor=id&way=855765083#map=20/45.4930336/9.1307603"}}, {"type": "Feature", "geometry": {"type": "Point", "coordinates": [9.1335421, 45.4935412]}, "properties": {"id": 855765087, "feat_type": "way", "quality_categories": "missing_tags, older_than_five_years", "issue_ids": "[162, 1]", "osm_url": "https://www.openstreetmap.org/way/855765087", "josm_url": "http://127.0.0.1:8111/load_object?new_layer=false&objects=w855765087", "id_url": "https://www.openstreetmap.org/edit?editor=id&way=855765087#map=20/45.4935412/9.1335421"}}, {"type": "Feature", "geometry": {"type": "Point", "coordinates": [9.1360296, 45.4924862]}, "properties": {"id": 855765088, "feat_type": "way", "quality_categories": "missing_tags, older_than_five_years", "issue_ids": "[162, 1]", "osm_url": "https://www.openstreetmap.org/way/855765088", "josm_url": "http://127.0.0.1:8111/load_object?new_layer=false&objects=w855765088", "id_url": "https://www.openstreetmap.org/edit?editor=id&way=855765088#map=20/45.4924862/9.1360296"}}, {"type": "Feature", "geometry": {"type": "Point", "coordinates": [9.1373579, 45.4913027]}, "properties": {"id": 855765089, "feat_type": "way", "quality_categories": "missing_tags, older_than_five_years", "issue_ids": "[162, 1]", "osm_url": "https://www.openstreetmap.org/way/855765089", "josm_url": "http://127.0.0.1:8111/load_object?new_layer=false&objects=w855765089", "id_url": "https://www.openstreetmap.org/edit?editor=id&way=855765089#map=20/45.4913027/9.1373579"}}, {"type": "Feature", "geometry": {"type": "Point", "coordinates": [9.1306688, 45.4945768]}, "properties": {"id": 855771105, "feat_type": "way", "quality_categories": "older_than_five_years", "issue_ids": "[146]", "osm_url": "https://www.openstreetmap.org/way/855771105", "josm_url": "http://127.0.0.1:8111/load_object?new_layer=false&objects=w855771105", "id_url": "https://www.openstreetmap.org/edit?editor=id&way=855771105#map=20/45.4945768/9.1306688"}}, {"type": "Feature", "geometry": {"type": "Point", "coordinates": [9.1993505, 45.5053654]}, "properties": {"id": 857240485, "feat_type": "way", "quality_categories": "older_than_five_years", "issue_ids": "[163]", "osm_url": "https://www.openstreetmap.org/way/857240485", "josm_url": "http://127.0.0.1:8111/load_object?new_layer=false&objects=w857240485", "id_url": "https://www.openstreetmap.org/edit?editor=id&way=857240485#map=20/45.5053654/9.1993505"}}, {"type": "Feature", "geometry": {"type": "Point", "coordinates": [9.1911213, 45.5066911]}, "properties": {"id": 858205398, "feat_type": "way", "quality_categories": "older_than_five_years", "issue_ids": "[142]", "osm_url": "https://www.openstreetmap.org/way/858205398", "josm_url": "http://127.0.0.1:8111/load_object?new_layer=false&objects=w858205398", "id_url": "https://www.openstreetmap.org/edit?editor=id&way=858205398#map=20/45.5066911/9.1911213"}}, {"type": "Feature", "geometry": {"type": "Point", "coordinates": [9.1893254, 45.5078253]}, "properties": {"id": 858205399, "feat_type": "way", "quality_categories": "older_than_five_years", "issue_ids": "[164]", "osm_url": "https://www.openstreetmap.org/way/858205399", "josm_url": "http://127.0.0.1:8111/load_object?new_layer=false&objects=w858205399", "id_url": "https://www.openstreetmap.org/edit?editor=id&way=858205399#map=20/45.5078253/9.1893254"}}, {"type": "Feature", "geometry": {"type": "Point", "coordinates": [9.1919504, 45.5062822]}, "properties": {"id": 858213754, "feat_type": "way", "quality_categories": "older_than_five_years", "issue_ids": "[64]", "osm_url": "https://www.openstreetmap.org/way/858213754", "josm_url": "http://127.0.0.1:8111/load_object?new_layer=false&objects=w858213754", "id_url": "https://www.openstreetmap.org/edit?editor=id&way=858213754#map=20/45.5062822/9.1919504"}}, {"type": "Feature", "geometry": {"type": "Point", "coordinates": [9.1913081, 45.5066281]}, "properties": {"id": 858213757, "feat_type": "way", "quality_categories": "older_than_five_years", "issue_ids": "[64]", "osm_url": "https://www.openstreetmap.org/way/858213757", "josm_url": "http://127.0.0.1:8111/load_object?new_layer=false&objects=w858213757", "id_url": "https://www.openstreetmap.org/edit?editor=id&way=858213757#map=20/45.5066281/9.1913081"}}, {"type": "Feature", "geometry": {"type": "Point", "coordinates": [9.1917192, 45.5073503]}, "properties": {"id": 858213759, "feat_type": "way", "quality_categories": "older_than_five_years", "issue_ids": "[163]", "osm_url": "https://www.openstreetmap.org/way/858213759", "josm_url": "http://127.0.0.1:8111/load_object?new_layer=false&objects=w858213759", "id_url": "https://www.openstreetmap.org/edit?editor=id&way=858213759#map=20/45.5073503/9.1917192"}}, {"type": "Feature", "geometry": {"type": "Point", "coordinates": [9.1628366, 45.4803235]}, "properties": {"id": 858289443, "feat_type": "way", "quality_categories": "missing_tags, older_than_five_years", "issue_ids": "[64, 1]", "osm_url": "https://www.openstreetmap.org/way/858289443", "josm_url": "http://127.0.0.1:8111/load_object?new_layer=false&objects=w858289443", "id_url": "https://www.openstreetmap.org/edit?editor=id&way=858289443#map=20/45.4803235/9.1628366"}}, {"type": "Feature", "geometry": {"type": "Point", "coordinates": [9.1627116, 45.4802336]}, "properties": {"id": 858289444, "feat_type": "way", "quality_categories": "older_than_five_years", "issue_ids": "[151]", "osm_url": "https://www.openstreetmap.org/way/858289444", "josm_url": "http://127.0.0.1:8111/load_object?new_layer=false&objects=w858289444", "id_url": "https://www.openstreetmap.org/edit?editor=id&way=858289444#map=20/45.4802336/9.1627116"}}, {"type": "Feature", "geometry": {"type": "Point", "coordinates": [9.1627093, 45.4806627]}, "properties": {"id": 858289446, "feat_type": "way", "quality_categories": "missing_tags, older_than_five_years", "issue_ids": "[64, 1]", "osm_url": "https://www.openstreetmap.org/way/858289446", "josm_url": "http://127.0.0.1:8111/load_object?new_layer=false&objects=w858289446", "id_url": "https://www.openstreetmap.org/edit?editor=id&way=858289446#map=20/45.4806627/9.1627093"}}, {"type": "Feature", "geometry": {"type": "Point", "coordinates": [9.1437617, 45.4735344]}, "properties": {"id": 859263930, "feat_type": "way", "quality_categories": "older_than_five_years", "issue_ids": "[165]", "osm_url": "https://www.openstreetmap.org/way/859263930", "josm_url": "http://127.0.0.1:8111/load_object?new_layer=false&objects=w859263930", "id_url": "https://www.openstreetmap.org/edit?editor=id&way=859263930#map=20/45.4735344/9.1437617"}}, {"type": "Feature", "geometry": {"type": "Point", "coordinates": [9.2159712, 45.4859458]}, "properties": {"id": 859694082, "feat_type": "way", "quality_categories": "older_than_five_years", "issue_ids": "[166]", "osm_url": "https://www.openstreetmap.org/way/859694082", "josm_url": "http://127.0.0.1:8111/load_object?new_layer=false&objects=w859694082", "id_url": "https://www.openstreetmap.org/edit?editor=id&way=859694082#map=20/45.4859458/9.2159712"}}, {"type": "Feature", "geometry": {"type": "Point", "coordinates": [9.2172113, 45.4948217]}, "properties": {"id": 860579024, "feat_type": "way", "quality_categories": "older_than_five_years", "issue_ids": "[167]", "osm_url": "https://www.openstreetmap.org/way/860579024", "josm_url": "http://127.0.0.1:8111/load_object?new_layer=false&objects=w860579024", "id_url": "https://www.openstreetmap.org/edit?editor=id&way=860579024#map=20/45.4948217/9.2172113"}}, {"type": "Feature", "geometry": {"type": "Point", "coordinates": [9.1616902, 45.4757651]}, "properties": {"id": 862078783, "feat_type": "way", "quality_categories": "missing_tags, older_than_five_years", "issue_ids": "[138, 1]", "osm_url": "https://www.openstreetmap.org/way/862078783", "josm_url": "http://127.0.0.1:8111/load_object?new_layer=false&objects=w862078783", "id_url": "https://www.openstreetmap.org/edit?editor=id&way=862078783#map=20/45.4757651/9.1616902"}}, {"type": "Feature", "geometry": {"type": "Point", "coordinates": [9.1378971, 45.5088011]}, "properties": {"id": 862361589, "feat_type": "way", "quality_categories": "older_than_five_years", "issue_ids": "[168]", "osm_url": "https://www.openstreetmap.org/way/862361589", "josm_url": "http://127.0.0.1:8111/load_object?new_layer=false&objects=w862361589", "id_url": "https://www.openstreetmap.org/edit?editor=id&way=862361589#map=20/45.5088011/9.1378971"}}, {"type": "Feature", "geometry": {"type": "Point", "coordinates": [9.2476723, 45.4866876]}, "properties": {"id": 863247321, "feat_type": "way", "quality_categories": "older_than_five_years", "issue_ids": "[169]", "osm_url": "https://www.openstreetmap.org/way/863247321", "josm_url": "http://127.0.0.1:8111/load_object?new_layer=false&objects=w863247321", "id_url": "https://www.openstreetmap.org/edit?editor=id&way=863247321#map=20/45.4866876/9.2476723"}}, {"type": "Feature", "geometry": {"type": "Point", "coordinates": [9.2201541, 45.4975811]}, "properties": {"id": 863400053, "feat_type": "way", "quality_categories": "older_than_five_years", "issue_ids": "[169]", "osm_url": "https://www.openstreetmap.org/way/863400053", "josm_url": "http://127.0.0.1:8111/load_object?new_layer=false&objects=w863400053", "id_url": "https://www.openstreetmap.org/edit?editor=id&way=863400053#map=20/45.4975811/9.2201541"}}, {"type": "Feature", "geometry": {"type": "Point", "coordinates": [9.1561253, 45.4873717]}, "properties": {"id": 863847044, "feat_type": "way", "quality_categories": "missing_tags, older_than_five_years", "issue_ids": "[170, 1]", "osm_url": "https://www.openstreetmap.org/way/863847044", "josm_url": "http://127.0.0.1:8111/load_object?new_layer=false&objects=w863847044", "id_url": "https://www.openstreetmap.org/edit?editor=id&way=863847044#map=20/45.4873717/9.1561253"}}, {"type": "Feature", "geometry": {"type": "Point", "coordinates": [9.1561253, 45.4873717]}, "properties": {"id": 863847045, "feat_type": "way", "quality_categories": "older_than_five_years", "issue_ids": "[171]", "osm_url": "https://www.openstreetmap.org/way/863847045", "josm_url": "http://127.0.0.1:8111/load_object?new_layer=false&objects=w863847045", "id_url": "https://www.openstreetmap.org/edit?editor=id&way=863847045#map=20/45.4873717/9.1561253"}}, {"type": "Feature", "geometry": {"type": "Point", "coordinates": [9.1558223, 45.4870012]}, "properties": {"id": 863847048, "feat_type": "way", "quality_categories": "missing_tags, older_than_five_years", "issue_ids": "[170, 1]", "osm_url": "https://www.openstreetmap.org/way/863847048", "josm_url": "http://127.0.0.1:8111/load_object?new_layer=false&objects=w863847048", "id_url": "https://www.openstreetmap.org/edit?editor=id&way=863847048#map=20/45.4870012/9.1558223"}}, {"type": "Feature", "geometry": {"type": "Point", "coordinates": [9.1564741, 45.487464]}, "properties": {"id": 863847060, "feat_type": "way", "quality_categories": "older_than_five_years", "issue_ids": "[146]", "osm_url": "https://www.openstreetmap.org/way/863847060", "josm_url": "http://127.0.0.1:8111/load_object?new_layer=false&objects=w863847060", "id_url": "https://www.openstreetmap.org/edit?editor=id&way=863847060#map=20/45.487464/9.1564741"}}, {"type": "Feature", "geometry": {"type": "Point", "coordinates": [9.1579747, 45.4876082]}, "properties": {"id": 863847062, "feat_type": "way", "quality_categories": "missing_tags, older_than_five_years", "issue_ids": "[170, 1]", "osm_url": "https://www.openstreetmap.org/way/863847062", "josm_url": "http://127.0.0.1:8111/load_object?new_layer=false&objects=w863847062", "id_url": "https://www.openstreetmap.org/edit?editor=id&way=863847062#map=20/45.4876082/9.1579747"}}, {"type": "Feature", "geometry": {"type": "Point", "coordinates": [9.1597134, 45.4775148]}, "properties": {"id": 864158022, "feat_type": "way", "quality_categories": "older_than_five_years", "issue_ids": "[171]", "osm_url": "https://www.openstreetmap.org/way/864158022", "josm_url": "http://127.0.0.1:8111/load_object?new_layer=false&objects=w864158022", "id_url": "https://www.openstreetmap.org/edit?editor=id&way=864158022#map=20/45.4775148/9.1597134"}}, {"type": "Feature", "geometry": {"type": "Point", "coordinates": [9.1938634, 45.5063566]}, "properties": {"id": 864963487, "feat_type": "way", "quality_categories": "older_than_five_years", "issue_ids": "[152]", "osm_url": "https://www.openstreetmap.org/way/864963487", "josm_url": "http://127.0.0.1:8111/load_object?new_layer=false&objects=w864963487", "id_url": "https://www.openstreetmap.org/edit?editor=id&way=864963487#map=20/45.5063566/9.1938634"}}, {"type": "Feature", "geometry": {"type": "Point", "coordinates": [9.1960828, 45.5055931]}, "properties": {"id": 864967240, "feat_type": "way", "quality_categories": "older_than_five_years", "issue_ids": "[163]", "osm_url": "https://www.openstreetmap.org/way/864967240", "josm_url": "http://127.0.0.1:8111/load_object?new_layer=false&objects=w864967240", "id_url": "https://www.openstreetmap.org/edit?editor=id&way=864967240#map=20/45.5055931/9.1960828"}}, {"type": "Feature", "geometry": {"type": "Point", "coordinates": [9.1934496, 45.5058347]}, "properties": {"id": 864977430, "feat_type": "way", "quality_categories": "older_than_five_years", "issue_ids": "[152]", "osm_url": "https://www.openstreetmap.org/way/864977430", "josm_url": "http://127.0.0.1:8111/load_object?new_layer=false&objects=w864977430", "id_url": "https://www.openstreetmap.org/edit?editor=id&way=864977430#map=20/45.5058347/9.1934496"}}, {"type": "Feature", "geometry": {"type": "Point", "coordinates": [9.1935215, 45.5056688]}, "properties": {"id": 864977433, "feat_type": "way", "quality_categories": "older_than_five_years", "issue_ids": "[163]", "osm_url": "https://www.openstreetmap.org/way/864977433", "josm_url": "http://127.0.0.1:8111/load_object?new_layer=false&objects=w864977433", "id_url": "https://www.openstreetmap.org/edit?editor=id&way=864977433#map=20/45.5056688/9.1935215"}}, {"type": "Feature", "geometry": {"type": "Point", "coordinates": [9.1937874, 45.5062447]}, "properties": {"id": 864977435, "feat_type": "way", "quality_categories": "older_than_five_years", "issue_ids": "[152]", "osm_url": "https://www.openstreetmap.org/way/864977435", "josm_url": "http://127.0.0.1:8111/load_object?new_layer=false&objects=w864977435", "id_url": "https://www.openstreetmap.org/edit?editor=id&way=864977435#map=20/45.5062447/9.1937874"}}, {"type": "Feature", "geometry": {"type": "Point", "coordinates": [9.1933666, 45.5062304]}, "properties": {"id": 864977436, "feat_type": "way", "quality_categories": "older_than_five_years", "issue_ids": "[152]", "osm_url": "https://www.openstreetmap.org/way/864977436", "josm_url": "http://127.0.0.1:8111/load_object?new_layer=false&objects=w864977436", "id_url": "https://www.openstreetmap.org/edit?editor=id&way=864977436#map=20/45.5062304/9.1933666"}}, {"type": "Feature", "geometry": {"type": "Point", "coordinates": [9.1946859, 45.5046947]}, "properties": {"id": 865035308, "feat_type": "way", "quality_categories": "older_than_five_years", "issue_ids": "[152]", "osm_url": "https://www.openstreetmap.org/way/865035308", "josm_url": "http://127.0.0.1:8111/load_object?new_layer=false&objects=w865035308", "id_url": "https://www.openstreetmap.org/edit?editor=id&way=865035308#map=20/45.5046947/9.1946859"}}, {"type": "Feature", "geometry": {"type": "Point", "coordinates": [9.1955321, 45.5047499]}, "properties": {"id": 865035310, "feat_type": "way", "quality_categories": "older_than_five_years", "issue_ids": "[163]", "osm_url": "https://www.openstreetmap.org/way/865035310", "josm_url": "http://127.0.0.1:8111/load_object?new_layer=false&objects=w865035310", "id_url": "https://www.openstreetmap.org/edit?editor=id&way=865035310#map=20/45.5047499/9.1955321"}}, {"type": "Feature", "geometry": {"type": "Point", "coordinates": [9.1934434, 45.5052546]}, "properties": {"id": 865035313, "feat_type": "way", "quality_categories": "older_than_five_years", "issue_ids": "[152]", "osm_url": "https://www.openstreetmap.org/way/865035313", "josm_url": "http://127.0.0.1:8111/load_object?new_layer=false&objects=w865035313", "id_url": "https://www.openstreetmap.org/edit?editor=id&way=865035313#map=20/45.5052546/9.1934434"}}, {"type": "Feature", "geometry": {"type": "Point", "coordinates": [9.1930249, 45.5054687]}, "properties": {"id": 865035314, "feat_type": "way", "quality_categories": "older_than_five_years", "issue_ids": "[152]", "osm_url": "https://www.openstreetmap.org/way/865035314", "josm_url": "http://127.0.0.1:8111/load_object?new_layer=false&objects=w865035314", "id_url": "https://www.openstreetmap.org/edit?editor=id&way=865035314#map=20/45.5054687/9.1930249"}}, {"type": "Feature", "geometry": {"type": "Point", "coordinates": [9.1964269, 45.5033233]}, "properties": {"id": 865041070, "feat_type": "way", "quality_categories": "missing_tags, older_than_five_years", "issue_ids": "[163, 1]", "osm_url": "https://www.openstreetmap.org/way/865041070", "josm_url": "http://127.0.0.1:8111/load_object?new_layer=false&objects=w865041070", "id_url": "https://www.openstreetmap.org/edit?editor=id&way=865041070#map=20/45.5033233/9.1964269"}}, {"type": "Feature", "geometry": {"type": "Point", "coordinates": [9.1951999, 45.504249]}, "properties": {"id": 865041081, "feat_type": "way", "quality_categories": "missing_tags, older_than_five_years", "issue_ids": "[3, 1]", "osm_url": "https://www.openstreetmap.org/way/865041081", "josm_url": "http://127.0.0.1:8111/load_object?new_layer=false&objects=w865041081", "id_url": "https://www.openstreetmap.org/edit?editor=id&way=865041081#map=20/45.504249/9.1951999"}}, {"type": "Feature", "geometry": {"type": "Point", "coordinates": [9.19958, 45.5040285]}, "properties": {"id": 865055553, "feat_type": "way", "quality_categories": "older_than_five_years", "issue_ids": "[172]", "osm_url": "https://www.openstreetmap.org/way/865055553", "josm_url": "http://127.0.0.1:8111/load_object?new_layer=false&objects=w865055553", "id_url": "https://www.openstreetmap.org/edit?editor=id&way=865055553#map=20/45.5040285/9.19958"}}, {"type": "Feature", "geometry": {"type": "Point", "coordinates": [9.1851288, 45.5052199]}, "properties": {"id": 865396400, "feat_type": "way", "quality_categories": "older_than_five_years", "issue_ids": "[173]", "osm_url": "https://www.openstreetmap.org/way/865396400", "josm_url": "http://127.0.0.1:8111/load_object?new_layer=false&objects=w865396400", "id_url": "https://www.openstreetmap.org/edit?editor=id&way=865396400#map=20/45.5052199/9.1851288"}}, {"type": "Feature", "geometry": {"type": "Point", "coordinates": [9.166195, 45.4768972]}, "properties": {"id": 865681347, "feat_type": "way", "quality_categories": "missing_tags, older_than_five_years", "issue_ids": "[174, 1]", "osm_url": "https://www.openstreetmap.org/way/865681347", "josm_url": "http://127.0.0.1:8111/load_object?new_layer=false&objects=w865681347", "id_url": "https://www.openstreetmap.org/edit?editor=id&way=865681347#map=20/45.4768972/9.166195"}}, {"type": "Feature", "geometry": {"type": "Point", "coordinates": [9.166289, 45.4771942]}, "properties": {"id": 865681352, "feat_type": "way", "quality_categories": "missing_tags, older_than_five_years", "issue_ids": "[84, 1]", "osm_url": "https://www.openstreetmap.org/way/865681352", "josm_url": "http://127.0.0.1:8111/load_object?new_layer=false&objects=w865681352", "id_url": "https://www.openstreetmap.org/edit?editor=id&way=865681352#map=20/45.4771942/9.166289"}}, {"type": "Feature", "geometry": {"type": "Point", "coordinates": [9.1514343, 45.4797677]}, "properties": {"id": 866326933, "feat_type": "way", "quality_categories": "missing_tags, older_than_five_years", "issue_ids": "[158, 1]", "osm_url": "https://www.openstreetmap.org/way/866326933", "josm_url": "http://127.0.0.1:8111/load_object?new_layer=false&objects=w866326933", "id_url": "https://www.openstreetmap.org/edit?editor=id&way=866326933#map=20/45.4797677/9.1514343"}}, {"type": "Feature", "geometry": {"type": "Point", "coordinates": [9.1864275, 45.4968857]}, "properties": {"id": 867024462, "feat_type": "way", "quality_categories": "older_than_five_years", "issue_ids": "[175]", "osm_url": "https://www.openstreetmap.org/way/867024462", "josm_url": "http://127.0.0.1:8111/load_object?new_layer=false&objects=w867024462", "id_url": "https://www.openstreetmap.org/edit?editor=id&way=867024462#map=20/45.4968857/9.1864275"}}, {"type": "Feature", "geometry": {"type": "Point", "coordinates": [9.1865758, 45.4972232]}, "properties": {"id": 867024463, "feat_type": "way", "quality_categories": "older_than_five_years", "issue_ids": "[176]", "osm_url": "https://www.openstreetmap.org/way/867024463", "josm_url": "http://127.0.0.1:8111/load_object?new_layer=false&objects=w867024463", "id_url": "https://www.openstreetmap.org/edit?editor=id&way=867024463#map=20/45.4972232/9.1865758"}}, {"type": "Feature", "geometry": {"type": "Point", "coordinates": [9.1867613, 45.4973663]}, "properties": {"id": 867024464, "feat_type": "way", "quality_categories": "older_than_five_years", "issue_ids": "[177]", "osm_url": "https://www.openstreetmap.org/way/867024464", "josm_url": "http://127.0.0.1:8111/load_object?new_layer=false&objects=w867024464", "id_url": "https://www.openstreetmap.org/edit?editor=id&way=867024464#map=20/45.4973663/9.1867613"}}, {"type": "Feature", "geometry": {"type": "Point", "coordinates": [9.1870728, 45.4954851]}, "properties": {"id": 867130307, "feat_type": "way", "quality_categories": "older_than_five_years", "issue_ids": "[178]", "osm_url": "https://www.openstreetmap.org/way/867130307", "josm_url": "http://127.0.0.1:8111/load_object?new_layer=false&objects=w867130307", "id_url": "https://www.openstreetmap.org/edit?editor=id&way=867130307#map=20/45.4954851/9.1870728"}}, {"type": "Feature", "geometry": {"type": "Point", "coordinates": [9.1871038, 45.4954939]}, "properties": {"id": 867130308, "feat_type": "way", "quality_categories": "older_than_five_years", "issue_ids": "[178]", "osm_url": "https://www.openstreetmap.org/way/867130308", "josm_url": "http://127.0.0.1:8111/load_object?new_layer=false&objects=w867130308", "id_url": "https://www.openstreetmap.org/edit?editor=id&way=867130308#map=20/45.4954939/9.1871038"}}, {"type": "Feature", "geometry": {"type": "Point", "coordinates": [9.1869393, 45.4954403]}, "properties": {"id": 867130309, "feat_type": "way", "quality_categories": "older_than_five_years", "issue_ids": "[178]", "osm_url": "https://www.openstreetmap.org/way/867130309", "josm_url": "http://127.0.0.1:8111/load_object?new_layer=false&objects=w867130309", "id_url": "https://www.openstreetmap.org/edit?editor=id&way=867130309#map=20/45.4954403/9.1869393"}}, {"type": "Feature", "geometry": {"type": "Point", "coordinates": [9.1871442, 45.495511]}, "properties": {"id": 867130310, "feat_type": "way", "quality_categories": "older_than_five_years", "issue_ids": "[178]", "osm_url": "https://www.openstreetmap.org/way/867130310", "josm_url": "http://127.0.0.1:8111/load_object?new_layer=false&objects=w867130310", "id_url": "https://www.openstreetmap.org/edit?editor=id&way=867130310#map=20/45.495511/9.1871442"}}, {"type": "Feature", "geometry": {"type": "Point", "coordinates": [9.1873449, 45.4955766]}, "properties": {"id": 867130311, "feat_type": "way", "quality_categories": "older_than_five_years", "issue_ids": "[178]", "osm_url": "https://www.openstreetmap.org/way/867130311", "josm_url": "http://127.0.0.1:8111/load_object?new_layer=false&objects=w867130311", "id_url": "https://www.openstreetmap.org/edit?editor=id&way=867130311#map=20/45.4955766/9.1873449"}}, {"type": "Feature", "geometry": {"type": "Point", "coordinates": [9.1874368, 45.4956081]}, "properties": {"id": 867130312, "feat_type": "way", "quality_categories": "older_than_five_years", "issue_ids": "[178]", "osm_url": "https://www.openstreetmap.org/way/867130312", "josm_url": "http://127.0.0.1:8111/load_object?new_layer=false&objects=w867130312", "id_url": "https://www.openstreetmap.org/edit?editor=id&way=867130312#map=20/45.4956081/9.1874368"}}, {"type": "Feature", "geometry": {"type": "Point", "coordinates": [9.1876663, 45.4956812]}, "properties": {"id": 867130313, "feat_type": "way", "quality_categories": "older_than_five_years", "issue_ids": "[178]", "osm_url": "https://www.openstreetmap.org/way/867130313", "josm_url": "http://127.0.0.1:8111/load_object?new_layer=false&objects=w867130313", "id_url": "https://www.openstreetmap.org/edit?editor=id&way=867130313#map=20/45.4956812/9.1876663"}}, {"type": "Feature", "geometry": {"type": "Point", "coordinates": [9.1873715, 45.4955867]}, "properties": {"id": 867130314, "feat_type": "way", "quality_categories": "older_than_five_years", "issue_ids": "[178]", "osm_url": "https://www.openstreetmap.org/way/867130314", "josm_url": "http://127.0.0.1:8111/load_object?new_layer=false&objects=w867130314", "id_url": "https://www.openstreetmap.org/edit?editor=id&way=867130314#map=20/45.4955867/9.1873715"}}, {"type": "Feature", "geometry": {"type": "Point", "coordinates": [9.1877172, 45.4957033]}, "properties": {"id": 867130315, "feat_type": "way", "quality_categories": "older_than_five_years", "issue_ids": "[176]", "osm_url": "https://www.openstreetmap.org/way/867130315", "josm_url": "http://127.0.0.1:8111/load_object?new_layer=false&objects=w867130315", "id_url": "https://www.openstreetmap.org/edit?editor=id&way=867130315#map=20/45.4957033/9.1877172"}}, {"type": "Feature", "geometry": {"type": "Point", "coordinates": [9.1878258, 45.4957595]}, "properties": {"id": 867130316, "feat_type": "way", "quality_categories": "older_than_five_years", "issue_ids": "[178]", "osm_url": "https://www.openstreetmap.org/way/867130316", "josm_url": "http://127.0.0.1:8111/load_object?new_layer=false&objects=w867130316", "id_url": "https://www.openstreetmap.org/edit?editor=id&way=867130316#map=20/45.4957595/9.1878258"}}, {"type": "Feature", "geometry": {"type": "Point", "coordinates": [9.187732, 45.4957079]}, "properties": {"id": 867130317, "feat_type": "way", "quality_categories": "older_than_five_years", "issue_ids": "[178]", "osm_url": "https://www.openstreetmap.org/way/867130317", "josm_url": "http://127.0.0.1:8111/load_object?new_layer=false&objects=w867130317", "id_url": "https://www.openstreetmap.org/edit?editor=id&way=867130317#map=20/45.4957079/9.187732"}}, {"type": "Feature", "geometry": {"type": "Point", "coordinates": [9.1879787, 45.4958934]}, "properties": {"id": 867130320, "feat_type": "way", "quality_categories": "older_than_five_years", "issue_ids": "[178]", "osm_url": "https://www.openstreetmap.org/way/867130320", "josm_url": "http://127.0.0.1:8111/load_object?new_layer=false&objects=w867130320", "id_url": "https://www.openstreetmap.org/edit?editor=id&way=867130320#map=20/45.4958934/9.1879787"}}, {"type": "Feature", "geometry": {"type": "Point", "coordinates": [9.1881513, 45.4962339]}, "properties": {"id": 867130324, "feat_type": "way", "quality_categories": "older_than_five_years", "issue_ids": "[176]", "osm_url": "https://www.openstreetmap.org/way/867130324", "josm_url": "http://127.0.0.1:8111/load_object?new_layer=false&objects=w867130324", "id_url": "https://www.openstreetmap.org/edit?editor=id&way=867130324#map=20/45.4962339/9.1881513"}}, {"type": "Feature", "geometry": {"type": "Point", "coordinates": [9.1886954, 45.4969428]}, "properties": {"id": 867130326, "feat_type": "way", "quality_categories": "older_than_five_years", "issue_ids": "[176]", "osm_url": "https://www.openstreetmap.org/way/867130326", "josm_url": "http://127.0.0.1:8111/load_object?new_layer=false&objects=w867130326", "id_url": "https://www.openstreetmap.org/edit?editor=id&way=867130326#map=20/45.4969428/9.1886954"}}, {"type": "Feature", "geometry": {"type": "Point", "coordinates": [9.1876906, 45.4955899]}, "properties": {"id": 867130329, "feat_type": "way", "quality_categories": "older_than_five_years", "issue_ids": "[3]", "osm_url": "https://www.openstreetmap.org/way/867130329", "josm_url": "http://127.0.0.1:8111/load_object?new_layer=false&objects=w867130329", "id_url": "https://www.openstreetmap.org/edit?editor=id&way=867130329#map=20/45.4955899/9.1876906"}}, {"type": "Feature", "geometry": {"type": "Point", "coordinates": [9.1873161, 45.4954524]}, "properties": {"id": 867130330, "feat_type": "way", "quality_categories": "older_than_five_years", "issue_ids": "[178]", "osm_url": "https://www.openstreetmap.org/way/867130330", "josm_url": "http://127.0.0.1:8111/load_object?new_layer=false&objects=w867130330", "id_url": "https://www.openstreetmap.org/edit?editor=id&way=867130330#map=20/45.4954524/9.1873161"}}, {"type": "Feature", "geometry": {"type": "Point", "coordinates": [9.1871692, 45.495409]}, "properties": {"id": 867130332, "feat_type": "way", "quality_categories": "older_than_five_years", "issue_ids": "[178]", "osm_url": "https://www.openstreetmap.org/way/867130332", "josm_url": "http://127.0.0.1:8111/load_object?new_layer=false&objects=w867130332", "id_url": "https://www.openstreetmap.org/edit?editor=id&way=867130332#map=20/45.495409/9.1871692"}}, {"type": "Feature", "geometry": {"type": "Point", "coordinates": [9.1858765, 45.5051142]}, "properties": {"id": 867324920, "feat_type": "way", "quality_categories": "older_than_five_years", "issue_ids": "[173]", "osm_url": "https://www.openstreetmap.org/way/867324920", "josm_url": "http://127.0.0.1:8111/load_object?new_layer=false&objects=w867324920", "id_url": "https://www.openstreetmap.org/edit?editor=id&way=867324920#map=20/45.5051142/9.1858765"}}, {"type": "Feature", "geometry": {"type": "Point", "coordinates": [9.1859229, 45.5050847]}, "properties": {"id": 867324921, "feat_type": "way", "quality_categories": "older_than_five_years", "issue_ids": "[179]", "osm_url": "https://www.openstreetmap.org/way/867324921", "josm_url": "http://127.0.0.1:8111/load_object?new_layer=false&objects=w867324921", "id_url": "https://www.openstreetmap.org/edit?editor=id&way=867324921#map=20/45.5050847/9.1859229"}}, {"type": "Feature", "geometry": {"type": "Point", "coordinates": [9.1851288, 45.5052199]}, "properties": {"id": 867324922, "feat_type": "way", "quality_categories": "older_than_five_years", "issue_ids": "[180]", "osm_url": "https://www.openstreetmap.org/way/867324922", "josm_url": "http://127.0.0.1:8111/load_object?new_layer=false&objects=w867324922", "id_url": "https://www.openstreetmap.org/edit?editor=id&way=867324922#map=20/45.5052199/9.1851288"}}, {"type": "Feature", "geometry": {"type": "Point", "coordinates": [9.1887492, 45.4955219]}, "properties": {"id": 867488022, "feat_type": "way", "quality_categories": "older_than_five_years", "issue_ids": "[178]", "osm_url": "https://www.openstreetmap.org/way/867488022", "josm_url": "http://127.0.0.1:8111/load_object?new_layer=false&objects=w867488022", "id_url": "https://www.openstreetmap.org/edit?editor=id&way=867488022#map=20/45.4955219/9.1887492"}}, {"type": "Feature", "geometry": {"type": "Point", "coordinates": [9.1867757, 45.495272]}, "properties": {"id": 867488029, "feat_type": "way", "quality_categories": "older_than_five_years", "issue_ids": "[173]", "osm_url": "https://www.openstreetmap.org/way/867488029", "josm_url": "http://127.0.0.1:8111/load_object?new_layer=false&objects=w867488029", "id_url": "https://www.openstreetmap.org/edit?editor=id&way=867488029#map=20/45.495272/9.1867757"}}, {"type": "Feature", "geometry": {"type": "Point", "coordinates": [9.1849535, 45.5052017]}, "properties": {"id": 867507767, "feat_type": "way", "quality_categories": "older_than_five_years", "issue_ids": "[173]", "osm_url": "https://www.openstreetmap.org/way/867507767", "josm_url": "http://127.0.0.1:8111/load_object?new_layer=false&objects=w867507767", "id_url": "https://www.openstreetmap.org/edit?editor=id&way=867507767#map=20/45.5052017/9.1849535"}}, {"type": "Feature", "geometry": {"type": "Point", "coordinates": [9.1819853, 45.5047871]}, "properties": {"id": 867511307, "feat_type": "way", "quality_categories": "older_than_five_years", "issue_ids": "[17]", "osm_url": "https://www.openstreetmap.org/way/867511307", "josm_url": "http://127.0.0.1:8111/load_object?new_layer=false&objects=w867511307", "id_url": "https://www.openstreetmap.org/edit?editor=id&way=867511307#map=20/45.5047871/9.1819853"}}, {"type": "Feature", "geometry": {"type": "Point", "coordinates": [9.1867317, 45.5034195]}, "properties": {"id": 867539986, "feat_type": "way", "quality_categories": "older_than_five_years", "issue_ids": "[5]", "osm_url": "https://www.openstreetmap.org/way/867539986", "josm_url": "http://127.0.0.1:8111/load_object?new_layer=false&objects=w867539986", "id_url": "https://www.openstreetmap.org/edit?editor=id&way=867539986#map=20/45.5034195/9.1867317"}}, {"type": "Feature", "geometry": {"type": "Point", "coordinates": [9.1858725, 45.5041654]}, "properties": {"id": 867539991, "feat_type": "way", "quality_categories": "older_than_five_years", "issue_ids": "[173]", "osm_url": "https://www.openstreetmap.org/way/867539991", "josm_url": "http://127.0.0.1:8111/load_object?new_layer=false&objects=w867539991", "id_url": "https://www.openstreetmap.org/edit?editor=id&way=867539991#map=20/45.5041654/9.1858725"}}, {"type": "Feature", "geometry": {"type": "Point", "coordinates": [9.1852551, 45.5047492]}, "properties": {"id": 867539992, "feat_type": "way", "quality_categories": "older_than_five_years", "issue_ids": "[179]", "osm_url": "https://www.openstreetmap.org/way/867539992", "josm_url": "http://127.0.0.1:8111/load_object?new_layer=false&objects=w867539992", "id_url": "https://www.openstreetmap.org/edit?editor=id&way=867539992#map=20/45.5047492/9.1852551"}}, {"type": "Feature", "geometry": {"type": "Point", "coordinates": [9.1808099, 45.5035615]}, "properties": {"id": 867641785, "feat_type": "way", "quality_categories": "older_than_five_years", "issue_ids": "[5]", "osm_url": "https://www.openstreetmap.org/way/867641785", "josm_url": "http://127.0.0.1:8111/load_object?new_layer=false&objects=w867641785", "id_url": "https://www.openstreetmap.org/edit?editor=id&way=867641785#map=20/45.5035615/9.1808099"}}, {"type": "Feature", "geometry": {"type": "Point", "coordinates": [9.1805423, 45.5042341]}, "properties": {"id": 867641787, "feat_type": "way", "quality_categories": "older_than_five_years", "issue_ids": "[17]", "osm_url": "https://www.openstreetmap.org/way/867641787", "josm_url": "http://127.0.0.1:8111/load_object?new_layer=false&objects=w867641787", "id_url": "https://www.openstreetmap.org/edit?editor=id&way=867641787#map=20/45.5042341/9.1805423"}}, {"type": "Feature", "geometry": {"type": "Point", "coordinates": [9.1610923, 45.4714731]}, "properties": {"id": 867780856, "feat_type": "way", "quality_categories": "older_than_five_years", "issue_ids": "[146]", "osm_url": "https://www.openstreetmap.org/way/867780856", "josm_url": "http://127.0.0.1:8111/load_object?new_layer=false&objects=w867780856", "id_url": "https://www.openstreetmap.org/edit?editor=id&way=867780856#map=20/45.4714731/9.1610923"}}, {"type": "Feature", "geometry": {"type": "Point", "coordinates": [9.1620366, 45.472094]}, "properties": {"id": 867780857, "feat_type": "way", "quality_categories": "older_than_five_years", "issue_ids": "[146]", "osm_url": "https://www.openstreetmap.org/way/867780857", "josm_url": "http://127.0.0.1:8111/load_object?new_layer=false&objects=w867780857", "id_url": "https://www.openstreetmap.org/edit?editor=id&way=867780857#map=20/45.472094/9.1620366"}}, {"type": "Feature", "geometry": {"type": "Point", "coordinates": [9.189248, 45.5045793]}, "properties": {"id": 868046909, "feat_type": "way", "quality_categories": "older_than_five_years", "issue_ids": "[181]", "osm_url": "https://www.openstreetmap.org/way/868046909", "josm_url": "http://127.0.0.1:8111/load_object?new_layer=false&objects=w868046909", "id_url": "https://www.openstreetmap.org/edit?editor=id&way=868046909#map=20/45.5045793/9.189248"}}, {"type": "Feature", "geometry": {"type": "Point", "coordinates": [9.1884027, 45.5060304]}, "properties": {"id": 868048963, "feat_type": "way", "quality_categories": "older_than_five_years", "issue_ids": "[181]", "osm_url": "https://www.openstreetmap.org/way/868048963", "josm_url": "http://127.0.0.1:8111/load_object?new_layer=false&objects=w868048963", "id_url": "https://www.openstreetmap.org/edit?editor=id&way=868048963#map=20/45.5060304/9.1884027"}}, {"type": "Feature", "geometry": {"type": "Point", "coordinates": [9.191776, 45.4969006]}, "properties": {"id": 868049788, "feat_type": "way", "quality_categories": "older_than_five_years", "issue_ids": "[179]", "osm_url": "https://www.openstreetmap.org/way/868049788", "josm_url": "http://127.0.0.1:8111/load_object?new_layer=false&objects=w868049788", "id_url": "https://www.openstreetmap.org/edit?editor=id&way=868049788#map=20/45.4969006/9.191776"}}, {"type": "Feature", "geometry": {"type": "Point", "coordinates": [9.1884568, 45.5047289]}, "properties": {"id": 868062922, "feat_type": "way", "quality_categories": "older_than_five_years", "issue_ids": "[180]", "osm_url": "https://www.openstreetmap.org/way/868062922", "josm_url": "http://127.0.0.1:8111/load_object?new_layer=false&objects=w868062922", "id_url": "https://www.openstreetmap.org/edit?editor=id&way=868062922#map=20/45.5047289/9.1884568"}}, {"type": "Feature", "geometry": {"type": "Point", "coordinates": [9.1850665, 45.5053309]}, "properties": {"id": 868062923, "feat_type": "way", "quality_categories": "older_than_five_years", "issue_ids": "[179]", "osm_url": "https://www.openstreetmap.org/way/868062923", "josm_url": "http://127.0.0.1:8111/load_object?new_layer=false&objects=w868062923", "id_url": "https://www.openstreetmap.org/edit?editor=id&way=868062923#map=20/45.5053309/9.1850665"}}, {"type": "Feature", "geometry": {"type": "Point", "coordinates": [9.1856208, 45.4948713]}, "properties": {"id": 868103231, "feat_type": "way", "quality_categories": "older_than_five_years", "issue_ids": "[178]", "osm_url": "https://www.openstreetmap.org/way/868103231", "josm_url": "http://127.0.0.1:8111/load_object?new_layer=false&objects=w868103231", "id_url": "https://www.openstreetmap.org/edit?editor=id&way=868103231#map=20/45.4948713/9.1856208"}}, {"type": "Feature", "geometry": {"type": "Point", "coordinates": [9.186895, 45.4948625]}, "properties": {"id": 868103232, "feat_type": "way", "quality_categories": "older_than_five_years", "issue_ids": "[182]", "osm_url": "https://www.openstreetmap.org/way/868103232", "josm_url": "http://127.0.0.1:8111/load_object?new_layer=false&objects=w868103232", "id_url": "https://www.openstreetmap.org/edit?editor=id&way=868103232#map=20/45.4948625/9.186895"}}, {"type": "Feature", "geometry": {"type": "Point", "coordinates": [9.1863613, 45.4958157]}, "properties": {"id": 868103236, "feat_type": "way", "quality_categories": "older_than_five_years", "issue_ids": "[183]", "osm_url": "https://www.openstreetmap.org/way/868103236", "josm_url": "http://127.0.0.1:8111/load_object?new_layer=false&objects=w868103236", "id_url": "https://www.openstreetmap.org/edit?editor=id&way=868103236#map=20/45.4958157/9.1863613"}}, {"type": "Feature", "geometry": {"type": "Point", "coordinates": [9.186146, 45.4959561]}, "properties": {"id": 868103238, "feat_type": "way", "quality_categories": "older_than_five_years", "issue_ids": "[17]", "osm_url": "https://www.openstreetmap.org/way/868103238", "josm_url": "http://127.0.0.1:8111/load_object?new_layer=false&objects=w868103238", "id_url": "https://www.openstreetmap.org/edit?editor=id&way=868103238#map=20/45.4959561/9.186146"}}, {"type": "Feature", "geometry": {"type": "Point", "coordinates": [9.1880172, 45.4940151]}, "properties": {"id": 868115374, "feat_type": "way", "quality_categories": "older_than_five_years", "issue_ids": "[184]", "osm_url": "https://www.openstreetmap.org/way/868115374", "josm_url": "http://127.0.0.1:8111/load_object?new_layer=false&objects=w868115374", "id_url": "https://www.openstreetmap.org/edit?editor=id&way=868115374#map=20/45.4940151/9.1880172"}}, {"type": "Feature", "geometry": {"type": "Point", "coordinates": [9.188832, 45.5038363]}, "properties": {"id": 868142042, "feat_type": "way", "quality_categories": "older_than_five_years", "issue_ids": "[175]", "osm_url": "https://www.openstreetmap.org/way/868142042", "josm_url": "http://127.0.0.1:8111/load_object?new_layer=false&objects=w868142042", "id_url": "https://www.openstreetmap.org/edit?editor=id&way=868142042#map=20/45.5038363/9.188832"}}, {"type": "Feature", "geometry": {"type": "Point", "coordinates": [9.1873372, 45.4941836]}, "properties": {"id": 868276878, "feat_type": "way", "quality_categories": "older_than_five_years", "issue_ids": "[185]", "osm_url": "https://www.openstreetmap.org/way/868276878", "josm_url": "http://127.0.0.1:8111/load_object?new_layer=false&objects=w868276878", "id_url": "https://www.openstreetmap.org/edit?editor=id&way=868276878#map=20/45.4941836/9.1873372"}}, {"type": "Feature", "geometry": {"type": "Point", "coordinates": [9.1870736, 45.4948111]}, "properties": {"id": 868276879, "feat_type": "way", "quality_categories": "older_than_five_years", "issue_ids": "[183]", "osm_url": "https://www.openstreetmap.org/way/868276879", "josm_url": "http://127.0.0.1:8111/load_object?new_layer=false&objects=w868276879", "id_url": "https://www.openstreetmap.org/edit?editor=id&way=868276879#map=20/45.4948111/9.1870736"}}, {"type": "Feature", "geometry": {"type": "Point", "coordinates": [9.1868566, 45.4949154]}, "properties": {"id": 868276880, "feat_type": "way", "quality_categories": "older_than_five_years", "issue_ids": "[183]", "osm_url": "https://www.openstreetmap.org/way/868276880", "josm_url": "http://127.0.0.1:8111/load_object?new_layer=false&objects=w868276880", "id_url": "https://www.openstreetmap.org/edit?editor=id&way=868276880#map=20/45.4949154/9.1868566"}}, {"type": "Feature", "geometry": {"type": "Point", "coordinates": [9.186928, 45.4948153]}, "properties": {"id": 868276881, "feat_type": "way", "quality_categories": "older_than_five_years", "issue_ids": "[183]", "osm_url": "https://www.openstreetmap.org/way/868276881", "josm_url": "http://127.0.0.1:8111/load_object?new_layer=false&objects=w868276881", "id_url": "https://www.openstreetmap.org/edit?editor=id&way=868276881#map=20/45.4948153/9.186928"}}, {"type": "Feature", "geometry": {"type": "Point", "coordinates": [9.1868281, 45.4949574]}, "properties": {"id": 868276882, "feat_type": "way", "quality_categories": "older_than_five_years", "issue_ids": "[182]", "osm_url": "https://www.openstreetmap.org/way/868276882", "josm_url": "http://127.0.0.1:8111/load_object?new_layer=false&objects=w868276882", "id_url": "https://www.openstreetmap.org/edit?editor=id&way=868276882#map=20/45.4949574/9.1868281"}}, {"type": "Feature", "geometry": {"type": "Point", "coordinates": [9.1868148, 45.4949759]}, "properties": {"id": 868276883, "feat_type": "way", "quality_categories": "older_than_five_years", "issue_ids": "[183]", "osm_url": "https://www.openstreetmap.org/way/868276883", "josm_url": "http://127.0.0.1:8111/load_object?new_layer=false&objects=w868276883", "id_url": "https://www.openstreetmap.org/edit?editor=id&way=868276883#map=20/45.4949759/9.1868148"}}, {"type": "Feature", "geometry": {"type": "Point", "coordinates": [9.1863775, 45.4957906]}, "properties": {"id": 868276884, "feat_type": "way", "quality_categories": "older_than_five_years", "issue_ids": "[182]", "osm_url": "https://www.openstreetmap.org/way/868276884", "josm_url": "http://127.0.0.1:8111/load_object?new_layer=false&objects=w868276884", "id_url": "https://www.openstreetmap.org/edit?editor=id&way=868276884#map=20/45.4957906/9.1863775"}}, {"type": "Feature", "geometry": {"type": "Point", "coordinates": [9.1862354, 45.4960113]}, "properties": {"id": 868276885, "feat_type": "way", "quality_categories": "older_than_five_years", "issue_ids": "[182]", "osm_url": "https://www.openstreetmap.org/way/868276885", "josm_url": "http://127.0.0.1:8111/load_object?new_layer=false&objects=w868276885", "id_url": "https://www.openstreetmap.org/edit?editor=id&way=868276885#map=20/45.4960113/9.1862354"}}, {"type": "Feature", "geometry": {"type": "Point", "coordinates": [9.1873787, 45.4943863]}, "properties": {"id": 868317306, "feat_type": "way", "quality_categories": "older_than_five_years", "issue_ids": "[183]", "osm_url": "https://www.openstreetmap.org/way/868317306", "josm_url": "http://127.0.0.1:8111/load_object?new_layer=false&objects=w868317306", "id_url": "https://www.openstreetmap.org/edit?editor=id&way=868317306#map=20/45.4943863/9.1873787"}}, {"type": "Feature", "geometry": {"type": "Point", "coordinates": [9.1871781, 45.4946607]}, "properties": {"id": 868317307, "feat_type": "way", "quality_categories": "older_than_five_years", "issue_ids": "[182]", "osm_url": "https://www.openstreetmap.org/way/868317307", "josm_url": "http://127.0.0.1:8111/load_object?new_layer=false&objects=w868317307", "id_url": "https://www.openstreetmap.org/edit?editor=id&way=868317307#map=20/45.4946607/9.1871781"}}, {"type": "Feature", "geometry": {"type": "Point", "coordinates": [9.1872749, 45.4945258]}, "properties": {"id": 868317308, "feat_type": "way", "quality_categories": "older_than_five_years", "issue_ids": "[183]", "osm_url": "https://www.openstreetmap.org/way/868317308", "josm_url": "http://127.0.0.1:8111/load_object?new_layer=false&objects=w868317308", "id_url": "https://www.openstreetmap.org/edit?editor=id&way=868317308#map=20/45.4945258/9.1872749"}}, {"type": "Feature", "geometry": {"type": "Point", "coordinates": [9.1871482, 45.4946993]}, "properties": {"id": 868317309, "feat_type": "way", "quality_categories": "older_than_five_years", "issue_ids": "[182]", "osm_url": "https://www.openstreetmap.org/way/868317309", "josm_url": "http://127.0.0.1:8111/load_object?new_layer=false&objects=w868317309", "id_url": "https://www.openstreetmap.org/edit?editor=id&way=868317309#map=20/45.4946993/9.1871482"}}, {"type": "Feature", "geometry": {"type": "Point", "coordinates": [9.1871482, 45.4946993]}, "properties": {"id": 868317310, "feat_type": "way", "quality_categories": "older_than_five_years", "issue_ids": "[183]", "osm_url": "https://www.openstreetmap.org/way/868317310", "josm_url": "http://127.0.0.1:8111/load_object?new_layer=false&objects=w868317310", "id_url": "https://www.openstreetmap.org/edit?editor=id&way=868317310#map=20/45.4946993/9.1871482"}}, {"type": "Feature", "geometry": {"type": "Point", "coordinates": [9.187053, 45.4948387]}, "properties": {"id": 868317311, "feat_type": "way", "quality_categories": "older_than_five_years", "issue_ids": "[182]", "osm_url": "https://www.openstreetmap.org/way/868317311", "josm_url": "http://127.0.0.1:8111/load_object?new_layer=false&objects=w868317311", "id_url": "https://www.openstreetmap.org/edit?editor=id&way=868317311#map=20/45.4948387/9.187053"}}, {"type": "Feature", "geometry": {"type": "Point", "coordinates": [9.1618966, 45.4718874]}, "properties": {"id": 868318675, "feat_type": "way", "quality_categories": "older_than_five_years", "issue_ids": "[146]", "osm_url": "https://www.openstreetmap.org/way/868318675", "josm_url": "http://127.0.0.1:8111/load_object?new_layer=false&objects=w868318675", "id_url": "https://www.openstreetmap.org/edit?editor=id&way=868318675#map=20/45.4718874/9.1618966"}}, {"type": "Feature", "geometry": {"type": "Point", "coordinates": [9.1855621, 45.4948204]}, "properties": {"id": 869115989, "feat_type": "way", "quality_categories": "older_than_five_years", "issue_ids": "[178]", "osm_url": "https://www.openstreetmap.org/way/869115989", "josm_url": "http://127.0.0.1:8111/load_object?new_layer=false&objects=w869115989", "id_url": "https://www.openstreetmap.org/edit?editor=id&way=869115989#map=20/45.4948204/9.1855621"}}, {"type": "Feature", "geometry": {"type": "Point", "coordinates": [9.1886857, 45.5042692]}, "properties": {"id": 869554624, "feat_type": "way", "quality_categories": "older_than_five_years", "issue_ids": "[186]", "osm_url": "https://www.openstreetmap.org/way/869554624", "josm_url": "http://127.0.0.1:8111/load_object?new_layer=false&objects=w869554624", "id_url": "https://www.openstreetmap.org/edit?editor=id&way=869554624#map=20/45.5042692/9.1886857"}}, {"type": "Feature", "geometry": {"type": "Point", "coordinates": [9.1895644, 45.5045352]}, "properties": {"id": 869583113, "feat_type": "way", "quality_categories": "older_than_five_years", "issue_ids": "[181]", "osm_url": "https://www.openstreetmap.org/way/869583113", "josm_url": "http://127.0.0.1:8111/load_object?new_layer=false&objects=w869583113", "id_url": "https://www.openstreetmap.org/edit?editor=id&way=869583113#map=20/45.5045352/9.1895644"}}, {"type": "Feature", "geometry": {"type": "Point", "coordinates": [9.1880296, 45.5065267]}, "properties": {"id": 869675800, "feat_type": "way", "quality_categories": "older_than_five_years", "issue_ids": "[3]", "osm_url": "https://www.openstreetmap.org/way/869675800", "josm_url": "http://127.0.0.1:8111/load_object?new_layer=false&objects=w869675800", "id_url": "https://www.openstreetmap.org/edit?editor=id&way=869675800#map=20/45.5065267/9.1880296"}}, {"type": "Feature", "geometry": {"type": "Point", "coordinates": [9.1630684, 45.4803068]}, "properties": {"id": 870907024, "feat_type": "way", "quality_categories": "older_than_five_years", "issue_ids": "[161]", "osm_url": "https://www.openstreetmap.org/way/870907024", "josm_url": "http://127.0.0.1:8111/load_object?new_layer=false&objects=w870907024", "id_url": "https://www.openstreetmap.org/edit?editor=id&way=870907024#map=20/45.4803068/9.1630684"}}, {"type": "Feature", "geometry": {"type": "Point", "coordinates": [9.1574001, 45.4719796]}, "properties": {"id": 871160847, "feat_type": "way", "quality_categories": "missing_tags, older_than_five_years", "issue_ids": "[25, 1]", "osm_url": "https://www.openstreetmap.org/way/871160847", "josm_url": "http://127.0.0.1:8111/load_object?new_layer=false&objects=w871160847", "id_url": "https://www.openstreetmap.org/edit?editor=id&way=871160847#map=20/45.4719796/9.1574001"}}, {"type": "Feature", "geometry": {"type": "Point", "coordinates": [9.1564241, 45.4739383]}, "properties": {"id": 871208002, "feat_type": "way", "quality_categories": "older_than_five_years", "issue_ids": "[187]", "osm_url": "https://www.openstreetmap.org/way/871208002", "josm_url": "http://127.0.0.1:8111/load_object?new_layer=false&objects=w871208002", "id_url": "https://www.openstreetmap.org/edit?editor=id&way=871208002#map=20/45.4739383/9.1564241"}}, {"type": "Feature", "geometry": {"type": "Point", "coordinates": [9.191427, 45.4962116]}, "properties": {"id": 871358704, "feat_type": "way", "quality_categories": "older_than_five_years", "issue_ids": "[188]", "osm_url": "https://www.openstreetmap.org/way/871358704", "josm_url": "http://127.0.0.1:8111/load_object?new_layer=false&objects=w871358704", "id_url": "https://www.openstreetmap.org/edit?editor=id&way=871358704#map=20/45.4962116/9.191427"}}, {"type": "Feature", "geometry": {"type": "Point", "coordinates": [9.1922108, 45.4959991]}, "properties": {"id": 871358707, "feat_type": "way", "quality_categories": "older_than_five_years", "issue_ids": "[177]", "osm_url": "https://www.openstreetmap.org/way/871358707", "josm_url": "http://127.0.0.1:8111/load_object?new_layer=false&objects=w871358707", "id_url": "https://www.openstreetmap.org/edit?editor=id&way=871358707#map=20/45.4959991/9.1922108"}}, {"type": "Feature", "geometry": {"type": "Point", "coordinates": [9.1835558, 45.5027456]}, "properties": {"id": 871577777, "feat_type": "way", "quality_categories": "older_than_five_years", "issue_ids": "[189]", "osm_url": "https://www.openstreetmap.org/way/871577777", "josm_url": "http://127.0.0.1:8111/load_object?new_layer=false&objects=w871577777", "id_url": "https://www.openstreetmap.org/edit?editor=id&way=871577777#map=20/45.5027456/9.1835558"}}, {"type": "Feature", "geometry": {"type": "Point", "coordinates": [9.1847818, 45.503254]}, "properties": {"id": 871615669, "feat_type": "way", "quality_categories": "older_than_five_years", "issue_ids": "[189]", "osm_url": "https://www.openstreetmap.org/way/871615669", "josm_url": "http://127.0.0.1:8111/load_object?new_layer=false&objects=w871615669", "id_url": "https://www.openstreetmap.org/edit?editor=id&way=871615669#map=20/45.503254/9.1847818"}}, {"type": "Feature", "geometry": {"type": "Point", "coordinates": [9.1873236, 45.4995567]}, "properties": {"id": 871668210, "feat_type": "way", "quality_categories": "older_than_five_years", "issue_ids": "[59]", "osm_url": "https://www.openstreetmap.org/way/871668210", "josm_url": "http://127.0.0.1:8111/load_object?new_layer=false&objects=w871668210", "id_url": "https://www.openstreetmap.org/edit?editor=id&way=871668210#map=20/45.4995567/9.1873236"}}, {"type": "Feature", "geometry": {"type": "Point", "coordinates": [9.1907907, 45.4932859]}, "properties": {"id": 871670983, "feat_type": "way", "quality_categories": "older_than_five_years", "issue_ids": "[190]", "osm_url": "https://www.openstreetmap.org/way/871670983", "josm_url": "http://127.0.0.1:8111/load_object?new_layer=false&objects=w871670983", "id_url": "https://www.openstreetmap.org/edit?editor=id&way=871670983#map=20/45.4932859/9.1907907"}}, {"type": "Feature", "geometry": {"type": "Point", "coordinates": [9.1888975, 45.4953277]}, "properties": {"id": 871712032, "feat_type": "way", "quality_categories": "older_than_five_years", "issue_ids": "[184]", "osm_url": "https://www.openstreetmap.org/way/871712032", "josm_url": "http://127.0.0.1:8111/load_object?new_layer=false&objects=w871712032", "id_url": "https://www.openstreetmap.org/edit?editor=id&way=871712032#map=20/45.4953277/9.1888975"}}, {"type": "Feature", "geometry": {"type": "Point", "coordinates": [9.184911, 45.5054653]}, "properties": {"id": 871829690, "feat_type": "way", "quality_categories": "older_than_five_years", "issue_ids": "[190]", "osm_url": "https://www.openstreetmap.org/way/871829690", "josm_url": "http://127.0.0.1:8111/load_object?new_layer=false&objects=w871829690", "id_url": "https://www.openstreetmap.org/edit?editor=id&way=871829690#map=20/45.5054653/9.184911"}}, {"type": "Feature", "geometry": {"type": "Point", "coordinates": [9.184858, 45.5053034]}, "properties": {"id": 871829691, "feat_type": "way", "quality_categories": "older_than_five_years", "issue_ids": "[179]", "osm_url": "https://www.openstreetmap.org/way/871829691", "josm_url": "http://127.0.0.1:8111/load_object?new_layer=false&objects=w871829691", "id_url": "https://www.openstreetmap.org/edit?editor=id&way=871829691#map=20/45.5053034/9.184858"}}, {"type": "Feature", "geometry": {"type": "Point", "coordinates": [9.1840003, 45.5014315]}, "properties": {"id": 871837830, "feat_type": "way", "quality_categories": "older_than_five_years", "issue_ids": "[189]", "osm_url": "https://www.openstreetmap.org/way/871837830", "josm_url": "http://127.0.0.1:8111/load_object?new_layer=false&objects=w871837830", "id_url": "https://www.openstreetmap.org/edit?editor=id&way=871837830#map=20/45.5014315/9.1840003"}}, {"type": "Feature", "geometry": {"type": "Point", "coordinates": [9.1835316, 45.5013394]}, "properties": {"id": 871837832, "feat_type": "way", "quality_categories": "older_than_five_years", "issue_ids": "[189]", "osm_url": "https://www.openstreetmap.org/way/871837832", "josm_url": "http://127.0.0.1:8111/load_object?new_layer=false&objects=w871837832", "id_url": "https://www.openstreetmap.org/edit?editor=id&way=871837832#map=20/45.5013394/9.1835316"}}, {"type": "Feature", "geometry": {"type": "Point", "coordinates": [9.1884079, 45.5047364]}, "properties": {"id": 871838741, "feat_type": "way", "quality_categories": "older_than_five_years", "issue_ids": "[180]", "osm_url": "https://www.openstreetmap.org/way/871838741", "josm_url": "http://127.0.0.1:8111/load_object?new_layer=false&objects=w871838741", "id_url": "https://www.openstreetmap.org/edit?editor=id&way=871838741#map=20/45.5047364/9.1884079"}}, {"type": "Feature", "geometry": {"type": "Point", "coordinates": [9.1881095, 45.5047871]}, "properties": {"id": 871838742, "feat_type": "way", "quality_categories": "older_than_five_years", "issue_ids": "[180]", "osm_url": "https://www.openstreetmap.org/way/871838742", "josm_url": "http://127.0.0.1:8111/load_object?new_layer=false&objects=w871838742", "id_url": "https://www.openstreetmap.org/edit?editor=id&way=871838742#map=20/45.5047871/9.1881095"}}, {"type": "Feature", "geometry": {"type": "Point", "coordinates": [9.1880699, 45.5047932]}, "properties": {"id": 871838743, "feat_type": "way", "quality_categories": "older_than_five_years", "issue_ids": "[180]", "osm_url": "https://www.openstreetmap.org/way/871838743", "josm_url": "http://127.0.0.1:8111/load_object?new_layer=false&objects=w871838743", "id_url": "https://www.openstreetmap.org/edit?editor=id&way=871838743#map=20/45.5047932/9.1880699"}}, {"type": "Feature", "geometry": {"type": "Point", "coordinates": [9.187799, 45.5048355]}, "properties": {"id": 871838744, "feat_type": "way", "quality_categories": "older_than_five_years", "issue_ids": "[180]", "osm_url": "https://www.openstreetmap.org/way/871838744", "josm_url": "http://127.0.0.1:8111/load_object?new_layer=false&objects=w871838744", "id_url": "https://www.openstreetmap.org/edit?editor=id&way=871838744#map=20/45.5048355/9.187799"}}, {"type": "Feature", "geometry": {"type": "Point", "coordinates": [9.1877668, 45.5048402]}, "properties": {"id": 871838745, "feat_type": "way", "quality_categories": "older_than_five_years", "issue_ids": "[180]", "osm_url": "https://www.openstreetmap.org/way/871838745", "josm_url": "http://127.0.0.1:8111/load_object?new_layer=false&objects=w871838745", "id_url": "https://www.openstreetmap.org/edit?editor=id&way=871838745#map=20/45.5048402/9.1877668"}}, {"type": "Feature", "geometry": {"type": "Point", "coordinates": [9.1874423, 45.5048877]}, "properties": {"id": 871838746, "feat_type": "way", "quality_categories": "older_than_five_years", "issue_ids": "[180]", "osm_url": "https://www.openstreetmap.org/way/871838746", "josm_url": "http://127.0.0.1:8111/load_object?new_layer=false&objects=w871838746", "id_url": "https://www.openstreetmap.org/edit?editor=id&way=871838746#map=20/45.5048877/9.1874423"}}, {"type": "Feature", "geometry": {"type": "Point", "coordinates": [9.1874181, 45.5048924]}, "properties": {"id": 871838747, "feat_type": "way", "quality_categories": "older_than_five_years", "issue_ids": "[180]", "osm_url": "https://www.openstreetmap.org/way/871838747", "josm_url": "http://127.0.0.1:8111/load_object?new_layer=false&objects=w871838747", "id_url": "https://www.openstreetmap.org/edit?editor=id&way=871838747#map=20/45.5048924/9.1874181"}}, {"type": "Feature", "geometry": {"type": "Point", "coordinates": [9.187158, 45.5049291]}, "properties": {"id": 871838748, "feat_type": "way", "quality_categories": "older_than_five_years", "issue_ids": "[180]", "osm_url": "https://www.openstreetmap.org/way/871838748", "josm_url": "http://127.0.0.1:8111/load_object?new_layer=false&objects=w871838748", "id_url": "https://www.openstreetmap.org/edit?editor=id&way=871838748#map=20/45.5049291/9.187158"}}, {"type": "Feature", "geometry": {"type": "Point", "coordinates": [9.187158, 45.5049291]}, "properties": {"id": 871838749, "feat_type": "way", "quality_categories": "older_than_five_years", "issue_ids": "[180]", "osm_url": "https://www.openstreetmap.org/way/871838749", "josm_url": "http://127.0.0.1:8111/load_object?new_layer=false&objects=w871838749", "id_url": "https://www.openstreetmap.org/edit?editor=id&way=871838749#map=20/45.5049291/9.187158"}}, {"type": "Feature", "geometry": {"type": "Point", "coordinates": [9.1871352, 45.5049328]}, "properties": {"id": 871838750, "feat_type": "way", "quality_categories": "older_than_five_years", "issue_ids": "[180]", "osm_url": "https://www.openstreetmap.org/way/871838750", "josm_url": "http://127.0.0.1:8111/load_object?new_layer=false&objects=w871838750", "id_url": "https://www.openstreetmap.org/edit?editor=id&way=871838750#map=20/45.5049328/9.1871352"}}, {"type": "Feature", "geometry": {"type": "Point", "coordinates": [9.1868193, 45.504984]}, "properties": {"id": 871838751, "feat_type": "way", "quality_categories": "older_than_five_years", "issue_ids": "[180]", "osm_url": "https://www.openstreetmap.org/way/871838751", "josm_url": "http://127.0.0.1:8111/load_object?new_layer=false&objects=w871838751", "id_url": "https://www.openstreetmap.org/edit?editor=id&way=871838751#map=20/45.504984/9.1868193"}}, {"type": "Feature", "geometry": {"type": "Point", "coordinates": [9.1864908, 45.5050348]}, "properties": {"id": 871838752, "feat_type": "way", "quality_categories": "older_than_five_years", "issue_ids": "[180]", "osm_url": "https://www.openstreetmap.org/way/871838752", "josm_url": "http://127.0.0.1:8111/load_object?new_layer=false&objects=w871838752", "id_url": "https://www.openstreetmap.org/edit?editor=id&way=871838752#map=20/45.5050348/9.1864908"}}, {"type": "Feature", "geometry": {"type": "Point", "coordinates": [9.1849686, 45.5056382]}, "properties": {"id": 871838753, "feat_type": "way", "quality_categories": "older_than_five_years", "issue_ids": "[180]", "osm_url": "https://www.openstreetmap.org/way/871838753", "josm_url": "http://127.0.0.1:8111/load_object?new_layer=false&objects=w871838753", "id_url": "https://www.openstreetmap.org/edit?editor=id&way=871838753#map=20/45.5056382/9.1849686"}}, {"type": "Feature", "geometry": {"type": "Point", "coordinates": [9.1848208, 45.5056894]}, "properties": {"id": 871838754, "feat_type": "way", "quality_categories": "older_than_five_years", "issue_ids": "[180]", "osm_url": "https://www.openstreetmap.org/way/871838754", "josm_url": "http://127.0.0.1:8111/load_object?new_layer=false&objects=w871838754", "id_url": "https://www.openstreetmap.org/edit?editor=id&way=871838754#map=20/45.5056894/9.1848208"}}, {"type": "Feature", "geometry": {"type": "Point", "coordinates": [9.1852265, 45.5052126]}, "properties": {"id": 871838755, "feat_type": "way", "quality_categories": "older_than_five_years", "issue_ids": "[180]", "osm_url": "https://www.openstreetmap.org/way/871838755", "josm_url": "http://127.0.0.1:8111/load_object?new_layer=false&objects=w871838755", "id_url": "https://www.openstreetmap.org/edit?editor=id&way=871838755#map=20/45.5052126/9.1852265"}}, {"type": "Feature", "geometry": {"type": "Point", "coordinates": [9.1852492, 45.5052108]}, "properties": {"id": 871838756, "feat_type": "way", "quality_categories": "older_than_five_years", "issue_ids": "[180]", "osm_url": "https://www.openstreetmap.org/way/871838756", "josm_url": "http://127.0.0.1:8111/load_object?new_layer=false&objects=w871838756", "id_url": "https://www.openstreetmap.org/edit?editor=id&way=871838756#map=20/45.5052108/9.1852492"}}, {"type": "Feature", "geometry": {"type": "Point", "coordinates": [9.1864908, 45.5050348]}, "properties": {"id": 871838757, "feat_type": "way", "quality_categories": "older_than_five_years", "issue_ids": "[191]", "osm_url": "https://www.openstreetmap.org/way/871838757", "josm_url": "http://127.0.0.1:8111/load_object?new_layer=false&objects=w871838757", "id_url": "https://www.openstreetmap.org/edit?editor=id&way=871838757#map=20/45.5050348/9.1864908"}}, {"type": "Feature", "geometry": {"type": "Point", "coordinates": [9.1862014, 45.5050794]}, "properties": {"id": 871838758, "feat_type": "way", "quality_categories": "older_than_five_years", "issue_ids": "[180]", "osm_url": "https://www.openstreetmap.org/way/871838758", "josm_url": "http://127.0.0.1:8111/load_object?new_layer=false&objects=w871838758", "id_url": "https://www.openstreetmap.org/edit?editor=id&way=871838758#map=20/45.5050794/9.1862014"}}, {"type": "Feature", "geometry": {"type": "Point", "coordinates": [9.1861796, 45.5050809]}, "properties": {"id": 871838759, "feat_type": "way", "quality_categories": "older_than_five_years", "issue_ids": "[191]", "osm_url": "https://www.openstreetmap.org/way/871838759", "josm_url": "http://127.0.0.1:8111/load_object?new_layer=false&objects=w871838759", "id_url": "https://www.openstreetmap.org/edit?editor=id&way=871838759#map=20/45.5050809/9.1861796"}}, {"type": "Feature", "geometry": {"type": "Point", "coordinates": [9.1861796, 45.5050809]}, "properties": {"id": 871838760, "feat_type": "way", "quality_categories": "older_than_five_years", "issue_ids": "[180]", "osm_url": "https://www.openstreetmap.org/way/871838760", "josm_url": "http://127.0.0.1:8111/load_object?new_layer=false&objects=w871838760", "id_url": "https://www.openstreetmap.org/edit?editor=id&way=871838760#map=20/45.5050809/9.1861796"}}, {"type": "Feature", "geometry": {"type": "Point", "coordinates": [9.1858457, 45.5051201]}, "properties": {"id": 871838761, "feat_type": "way", "quality_categories": "older_than_five_years", "issue_ids": "[180]", "osm_url": "https://www.openstreetmap.org/way/871838761", "josm_url": "http://127.0.0.1:8111/load_object?new_layer=false&objects=w871838761", "id_url": "https://www.openstreetmap.org/edit?editor=id&way=871838761#map=20/45.5051201/9.1858457"}}, {"type": "Feature", "geometry": {"type": "Point", "coordinates": [9.1855124, 45.5051718]}, "properties": {"id": 871838762, "feat_type": "way", "quality_categories": "older_than_five_years", "issue_ids": "[180]", "osm_url": "https://www.openstreetmap.org/way/871838762", "josm_url": "http://127.0.0.1:8111/load_object?new_layer=false&objects=w871838762", "id_url": "https://www.openstreetmap.org/edit?editor=id&way=871838762#map=20/45.5051718/9.1855124"}}, {"type": "Feature", "geometry": {"type": "Point", "coordinates": [9.1827236, 45.5012795]}, "properties": {"id": 871839073, "feat_type": "way", "quality_categories": "older_than_five_years", "issue_ids": "[189]", "osm_url": "https://www.openstreetmap.org/way/871839073", "josm_url": "http://127.0.0.1:8111/load_object?new_layer=false&objects=w871839073", "id_url": "https://www.openstreetmap.org/edit?editor=id&way=871839073#map=20/45.5012795/9.1827236"}}, {"type": "Feature", "geometry": {"type": "Point", "coordinates": [9.1834947, 45.5014243]}, "properties": {"id": 871839074, "feat_type": "way", "quality_categories": "older_than_five_years", "issue_ids": "[189]", "osm_url": "https://www.openstreetmap.org/way/871839074", "josm_url": "http://127.0.0.1:8111/load_object?new_layer=false&objects=w871839074", "id_url": "https://www.openstreetmap.org/edit?editor=id&way=871839074#map=20/45.5014243/9.1834947"}}, {"type": "Feature", "geometry": {"type": "Point", "coordinates": [9.1840941, 45.5015465]}, "properties": {"id": 871839075, "feat_type": "way", "quality_categories": "older_than_five_years", "issue_ids": "[189]", "osm_url": "https://www.openstreetmap.org/way/871839075", "josm_url": "http://127.0.0.1:8111/load_object?new_layer=false&objects=w871839075", "id_url": "https://www.openstreetmap.org/edit?editor=id&way=871839075#map=20/45.5015465/9.1840941"}}, {"type": "Feature", "geometry": {"type": "Point", "coordinates": [9.1843852, 45.4997748]}, "properties": {"id": 871843461, "feat_type": "way", "quality_categories": "older_than_five_years", "issue_ids": "[183]", "osm_url": "https://www.openstreetmap.org/way/871843461", "josm_url": "http://127.0.0.1:8111/load_object?new_layer=false&objects=w871843461", "id_url": "https://www.openstreetmap.org/edit?editor=id&way=871843461#map=20/45.4997748/9.1843852"}}, {"type": "Feature", "geometry": {"type": "Point", "coordinates": [9.1837824, 45.4996265]}, "properties": {"id": 871843462, "feat_type": "way", "quality_categories": "older_than_five_years", "issue_ids": "[183]", "osm_url": "https://www.openstreetmap.org/way/871843462", "josm_url": "http://127.0.0.1:8111/load_object?new_layer=false&objects=w871843462", "id_url": "https://www.openstreetmap.org/edit?editor=id&way=871843462#map=20/45.4996265/9.1837824"}}, {"type": "Feature", "geometry": {"type": "Point", "coordinates": [9.1845162, 45.4985789]}, "properties": {"id": 871845223, "feat_type": "way", "quality_categories": "older_than_five_years", "issue_ids": "[180]", "osm_url": "https://www.openstreetmap.org/way/871845223", "josm_url": "http://127.0.0.1:8111/load_object?new_layer=false&objects=w871845223", "id_url": "https://www.openstreetmap.org/edit?editor=id&way=871845223#map=20/45.4985789/9.1845162"}}, {"type": "Feature", "geometry": {"type": "Point", "coordinates": [9.184976, 45.498777]}, "properties": {"id": 871845456, "feat_type": "way", "quality_categories": "older_than_five_years", "issue_ids": "[183]", "osm_url": "https://www.openstreetmap.org/way/871845456", "josm_url": "http://127.0.0.1:8111/load_object?new_layer=false&objects=w871845456", "id_url": "https://www.openstreetmap.org/edit?editor=id&way=871845456#map=20/45.498777/9.184976"}}, {"type": "Feature", "geometry": {"type": "Point", "coordinates": [9.1873343, 45.5015998]}, "properties": {"id": 871898365, "feat_type": "way", "quality_categories": "older_than_five_years", "issue_ids": "[180]", "osm_url": "https://www.openstreetmap.org/way/871898365", "josm_url": "http://127.0.0.1:8111/load_object?new_layer=false&objects=w871898365", "id_url": "https://www.openstreetmap.org/edit?editor=id&way=871898365#map=20/45.5015998/9.1873343"}}, {"type": "Feature", "geometry": {"type": "Point", "coordinates": [9.1872143, 45.5013202]}, "properties": {"id": 871904181, "feat_type": "way", "quality_categories": "older_than_five_years", "issue_ids": "[180]", "osm_url": "https://www.openstreetmap.org/way/871904181", "josm_url": "http://127.0.0.1:8111/load_object?new_layer=false&objects=w871904181", "id_url": "https://www.openstreetmap.org/edit?editor=id&way=871904181#map=20/45.5013202/9.1872143"}}, {"type": "Feature", "geometry": {"type": "Point", "coordinates": [9.1868944, 45.5012398]}, "properties": {"id": 871904182, "feat_type": "way", "quality_categories": "older_than_five_years", "issue_ids": "[180]", "osm_url": "https://www.openstreetmap.org/way/871904182", "josm_url": "http://127.0.0.1:8111/load_object?new_layer=false&objects=w871904182", "id_url": "https://www.openstreetmap.org/edit?editor=id&way=871904182#map=20/45.5012398/9.1868944"}}, {"type": "Feature", "geometry": {"type": "Point", "coordinates": [9.1876904, 45.5015119]}, "properties": {"id": 871904183, "feat_type": "way", "quality_categories": "older_than_five_years", "issue_ids": "[180]", "osm_url": "https://www.openstreetmap.org/way/871904183", "josm_url": "http://127.0.0.1:8111/load_object?new_layer=false&objects=w871904183", "id_url": "https://www.openstreetmap.org/edit?editor=id&way=871904183#map=20/45.5015119/9.1876904"}}, {"type": "Feature", "geometry": {"type": "Point", "coordinates": [9.1855691, 45.5011869]}, "properties": {"id": 871910869, "feat_type": "way", "quality_categories": "older_than_five_years", "issue_ids": "[180]", "osm_url": "https://www.openstreetmap.org/way/871910869", "josm_url": "http://127.0.0.1:8111/load_object?new_layer=false&objects=w871910869", "id_url": "https://www.openstreetmap.org/edit?editor=id&way=871910869#map=20/45.5011869/9.1855691"}}, {"type": "Feature", "geometry": {"type": "Point", "coordinates": [9.1867509, 45.5009827]}, "properties": {"id": 871924010, "feat_type": "way", "quality_categories": "older_than_five_years", "issue_ids": "[180]", "osm_url": "https://www.openstreetmap.org/way/871924010", "josm_url": "http://127.0.0.1:8111/load_object?new_layer=false&objects=w871924010", "id_url": "https://www.openstreetmap.org/edit?editor=id&way=871924010#map=20/45.5009827/9.1867509"}}, {"type": "Feature", "geometry": {"type": "Point", "coordinates": [9.1868267, 45.5002535]}, "properties": {"id": 871924019, "feat_type": "way", "quality_categories": "older_than_five_years", "issue_ids": "[180]", "osm_url": "https://www.openstreetmap.org/way/871924019", "josm_url": "http://127.0.0.1:8111/load_object?new_layer=false&objects=w871924019", "id_url": "https://www.openstreetmap.org/edit?editor=id&way=871924019#map=20/45.5002535/9.1868267"}}, {"type": "Feature", "geometry": {"type": "Point", "coordinates": [9.1866182, 45.5009785]}, "properties": {"id": 871924022, "feat_type": "way", "quality_categories": "older_than_five_years", "issue_ids": "[179]", "osm_url": "https://www.openstreetmap.org/way/871924022", "josm_url": "http://127.0.0.1:8111/load_object?new_layer=false&objects=w871924022", "id_url": "https://www.openstreetmap.org/edit?editor=id&way=871924022#map=20/45.5009785/9.1866182"}}, {"type": "Feature", "geometry": {"type": "Point", "coordinates": [9.1849039, 45.5067154]}, "properties": {"id": 872245848, "feat_type": "way", "quality_categories": "older_than_five_years", "issue_ids": "[179]", "osm_url": "https://www.openstreetmap.org/way/872245848", "josm_url": "http://127.0.0.1:8111/load_object?new_layer=false&objects=w872245848", "id_url": "https://www.openstreetmap.org/edit?editor=id&way=872245848#map=20/45.5067154/9.1849039"}}, {"type": "Feature", "geometry": {"type": "Point", "coordinates": [9.1884109, 45.5048125]}, "properties": {"id": 872246389, "feat_type": "way", "quality_categories": "older_than_five_years", "issue_ids": "[190]", "osm_url": "https://www.openstreetmap.org/way/872246389", "josm_url": "http://127.0.0.1:8111/load_object?new_layer=false&objects=w872246389", "id_url": "https://www.openstreetmap.org/edit?editor=id&way=872246389#map=20/45.5048125/9.1884109"}}, {"type": "Feature", "geometry": {"type": "Point", "coordinates": [9.18832, 45.5048487]}, "properties": {"id": 872246390, "feat_type": "way", "quality_categories": "older_than_five_years", "issue_ids": "[179]", "osm_url": "https://www.openstreetmap.org/way/872246390", "josm_url": "http://127.0.0.1:8111/load_object?new_layer=false&objects=w872246390", "id_url": "https://www.openstreetmap.org/edit?editor=id&way=872246390#map=20/45.5048487/9.18832"}}, {"type": "Feature", "geometry": {"type": "Point", "coordinates": [9.1843547, 45.4987389]}, "properties": {"id": 872316130, "feat_type": "way", "quality_categories": "older_than_five_years", "issue_ids": "[179]", "osm_url": "https://www.openstreetmap.org/way/872316130", "josm_url": "http://127.0.0.1:8111/load_object?new_layer=false&objects=w872316130", "id_url": "https://www.openstreetmap.org/edit?editor=id&way=872316130#map=20/45.4987389/9.1843547"}}, {"type": "Feature", "geometry": {"type": "Point", "coordinates": [9.1837489, 45.4996082]}, "properties": {"id": 872316131, "feat_type": "way", "quality_categories": "older_than_five_years", "issue_ids": "[179]", "osm_url": "https://www.openstreetmap.org/way/872316131", "josm_url": "http://127.0.0.1:8111/load_object?new_layer=false&objects=w872316131", "id_url": "https://www.openstreetmap.org/edit?editor=id&way=872316131#map=20/45.4996082/9.1837489"}}, {"type": "Feature", "geometry": {"type": "Point", "coordinates": [9.1843994, 45.4986783]}, "properties": {"id": 872316132, "feat_type": "way", "quality_categories": "older_than_five_years", "issue_ids": "[179]", "osm_url": "https://www.openstreetmap.org/way/872316132", "josm_url": "http://127.0.0.1:8111/load_object?new_layer=false&objects=w872316132", "id_url": "https://www.openstreetmap.org/edit?editor=id&way=872316132#map=20/45.4986783/9.1843994"}}, {"type": "Feature", "geometry": {"type": "Point", "coordinates": [9.1844355, 45.498629]}, "properties": {"id": 872316133, "feat_type": "way", "quality_categories": "older_than_five_years", "issue_ids": "[179]", "osm_url": "https://www.openstreetmap.org/way/872316133", "josm_url": "http://127.0.0.1:8111/load_object?new_layer=false&objects=w872316133", "id_url": "https://www.openstreetmap.org/edit?editor=id&way=872316133#map=20/45.498629/9.1844355"}}, {"type": "Feature", "geometry": {"type": "Point", "coordinates": [9.1840647, 45.4988856]}, "properties": {"id": 872329349, "feat_type": "way", "quality_categories": "older_than_five_years", "issue_ids": "[177]", "osm_url": "https://www.openstreetmap.org/way/872329349", "josm_url": "http://127.0.0.1:8111/load_object?new_layer=false&objects=w872329349", "id_url": "https://www.openstreetmap.org/edit?editor=id&way=872329349#map=20/45.4988856/9.1840647"}}, {"type": "Feature", "geometry": {"type": "Point", "coordinates": [9.1835383, 45.4999012]}, "properties": {"id": 872331155, "feat_type": "way", "quality_categories": "older_than_five_years", "issue_ids": "[179]", "osm_url": "https://www.openstreetmap.org/way/872331155", "josm_url": "http://127.0.0.1:8111/load_object?new_layer=false&objects=w872331155", "id_url": "https://www.openstreetmap.org/edit?editor=id&way=872331155#map=20/45.4999012/9.1835383"}}, {"type": "Feature", "geometry": {"type": "Point", "coordinates": [9.1838106, 45.4995159]}, "properties": {"id": 872331157, "feat_type": "way", "quality_categories": "older_than_five_years", "issue_ids": "[179]", "osm_url": "https://www.openstreetmap.org/way/872331157", "josm_url": "http://127.0.0.1:8111/load_object?new_layer=false&objects=w872331157", "id_url": "https://www.openstreetmap.org/edit?editor=id&way=872331157#map=20/45.4995159/9.1838106"}}, {"type": "Feature", "geometry": {"type": "Point", "coordinates": [9.1838106, 45.4995159]}, "properties": {"id": 872331158, "feat_type": "way", "quality_categories": "older_than_five_years", "issue_ids": "[179]", "osm_url": "https://www.openstreetmap.org/way/872331158", "josm_url": "http://127.0.0.1:8111/load_object?new_layer=false&objects=w872331158", "id_url": "https://www.openstreetmap.org/edit?editor=id&way=872331158#map=20/45.4995159/9.1838106"}}, {"type": "Feature", "geometry": {"type": "Point", "coordinates": [9.1838676, 45.499436]}, "properties": {"id": 872331159, "feat_type": "way", "quality_categories": "older_than_five_years", "issue_ids": "[179]", "osm_url": "https://www.openstreetmap.org/way/872331159", "josm_url": "http://127.0.0.1:8111/load_object?new_layer=false&objects=w872331159", "id_url": "https://www.openstreetmap.org/edit?editor=id&way=872331159#map=20/45.499436/9.1838676"}}, {"type": "Feature", "geometry": {"type": "Point", "coordinates": [9.1840406, 45.4991873]}, "properties": {"id": 872331160, "feat_type": "way", "quality_categories": "older_than_five_years", "issue_ids": "[179]", "osm_url": "https://www.openstreetmap.org/way/872331160", "josm_url": "http://127.0.0.1:8111/load_object?new_layer=false&objects=w872331160", "id_url": "https://www.openstreetmap.org/edit?editor=id&way=872331160#map=20/45.4991873/9.1840406"}}, {"type": "Feature", "geometry": {"type": "Point", "coordinates": [9.1840406, 45.4991873]}, "properties": {"id": 872331161, "feat_type": "way", "quality_categories": "older_than_five_years", "issue_ids": "[179]", "osm_url": "https://www.openstreetmap.org/way/872331161", "josm_url": "http://127.0.0.1:8111/load_object?new_layer=false&objects=w872331161", "id_url": "https://www.openstreetmap.org/edit?editor=id&way=872331161#map=20/45.4991873/9.1840406"}}, {"type": "Feature", "geometry": {"type": "Point", "coordinates": [9.1842692, 45.4988579]}, "properties": {"id": 872331162, "feat_type": "way", "quality_categories": "older_than_five_years", "issue_ids": "[179]", "osm_url": "https://www.openstreetmap.org/way/872331162", "josm_url": "http://127.0.0.1:8111/load_object?new_layer=false&objects=w872331162", "id_url": "https://www.openstreetmap.org/edit?editor=id&way=872331162#map=20/45.4988579/9.1842692"}}, {"type": "Feature", "geometry": {"type": "Point", "coordinates": [9.1842692, 45.4988579]}, "properties": {"id": 872331163, "feat_type": "way", "quality_categories": "older_than_five_years", "issue_ids": "[179]", "osm_url": "https://www.openstreetmap.org/way/872331163", "josm_url": "http://127.0.0.1:8111/load_object?new_layer=false&objects=w872331163", "id_url": "https://www.openstreetmap.org/edit?editor=id&way=872331163#map=20/45.4988579/9.1842692"}}, {"type": "Feature", "geometry": {"type": "Point", "coordinates": [9.1843363, 45.4987577]}, "properties": {"id": 872331164, "feat_type": "way", "quality_categories": "older_than_five_years", "issue_ids": "[179]", "osm_url": "https://www.openstreetmap.org/way/872331164", "josm_url": "http://127.0.0.1:8111/load_object?new_layer=false&objects=w872331164", "id_url": "https://www.openstreetmap.org/edit?editor=id&way=872331164#map=20/45.4987577/9.1843363"}}, {"type": "Feature", "geometry": {"type": "Point", "coordinates": [9.1861257, 45.5050635]}, "properties": {"id": 872373655, "feat_type": "way", "quality_categories": "older_than_five_years", "issue_ids": "[179]", "osm_url": "https://www.openstreetmap.org/way/872373655", "josm_url": "http://127.0.0.1:8111/load_object?new_layer=false&objects=w872373655", "id_url": "https://www.openstreetmap.org/edit?editor=id&way=872373655#map=20/45.5050635/9.1861257"}}, {"type": "Feature", "geometry": {"type": "Point", "coordinates": [9.1861102, 45.5050021]}, "properties": {"id": 872373656, "feat_type": "way", "quality_categories": "older_than_five_years", "issue_ids": "[179]", "osm_url": "https://www.openstreetmap.org/way/872373656", "josm_url": "http://127.0.0.1:8111/load_object?new_layer=false&objects=w872373656", "id_url": "https://www.openstreetmap.org/edit?editor=id&way=872373656#map=20/45.5050021/9.1861102"}}, {"type": "Feature", "geometry": {"type": "Point", "coordinates": [9.1862011, 45.504786]}, "properties": {"id": 872373657, "feat_type": "way", "quality_categories": "older_than_five_years", "issue_ids": "[179]", "osm_url": "https://www.openstreetmap.org/way/872373657", "josm_url": "http://127.0.0.1:8111/load_object?new_layer=false&objects=w872373657", "id_url": "https://www.openstreetmap.org/edit?editor=id&way=872373657#map=20/45.504786/9.1862011"}}, {"type": "Feature", "geometry": {"type": "Point", "coordinates": [9.1861092, 45.5050087]}, "properties": {"id": 872373658, "feat_type": "way", "quality_categories": "older_than_five_years", "issue_ids": "[179]", "osm_url": "https://www.openstreetmap.org/way/872373658", "josm_url": "http://127.0.0.1:8111/load_object?new_layer=false&objects=w872373658", "id_url": "https://www.openstreetmap.org/edit?editor=id&way=872373658#map=20/45.5050087/9.1861092"}}, {"type": "Feature", "geometry": {"type": "Point", "coordinates": [9.1862812, 45.5045731]}, "properties": {"id": 872373659, "feat_type": "way", "quality_categories": "older_than_five_years", "issue_ids": "[179]", "osm_url": "https://www.openstreetmap.org/way/872373659", "josm_url": "http://127.0.0.1:8111/load_object?new_layer=false&objects=w872373659", "id_url": "https://www.openstreetmap.org/edit?editor=id&way=872373659#map=20/45.5045731/9.1862812"}}, {"type": "Feature", "geometry": {"type": "Point", "coordinates": [9.1861796, 45.5045545]}, "properties": {"id": 872373660, "feat_type": "way", "quality_categories": "older_than_five_years", "issue_ids": "[179]", "osm_url": "https://www.openstreetmap.org/way/872373660", "josm_url": "http://127.0.0.1:8111/load_object?new_layer=false&objects=w872373660", "id_url": "https://www.openstreetmap.org/edit?editor=id&way=872373660#map=20/45.5045545/9.1861796"}}, {"type": "Feature", "geometry": {"type": "Point", "coordinates": [9.1861361, 45.5046678]}, "properties": {"id": 872373661, "feat_type": "way", "quality_categories": "older_than_five_years", "issue_ids": "[179]", "osm_url": "https://www.openstreetmap.org/way/872373661", "josm_url": "http://127.0.0.1:8111/load_object?new_layer=false&objects=w872373661", "id_url": "https://www.openstreetmap.org/edit?editor=id&way=872373661#map=20/45.5046678/9.1861361"}}, {"type": "Feature", "geometry": {"type": "Point", "coordinates": [9.1861361, 45.5046678]}, "properties": {"id": 872373662, "feat_type": "way", "quality_categories": "older_than_five_years", "issue_ids": "[179]", "osm_url": "https://www.openstreetmap.org/way/872373662", "josm_url": "http://127.0.0.1:8111/load_object?new_layer=false&objects=w872373662", "id_url": "https://www.openstreetmap.org/edit?editor=id&way=872373662#map=20/45.5046678/9.1861361"}}, {"type": "Feature", "geometry": {"type": "Point", "coordinates": [9.1862564, 45.5046447]}, "properties": {"id": 872373663, "feat_type": "way", "quality_categories": "older_than_five_years", "issue_ids": "[179]", "osm_url": "https://www.openstreetmap.org/way/872373663", "josm_url": "http://127.0.0.1:8111/load_object?new_layer=false&objects=w872373663", "id_url": "https://www.openstreetmap.org/edit?editor=id&way=872373663#map=20/45.5046447/9.1862564"}}, {"type": "Feature", "geometry": {"type": "Point", "coordinates": [9.1859781, 45.5050574]}, "properties": {"id": 872373664, "feat_type": "way", "quality_categories": "older_than_five_years", "issue_ids": "[179]", "osm_url": "https://www.openstreetmap.org/way/872373664", "josm_url": "http://127.0.0.1:8111/load_object?new_layer=false&objects=w872373664", "id_url": "https://www.openstreetmap.org/edit?editor=id&way=872373664#map=20/45.5050574/9.1859781"}}, {"type": "Feature", "geometry": {"type": "Point", "coordinates": [9.1919602, 45.4969781]}, "properties": {"id": 872373872, "feat_type": "way", "quality_categories": "older_than_five_years", "issue_ids": "[192]", "osm_url": "https://www.openstreetmap.org/way/872373872", "josm_url": "http://127.0.0.1:8111/load_object?new_layer=false&objects=w872373872", "id_url": "https://www.openstreetmap.org/edit?editor=id&way=872373872#map=20/45.4969781/9.1919602"}}, {"type": "Feature", "geometry": {"type": "Point", "coordinates": [9.1921464, 45.4963833]}, "properties": {"id": 872373874, "feat_type": "way", "quality_categories": "older_than_five_years", "issue_ids": "[177]", "osm_url": "https://www.openstreetmap.org/way/872373874", "josm_url": "http://127.0.0.1:8111/load_object?new_layer=false&objects=w872373874", "id_url": "https://www.openstreetmap.org/edit?editor=id&way=872373874#map=20/45.4963833/9.1921464"}}, {"type": "Feature", "geometry": {"type": "Point", "coordinates": [9.1917962, 45.4964788]}, "properties": {"id": 872373876, "feat_type": "way", "quality_categories": "older_than_five_years", "issue_ids": "[179]", "osm_url": "https://www.openstreetmap.org/way/872373876", "josm_url": "http://127.0.0.1:8111/load_object?new_layer=false&objects=w872373876", "id_url": "https://www.openstreetmap.org/edit?editor=id&way=872373876#map=20/45.4964788/9.1917962"}}, {"type": "Feature", "geometry": {"type": "Point", "coordinates": [9.1887175, 45.4953824]}, "properties": {"id": 872924725, "feat_type": "way", "quality_categories": "older_than_five_years", "issue_ids": "[178]", "osm_url": "https://www.openstreetmap.org/way/872924725", "josm_url": "http://127.0.0.1:8111/load_object?new_layer=false&objects=w872924725", "id_url": "https://www.openstreetmap.org/edit?editor=id&way=872924725#map=20/45.4953824/9.1887175"}}, {"type": "Feature", "geometry": {"type": "Point", "coordinates": [9.1891693, 45.5032013]}, "properties": {"id": 872977592, "feat_type": "way", "quality_categories": "older_than_five_years", "issue_ids": "[183]", "osm_url": "https://www.openstreetmap.org/way/872977592", "josm_url": "http://127.0.0.1:8111/load_object?new_layer=false&objects=w872977592", "id_url": "https://www.openstreetmap.org/edit?editor=id&way=872977592#map=20/45.5032013/9.1891693"}}, {"type": "Feature", "geometry": {"type": "Point", "coordinates": [9.1874078, 45.4993426]}, "properties": {"id": 873063611, "feat_type": "way", "quality_categories": "older_than_five_years", "issue_ids": "[59]", "osm_url": "https://www.openstreetmap.org/way/873063611", "josm_url": "http://127.0.0.1:8111/load_object?new_layer=false&objects=w873063611", "id_url": "https://www.openstreetmap.org/edit?editor=id&way=873063611#map=20/45.4993426/9.1874078"}}, {"type": "Feature", "geometry": {"type": "Point", "coordinates": [9.1875169, 45.499321]}, "properties": {"id": 873063613, "feat_type": "way", "quality_categories": "older_than_five_years", "issue_ids": "[59]", "osm_url": "https://www.openstreetmap.org/way/873063613", "josm_url": "http://127.0.0.1:8111/load_object?new_layer=false&objects=w873063613", "id_url": "https://www.openstreetmap.org/edit?editor=id&way=873063613#map=20/45.499321/9.1875169"}}, {"type": "Feature", "geometry": {"type": "Point", "coordinates": [9.1875169, 45.499321]}, "properties": {"id": 873063614, "feat_type": "way", "quality_categories": "older_than_five_years, uncanny_keys", "issue_ids": "[193, 59]", "osm_url": "https://www.openstreetmap.org/way/873063614", "josm_url": "http://127.0.0.1:8111/load_object?new_layer=false&objects=w873063614", "id_url": "https://www.openstreetmap.org/edit?editor=id&way=873063614#map=20/45.499321/9.1875169"}}, {"type": "Feature", "geometry": {"type": "Point", "coordinates": [9.1871672, 45.4984884]}, "properties": {"id": 873063617, "feat_type": "way", "quality_categories": "older_than_five_years, uncanny_keys", "issue_ids": "[193, 59]", "osm_url": "https://www.openstreetmap.org/way/873063617", "josm_url": "http://127.0.0.1:8111/load_object?new_layer=false&objects=w873063617", "id_url": "https://www.openstreetmap.org/edit?editor=id&way=873063617#map=20/45.4984884/9.1871672"}}, {"type": "Feature", "geometry": {"type": "Point", "coordinates": [9.187726, 45.4997893]}, "properties": {"id": 873077354, "feat_type": "way", "quality_categories": "older_than_five_years, uncanny_keys", "issue_ids": "[193, 59]", "osm_url": "https://www.openstreetmap.org/way/873077354", "josm_url": "http://127.0.0.1:8111/load_object?new_layer=false&objects=w873077354", "id_url": "https://www.openstreetmap.org/edit?editor=id&way=873077354#map=20/45.4997893/9.187726"}}, {"type": "Feature", "geometry": {"type": "Point", "coordinates": [9.1876836, 45.4996913]}, "properties": {"id": 873077355, "feat_type": "way", "quality_categories": "older_than_five_years, uncanny_keys", "issue_ids": "[193, 59]", "osm_url": "https://www.openstreetmap.org/way/873077355", "josm_url": "http://127.0.0.1:8111/load_object?new_layer=false&objects=w873077355", "id_url": "https://www.openstreetmap.org/edit?editor=id&way=873077355#map=20/45.4996913/9.1876836"}}, {"type": "Feature", "geometry": {"type": "Point", "coordinates": [9.1876591, 45.4996348]}, "properties": {"id": 873077356, "feat_type": "way", "quality_categories": "older_than_five_years, uncanny_keys", "issue_ids": "[193, 59]", "osm_url": "https://www.openstreetmap.org/way/873077356", "josm_url": "http://127.0.0.1:8111/load_object?new_layer=false&objects=w873077356", "id_url": "https://www.openstreetmap.org/edit?editor=id&way=873077356#map=20/45.4996348/9.1876591"}}, {"type": "Feature", "geometry": {"type": "Point", "coordinates": [9.1876481, 45.4996094]}, "properties": {"id": 873077357, "feat_type": "way", "quality_categories": "older_than_five_years, uncanny_keys", "issue_ids": "[193, 59]", "osm_url": "https://www.openstreetmap.org/way/873077357", "josm_url": "http://127.0.0.1:8111/load_object?new_layer=false&objects=w873077357", "id_url": "https://www.openstreetmap.org/edit?editor=id&way=873077357#map=20/45.4996094/9.1876481"}}, {"type": "Feature", "geometry": {"type": "Point", "coordinates": [9.18774, 45.4998215]}, "properties": {"id": 873080767, "feat_type": "way", "quality_categories": "older_than_five_years, uncanny_keys", "issue_ids": "[193, 59]", "osm_url": "https://www.openstreetmap.org/way/873080767", "josm_url": "http://127.0.0.1:8111/load_object?new_layer=false&objects=w873080767", "id_url": "https://www.openstreetmap.org/edit?editor=id&way=873080767#map=20/45.4998215/9.18774"}}, {"type": "Feature", "geometry": {"type": "Point", "coordinates": [9.1873055, 45.4988197]}, "properties": {"id": 873087314, "feat_type": "way", "quality_categories": "older_than_five_years, uncanny_keys", "issue_ids": "[193, 59]", "osm_url": "https://www.openstreetmap.org/way/873087314", "josm_url": "http://127.0.0.1:8111/load_object?new_layer=false&objects=w873087314", "id_url": "https://www.openstreetmap.org/edit?editor=id&way=873087314#map=20/45.4988197/9.1873055"}}, {"type": "Feature", "geometry": {"type": "Point", "coordinates": [9.1873055, 45.4988197]}, "properties": {"id": 873087315, "feat_type": "way", "quality_categories": "older_than_five_years, uncanny_keys", "issue_ids": "[193, 59]", "osm_url": "https://www.openstreetmap.org/way/873087315", "josm_url": "http://127.0.0.1:8111/load_object?new_layer=false&objects=w873087315", "id_url": "https://www.openstreetmap.org/edit?editor=id&way=873087315#map=20/45.4988197/9.1873055"}}, {"type": "Feature", "geometry": {"type": "Point", "coordinates": [9.1881264, 45.4961878]}, "properties": {"id": 873208234, "feat_type": "way", "quality_categories": "older_than_five_years", "issue_ids": "[59]", "osm_url": "https://www.openstreetmap.org/way/873208234", "josm_url": "http://127.0.0.1:8111/load_object?new_layer=false&objects=w873208234", "id_url": "https://www.openstreetmap.org/edit?editor=id&way=873208234#map=20/45.4961878/9.1881264"}}, {"type": "Feature", "geometry": {"type": "Point", "coordinates": [9.1889774, 45.5043577]}, "properties": {"id": 873226569, "feat_type": "way", "quality_categories": "older_than_five_years", "issue_ids": "[181]", "osm_url": "https://www.openstreetmap.org/way/873226569", "josm_url": "http://127.0.0.1:8111/load_object?new_layer=false&objects=w873226569", "id_url": "https://www.openstreetmap.org/edit?editor=id&way=873226569#map=20/45.5043577/9.1889774"}}, {"type": "Feature", "geometry": {"type": "Point", "coordinates": [9.1900517, 45.4951663]}, "properties": {"id": 873275513, "feat_type": "way", "quality_categories": "older_than_five_years", "issue_ids": "[190]", "osm_url": "https://www.openstreetmap.org/way/873275513", "josm_url": "http://127.0.0.1:8111/load_object?new_layer=false&objects=w873275513", "id_url": "https://www.openstreetmap.org/edit?editor=id&way=873275513#map=20/45.4951663/9.1900517"}}, {"type": "Feature", "geometry": {"type": "Point", "coordinates": [9.1921929, 45.4959813]}, "properties": {"id": 874146711, "feat_type": "way", "quality_categories": "older_than_five_years", "issue_ids": "[177]", "osm_url": "https://www.openstreetmap.org/way/874146711", "josm_url": "http://127.0.0.1:8111/load_object?new_layer=false&objects=w874146711", "id_url": "https://www.openstreetmap.org/edit?editor=id&way=874146711#map=20/45.4959813/9.1921929"}}, {"type": "Feature", "geometry": {"type": "Point", "coordinates": [9.1892119, 45.5030492]}, "properties": {"id": 874423713, "feat_type": "way", "quality_categories": "older_than_five_years", "issue_ids": "[181]", "osm_url": "https://www.openstreetmap.org/way/874423713", "josm_url": "http://127.0.0.1:8111/load_object?new_layer=false&objects=w874423713", "id_url": "https://www.openstreetmap.org/edit?editor=id&way=874423713#map=20/45.5030492/9.1892119"}}, {"type": "Feature", "geometry": {"type": "Point", "coordinates": [9.1893252, 45.5019654]}, "properties": {"id": 874432338, "feat_type": "way", "quality_categories": "older_than_five_years", "issue_ids": "[181]", "osm_url": "https://www.openstreetmap.org/way/874432338", "josm_url": "http://127.0.0.1:8111/load_object?new_layer=false&objects=w874432338", "id_url": "https://www.openstreetmap.org/edit?editor=id&way=874432338#map=20/45.5019654/9.1893252"}}, {"type": "Feature", "geometry": {"type": "Point", "coordinates": [9.1892327, 45.5019438]}, "properties": {"id": 874432339, "feat_type": "way", "quality_categories": "older_than_five_years", "issue_ids": "[181]", "osm_url": "https://www.openstreetmap.org/way/874432339", "josm_url": "http://127.0.0.1:8111/load_object?new_layer=false&objects=w874432339", "id_url": "https://www.openstreetmap.org/edit?editor=id&way=874432339#map=20/45.5019438/9.1892327"}}, {"type": "Feature", "geometry": {"type": "Point", "coordinates": [9.1893252, 45.5019654]}, "properties": {"id": 874432340, "feat_type": "way", "quality_categories": "older_than_five_years", "issue_ids": "[181]", "osm_url": "https://www.openstreetmap.org/way/874432340", "josm_url": "http://127.0.0.1:8111/load_object?new_layer=false&objects=w874432340", "id_url": "https://www.openstreetmap.org/edit?editor=id&way=874432340#map=20/45.5019654/9.1893252"}}, {"type": "Feature", "geometry": {"type": "Point", "coordinates": [9.1888124, 45.5019596]}, "properties": {"id": 874432342, "feat_type": "way", "quality_categories": "older_than_five_years", "issue_ids": "[181]", "osm_url": "https://www.openstreetmap.org/way/874432342", "josm_url": "http://127.0.0.1:8111/load_object?new_layer=false&objects=w874432342", "id_url": "https://www.openstreetmap.org/edit?editor=id&way=874432342#map=20/45.5019596/9.1888124"}}, {"type": "Feature", "geometry": {"type": "Point", "coordinates": [9.1892628, 45.5020562]}, "properties": {"id": 874432343, "feat_type": "way", "quality_categories": "older_than_five_years", "issue_ids": "[181]", "osm_url": "https://www.openstreetmap.org/way/874432343", "josm_url": "http://127.0.0.1:8111/load_object?new_layer=false&objects=w874432343", "id_url": "https://www.openstreetmap.org/edit?editor=id&way=874432343#map=20/45.5020562/9.1892628"}}, {"type": "Feature", "geometry": {"type": "Point", "coordinates": [9.1896048, 45.5021379]}, "properties": {"id": 874432344, "feat_type": "way", "quality_categories": "older_than_five_years", "issue_ids": "[181]", "osm_url": "https://www.openstreetmap.org/way/874432344", "josm_url": "http://127.0.0.1:8111/load_object?new_layer=false&objects=w874432344", "id_url": "https://www.openstreetmap.org/edit?editor=id&way=874432344#map=20/45.5021379/9.1896048"}}, {"type": "Feature", "geometry": {"type": "Point", "coordinates": [9.1890791, 45.5026916]}, "properties": {"id": 874432345, "feat_type": "way", "quality_categories": "older_than_five_years", "issue_ids": "[183]", "osm_url": "https://www.openstreetmap.org/way/874432345", "josm_url": "http://127.0.0.1:8111/load_object?new_layer=false&objects=w874432345", "id_url": "https://www.openstreetmap.org/edit?editor=id&way=874432345#map=20/45.5026916/9.1890791"}}, {"type": "Feature", "geometry": {"type": "Point", "coordinates": [9.1891713, 45.5031965]}, "properties": {"id": 874548867, "feat_type": "way", "quality_categories": "older_than_five_years", "issue_ids": "[183]", "osm_url": "https://www.openstreetmap.org/way/874548867", "josm_url": "http://127.0.0.1:8111/load_object?new_layer=false&objects=w874548867", "id_url": "https://www.openstreetmap.org/edit?editor=id&way=874548867#map=20/45.5031965/9.1891713"}}, {"type": "Feature", "geometry": {"type": "Point", "coordinates": [9.1902814, 45.5010303]}, "properties": {"id": 874656882, "feat_type": "way", "quality_categories": "older_than_five_years", "issue_ids": "[183]", "osm_url": "https://www.openstreetmap.org/way/874656882", "josm_url": "http://127.0.0.1:8111/load_object?new_layer=false&objects=w874656882", "id_url": "https://www.openstreetmap.org/edit?editor=id&way=874656882#map=20/45.5010303/9.1902814"}}, {"type": "Feature", "geometry": {"type": "Point", "coordinates": [9.1900293, 45.5016275]}, "properties": {"id": 874656884, "feat_type": "way", "quality_categories": "older_than_five_years", "issue_ids": "[183]", "osm_url": "https://www.openstreetmap.org/way/874656884", "josm_url": "http://127.0.0.1:8111/load_object?new_layer=false&objects=w874656884", "id_url": "https://www.openstreetmap.org/edit?editor=id&way=874656884#map=20/45.5016275/9.1900293"}}, {"type": "Feature", "geometry": {"type": "Point", "coordinates": [9.1899032, 45.5019034]}, "properties": {"id": 874656885, "feat_type": "way", "quality_categories": "older_than_five_years", "issue_ids": "[183]", "osm_url": "https://www.openstreetmap.org/way/874656885", "josm_url": "http://127.0.0.1:8111/load_object?new_layer=false&objects=w874656885", "id_url": "https://www.openstreetmap.org/edit?editor=id&way=874656885#map=20/45.5019034/9.1899032"}}, {"type": "Feature", "geometry": {"type": "Point", "coordinates": [9.1898425, 45.5020592]}, "properties": {"id": 874656886, "feat_type": "way", "quality_categories": "older_than_five_years", "issue_ids": "[183]", "osm_url": "https://www.openstreetmap.org/way/874656886", "josm_url": "http://127.0.0.1:8111/load_object?new_layer=false&objects=w874656886", "id_url": "https://www.openstreetmap.org/edit?editor=id&way=874656886#map=20/45.5020592/9.1898425"}}, {"type": "Feature", "geometry": {"type": "Point", "coordinates": [9.1915353, 45.49802]}, "properties": {"id": 874777983, "feat_type": "way", "quality_categories": "older_than_five_years", "issue_ids": "[183]", "osm_url": "https://www.openstreetmap.org/way/874777983", "josm_url": "http://127.0.0.1:8111/load_object?new_layer=false&objects=w874777983", "id_url": "https://www.openstreetmap.org/edit?editor=id&way=874777983#map=20/45.49802/9.1915353"}}, {"type": "Feature", "geometry": {"type": "Point", "coordinates": [9.1911922, 45.4982882]}, "properties": {"id": 874777988, "feat_type": "way", "quality_categories": "older_than_five_years", "issue_ids": "[192]", "osm_url": "https://www.openstreetmap.org/way/874777988", "josm_url": "http://127.0.0.1:8111/load_object?new_layer=false&objects=w874777988", "id_url": "https://www.openstreetmap.org/edit?editor=id&way=874777988#map=20/45.4982882/9.1911922"}}, {"type": "Feature", "geometry": {"type": "Point", "coordinates": [9.1912074, 45.4982539]}, "properties": {"id": 874777989, "feat_type": "way", "quality_categories": "older_than_five_years", "issue_ids": "[183]", "osm_url": "https://www.openstreetmap.org/way/874777989", "josm_url": "http://127.0.0.1:8111/load_object?new_layer=false&objects=w874777989", "id_url": "https://www.openstreetmap.org/edit?editor=id&way=874777989#map=20/45.4982539/9.1912074"}}, {"type": "Feature", "geometry": {"type": "Point", "coordinates": [9.1910948, 45.498518]}, "properties": {"id": 874777994, "feat_type": "way", "quality_categories": "older_than_five_years", "issue_ids": "[183]", "osm_url": "https://www.openstreetmap.org/way/874777994", "josm_url": "http://127.0.0.1:8111/load_object?new_layer=false&objects=w874777994", "id_url": "https://www.openstreetmap.org/edit?editor=id&way=874777994#map=20/45.498518/9.1910948"}}, {"type": "Feature", "geometry": {"type": "Point", "coordinates": [9.1904464, 45.5000931]}, "properties": {"id": 874777999, "feat_type": "way", "quality_categories": "older_than_five_years", "issue_ids": "[183]", "osm_url": "https://www.openstreetmap.org/way/874777999", "josm_url": "http://127.0.0.1:8111/load_object?new_layer=false&objects=w874777999", "id_url": "https://www.openstreetmap.org/edit?editor=id&way=874777999#map=20/45.5000931/9.1904464"}}, {"type": "Feature", "geometry": {"type": "Point", "coordinates": [9.1912924, 45.4990185]}, "properties": {"id": 874778001, "feat_type": "way", "quality_categories": "older_than_five_years", "issue_ids": "[192]", "osm_url": "https://www.openstreetmap.org/way/874778001", "josm_url": "http://127.0.0.1:8111/load_object?new_layer=false&objects=w874778001", "id_url": "https://www.openstreetmap.org/edit?editor=id&way=874778001#map=20/45.4990185/9.1912924"}}, {"type": "Feature", "geometry": {"type": "Point", "coordinates": [9.1912638, 45.4991403]}, "properties": {"id": 874778002, "feat_type": "way", "quality_categories": "older_than_five_years", "issue_ids": "[183]", "osm_url": "https://www.openstreetmap.org/way/874778002", "josm_url": "http://127.0.0.1:8111/load_object?new_layer=false&objects=w874778002", "id_url": "https://www.openstreetmap.org/edit?editor=id&way=874778002#map=20/45.4991403/9.1912638"}}, {"type": "Feature", "geometry": {"type": "Point", "coordinates": [9.1902814, 45.5010303]}, "properties": {"id": 875072676, "feat_type": "way", "quality_categories": "older_than_five_years", "issue_ids": "[190]", "osm_url": "https://www.openstreetmap.org/way/875072676", "josm_url": "http://127.0.0.1:8111/load_object?new_layer=false&objects=w875072676", "id_url": "https://www.openstreetmap.org/edit?editor=id&way=875072676#map=20/45.5010303/9.1902814"}}, {"type": "Feature", "geometry": {"type": "Point", "coordinates": [9.188792, 45.4973413]}, "properties": {"id": 875868991, "feat_type": "way", "quality_categories": "older_than_five_years", "issue_ids": "[177]", "osm_url": "https://www.openstreetmap.org/way/875868991", "josm_url": "http://127.0.0.1:8111/load_object?new_layer=false&objects=w875868991", "id_url": "https://www.openstreetmap.org/edit?editor=id&way=875868991#map=20/45.4973413/9.188792"}}, {"type": "Feature", "geometry": {"type": "Point", "coordinates": [9.1879777, 45.497556]}, "properties": {"id": 875868992, "feat_type": "way", "quality_categories": "older_than_five_years", "issue_ids": "[177]", "osm_url": "https://www.openstreetmap.org/way/875868992", "josm_url": "http://127.0.0.1:8111/load_object?new_layer=false&objects=w875868992", "id_url": "https://www.openstreetmap.org/edit?editor=id&way=875868992#map=20/45.497556/9.1879777"}}, {"type": "Feature", "geometry": {"type": "Point", "coordinates": [9.188792, 45.4973413]}, "properties": {"id": 875871092, "feat_type": "way", "quality_categories": "older_than_five_years", "issue_ids": "[177]", "osm_url": "https://www.openstreetmap.org/way/875871092", "josm_url": "http://127.0.0.1:8111/load_object?new_layer=false&objects=w875871092", "id_url": "https://www.openstreetmap.org/edit?editor=id&way=875871092#map=20/45.4973413/9.188792"}}, {"type": "Feature", "geometry": {"type": "Point", "coordinates": [9.1927559, 45.467189]}, "properties": {"id": 879960895, "feat_type": "way", "quality_categories": "missing_tags, older_than_five_years", "issue_ids": "[97, 1]", "osm_url": "https://www.openstreetmap.org/way/879960895", "josm_url": "http://127.0.0.1:8111/load_object?new_layer=false&objects=w879960895", "id_url": "https://www.openstreetmap.org/edit?editor=id&way=879960895#map=20/45.467189/9.1927559"}}, {"type": "Feature", "geometry": {"type": "Point", "coordinates": [9.1927207, 45.467111]}, "properties": {"id": 879960896, "feat_type": "way", "quality_categories": "missing_tags, older_than_five_years", "issue_ids": "[97, 1]", "osm_url": "https://www.openstreetmap.org/way/879960896", "josm_url": "http://127.0.0.1:8111/load_object?new_layer=false&objects=w879960896", "id_url": "https://www.openstreetmap.org/edit?editor=id&way=879960896#map=20/45.467111/9.1927207"}}, {"type": "Feature", "geometry": {"type": "Point", "coordinates": [9.1842339, 45.4815412]}, "properties": {"id": 879969522, "feat_type": "way", "quality_categories": "older_than_five_years", "issue_ids": "[97]", "osm_url": "https://www.openstreetmap.org/way/879969522", "josm_url": "http://127.0.0.1:8111/load_object?new_layer=false&objects=w879969522", "id_url": "https://www.openstreetmap.org/edit?editor=id&way=879969522#map=20/45.4815412/9.1842339"}}, {"type": "Feature", "geometry": {"type": "Point", "coordinates": [9.1682044, 45.5223225]}, "properties": {"id": 882457635, "feat_type": "way", "quality_categories": "older_than_five_years", "issue_ids": "[148]", "osm_url": "https://www.openstreetmap.org/way/882457635", "josm_url": "http://127.0.0.1:8111/load_object?new_layer=false&objects=w882457635", "id_url": "https://www.openstreetmap.org/edit?editor=id&way=882457635#map=20/45.5223225/9.1682044"}}, {"type": "Feature", "geometry": {"type": "Point", "coordinates": [9.1911551, 45.4944408]}, "properties": {"id": 894600180, "feat_type": "way", "quality_categories": "older_than_five_years", "issue_ids": "[190]", "osm_url": "https://www.openstreetmap.org/way/894600180", "josm_url": "http://127.0.0.1:8111/load_object?new_layer=false&objects=w894600180", "id_url": "https://www.openstreetmap.org/edit?editor=id&way=894600180#map=20/45.4944408/9.1911551"}}, {"type": "Feature", "geometry": {"type": "Point", "coordinates": [9.1901801, 45.4949618]}, "properties": {"id": 894637746, "feat_type": "way", "quality_categories": "older_than_five_years", "issue_ids": "[190]", "osm_url": "https://www.openstreetmap.org/way/894637746", "josm_url": "http://127.0.0.1:8111/load_object?new_layer=false&objects=w894637746", "id_url": "https://www.openstreetmap.org/edit?editor=id&way=894637746#map=20/45.4949618/9.1901801"}}, {"type": "Feature", "geometry": {"type": "Point", "coordinates": [9.2488339, 45.4915998]}, "properties": {"id": 894686740, "feat_type": "way", "quality_categories": "missing_tags, older_than_five_years", "issue_ids": "[190, 1]", "osm_url": "https://www.openstreetmap.org/way/894686740", "josm_url": "http://127.0.0.1:8111/load_object?new_layer=false&objects=w894686740", "id_url": "https://www.openstreetmap.org/edit?editor=id&way=894686740#map=20/45.4915998/9.2488339"}}, {"type": "Feature", "geometry": {"type": "Point", "coordinates": [9.1843212, 45.5029326]}, "properties": {"id": 894858229, "feat_type": "way", "quality_categories": "older_than_five_years", "issue_ids": "[189]", "osm_url": "https://www.openstreetmap.org/way/894858229", "josm_url": "http://127.0.0.1:8111/load_object?new_layer=false&objects=w894858229", "id_url": "https://www.openstreetmap.org/edit?editor=id&way=894858229#map=20/45.5029326/9.1843212"}}, {"type": "Feature", "geometry": {"type": "Point", "coordinates": [9.1833222, 45.5051736]}, "properties": {"id": 894869632, "feat_type": "way", "quality_categories": "older_than_five_years", "issue_ids": "[17]", "osm_url": "https://www.openstreetmap.org/way/894869632", "josm_url": "http://127.0.0.1:8111/load_object?new_layer=false&objects=w894869632", "id_url": "https://www.openstreetmap.org/edit?editor=id&way=894869632#map=20/45.5051736/9.1833222"}}, {"type": "Feature", "geometry": {"type": "Point", "coordinates": [9.1807679, 45.5046563]}, "properties": {"id": 894869641, "feat_type": "way", "quality_categories": "older_than_five_years", "issue_ids": "[17]", "osm_url": "https://www.openstreetmap.org/way/894869641", "josm_url": "http://127.0.0.1:8111/load_object?new_layer=false&objects=w894869641", "id_url": "https://www.openstreetmap.org/edit?editor=id&way=894869641#map=20/45.5046563/9.1807679"}}, {"type": "Feature", "geometry": {"type": "Point", "coordinates": [9.19176, 45.4992343]}, "properties": {"id": 894965497, "feat_type": "way", "quality_categories": "missing_tags, older_than_five_years", "issue_ids": "[17, 1]", "osm_url": "https://www.openstreetmap.org/way/894965497", "josm_url": "http://127.0.0.1:8111/load_object?new_layer=false&objects=w894965497", "id_url": "https://www.openstreetmap.org/edit?editor=id&way=894965497#map=20/45.4992343/9.19176"}}, {"type": "Feature", "geometry": {"type": "Point", "coordinates": [9.1905516, 45.501638]}, "properties": {"id": 894965639, "feat_type": "way", "quality_categories": "missing_tags, older_than_five_years", "issue_ids": "[17, 1]", "osm_url": "https://www.openstreetmap.org/way/894965639", "josm_url": "http://127.0.0.1:8111/load_object?new_layer=false&objects=w894965639", "id_url": "https://www.openstreetmap.org/edit?editor=id&way=894965639#map=20/45.501638/9.1905516"}}, {"type": "Feature", "geometry": {"type": "Point", "coordinates": [9.1921543, 45.503279]}, "properties": {"id": 894965680, "feat_type": "way", "quality_categories": "missing_tags, older_than_five_years", "issue_ids": "[17, 1]", "osm_url": "https://www.openstreetmap.org/way/894965680", "josm_url": "http://127.0.0.1:8111/load_object?new_layer=false&objects=w894965680", "id_url": "https://www.openstreetmap.org/edit?editor=id&way=894965680#map=20/45.503279/9.1921543"}}, {"type": "Feature", "geometry": {"type": "Point", "coordinates": [9.1937093, 45.4994877]}, "properties": {"id": 894970248, "feat_type": "way", "quality_categories": "missing_tags, older_than_five_years", "issue_ids": "[17, 1]", "osm_url": "https://www.openstreetmap.org/way/894970248", "josm_url": "http://127.0.0.1:8111/load_object?new_layer=false&objects=w894970248", "id_url": "https://www.openstreetmap.org/edit?editor=id&way=894970248#map=20/45.4994877/9.1937093"}}, {"type": "Feature", "geometry": {"type": "Point", "coordinates": [9.1938604, 45.4995163]}, "properties": {"id": 894977509, "feat_type": "way", "quality_categories": "missing_tags, older_than_five_years", "issue_ids": "[17, 1]", "osm_url": "https://www.openstreetmap.org/way/894977509", "josm_url": "http://127.0.0.1:8111/load_object?new_layer=false&objects=w894977509", "id_url": "https://www.openstreetmap.org/edit?editor=id&way=894977509#map=20/45.4995163/9.1938604"}}, {"type": "Feature", "geometry": {"type": "Point", "coordinates": [9.193551, 45.4981185]}, "properties": {"id": 894979149, "feat_type": "way", "quality_categories": "older_than_five_years", "issue_ids": "[172]", "osm_url": "https://www.openstreetmap.org/way/894979149", "josm_url": "http://127.0.0.1:8111/load_object?new_layer=false&objects=w894979149", "id_url": "https://www.openstreetmap.org/edit?editor=id&way=894979149#map=20/45.4981185/9.193551"}}, {"type": "Feature", "geometry": {"type": "Point", "coordinates": [9.1940205, 45.4982393]}, "properties": {"id": 894982137, "feat_type": "way", "quality_categories": "missing_tags, older_than_five_years", "issue_ids": "[194, 1]", "osm_url": "https://www.openstreetmap.org/way/894982137", "josm_url": "http://127.0.0.1:8111/load_object?new_layer=false&objects=w894982137", "id_url": "https://www.openstreetmap.org/edit?editor=id&way=894982137#map=20/45.4982393/9.1940205"}}, {"type": "Feature", "geometry": {"type": "Point", "coordinates": [9.1931788, 45.5028711]}, "properties": {"id": 894984629, "feat_type": "way", "quality_categories": "missing_tags, older_than_five_years", "issue_ids": "[3, 1]", "osm_url": "https://www.openstreetmap.org/way/894984629", "josm_url": "http://127.0.0.1:8111/load_object?new_layer=false&objects=w894984629", "id_url": "https://www.openstreetmap.org/edit?editor=id&way=894984629#map=20/45.5028711/9.1931788"}}, {"type": "Feature", "geometry": {"type": "Point", "coordinates": [9.1925432, 45.5027169]}, "properties": {"id": 894984630, "feat_type": "way", "quality_categories": "missing_tags, older_than_five_years", "issue_ids": "[17, 1]", "osm_url": "https://www.openstreetmap.org/way/894984630", "josm_url": "http://127.0.0.1:8111/load_object?new_layer=false&objects=w894984630", "id_url": "https://www.openstreetmap.org/edit?editor=id&way=894984630#map=20/45.5027169/9.1925432"}}, {"type": "Feature", "geometry": {"type": "Point", "coordinates": [9.1926116, 45.5021812]}, "properties": {"id": 894984631, "feat_type": "way", "quality_categories": "missing_tags, older_than_five_years", "issue_ids": "[17, 1]", "osm_url": "https://www.openstreetmap.org/way/894984631", "josm_url": "http://127.0.0.1:8111/load_object?new_layer=false&objects=w894984631", "id_url": "https://www.openstreetmap.org/edit?editor=id&way=894984631#map=20/45.5021812/9.1926116"}}, {"type": "Feature", "geometry": {"type": "Point", "coordinates": [9.1931373, 45.5029782]}, "properties": {"id": 894984634, "feat_type": "way", "quality_categories": "missing_tags, older_than_five_years", "issue_ids": "[17, 1]", "osm_url": "https://www.openstreetmap.org/way/894984634", "josm_url": "http://127.0.0.1:8111/load_object?new_layer=false&objects=w894984634", "id_url": "https://www.openstreetmap.org/edit?editor=id&way=894984634#map=20/45.5029782/9.1931373"}}, {"type": "Feature", "geometry": {"type": "Point", "coordinates": [9.1925257, 45.5037932]}, "properties": {"id": 894984635, "feat_type": "way", "quality_categories": "missing_tags, older_than_five_years", "issue_ids": "[17, 1]", "osm_url": "https://www.openstreetmap.org/way/894984635", "josm_url": "http://127.0.0.1:8111/load_object?new_layer=false&objects=w894984635", "id_url": "https://www.openstreetmap.org/edit?editor=id&way=894984635#map=20/45.5037932/9.1925257"}}, {"type": "Feature", "geometry": {"type": "Point", "coordinates": [9.1912571, 45.5036621]}, "properties": {"id": 894984636, "feat_type": "way", "quality_categories": "missing_tags, older_than_five_years", "issue_ids": "[3, 1]", "osm_url": "https://www.openstreetmap.org/way/894984636", "josm_url": "http://127.0.0.1:8111/load_object?new_layer=false&objects=w894984636", "id_url": "https://www.openstreetmap.org/edit?editor=id&way=894984636#map=20/45.5036621/9.1912571"}}, {"type": "Feature", "geometry": {"type": "Point", "coordinates": [9.1885346, 45.4946891]}, "properties": {"id": 895165882, "feat_type": "way", "quality_categories": "older_than_five_years", "issue_ids": "[3]", "osm_url": "https://www.openstreetmap.org/way/895165882", "josm_url": "http://127.0.0.1:8111/load_object?new_layer=false&objects=w895165882", "id_url": "https://www.openstreetmap.org/edit?editor=id&way=895165882#map=20/45.4946891/9.1885346"}}, {"type": "Feature", "geometry": {"type": "Point", "coordinates": [9.1888907, 45.5027859]}, "properties": {"id": 895168597, "feat_type": "way", "quality_categories": "older_than_five_years", "issue_ids": "[3]", "osm_url": "https://www.openstreetmap.org/way/895168597", "josm_url": "http://127.0.0.1:8111/load_object?new_layer=false&objects=w895168597", "id_url": "https://www.openstreetmap.org/edit?editor=id&way=895168597#map=20/45.5027859/9.1888907"}}, {"type": "Feature", "geometry": {"type": "Point", "coordinates": [9.1888874, 45.5027785]}, "properties": {"id": 895168598, "feat_type": "way", "quality_categories": "older_than_five_years", "issue_ids": "[3]", "osm_url": "https://www.openstreetmap.org/way/895168598", "josm_url": "http://127.0.0.1:8111/load_object?new_layer=false&objects=w895168598", "id_url": "https://www.openstreetmap.org/edit?editor=id&way=895168598#map=20/45.5027785/9.1888874"}}, {"type": "Feature", "geometry": {"type": "Point", "coordinates": [9.1888154, 45.5026127]}, "properties": {"id": 895168599, "feat_type": "way", "quality_categories": "older_than_five_years", "issue_ids": "[3]", "osm_url": "https://www.openstreetmap.org/way/895168599", "josm_url": "http://127.0.0.1:8111/load_object?new_layer=false&objects=w895168599", "id_url": "https://www.openstreetmap.org/edit?editor=id&way=895168599#map=20/45.5026127/9.1888154"}}, {"type": "Feature", "geometry": {"type": "Point", "coordinates": [9.1888907, 45.5027859]}, "properties": {"id": 895168600, "feat_type": "way", "quality_categories": "older_than_five_years", "issue_ids": "[3]", "osm_url": "https://www.openstreetmap.org/way/895168600", "josm_url": "http://127.0.0.1:8111/load_object?new_layer=false&objects=w895168600", "id_url": "https://www.openstreetmap.org/edit?editor=id&way=895168600#map=20/45.5027859/9.1888907"}}, {"type": "Feature", "geometry": {"type": "Point", "coordinates": [9.1887354, 45.5024289]}, "properties": {"id": 895168601, "feat_type": "way", "quality_categories": "older_than_five_years", "issue_ids": "[3]", "osm_url": "https://www.openstreetmap.org/way/895168601", "josm_url": "http://127.0.0.1:8111/load_object?new_layer=false&objects=w895168601", "id_url": "https://www.openstreetmap.org/edit?editor=id&way=895168601#map=20/45.5024289/9.1887354"}}, {"type": "Feature", "geometry": {"type": "Point", "coordinates": [9.1887354, 45.5024289]}, "properties": {"id": 895168602, "feat_type": "way", "quality_categories": "older_than_five_years", "issue_ids": "[3]", "osm_url": "https://www.openstreetmap.org/way/895168602", "josm_url": "http://127.0.0.1:8111/load_object?new_layer=false&objects=w895168602", "id_url": "https://www.openstreetmap.org/edit?editor=id&way=895168602#map=20/45.5024289/9.1887354"}}, {"type": "Feature", "geometry": {"type": "Point", "coordinates": [9.1886798, 45.5023006]}, "properties": {"id": 895168603, "feat_type": "way", "quality_categories": "older_than_five_years", "issue_ids": "[3]", "osm_url": "https://www.openstreetmap.org/way/895168603", "josm_url": "http://127.0.0.1:8111/load_object?new_layer=false&objects=w895168603", "id_url": "https://www.openstreetmap.org/edit?editor=id&way=895168603#map=20/45.5023006/9.1886798"}}, {"type": "Feature", "geometry": {"type": "Point", "coordinates": [9.1886798, 45.5023006]}, "properties": {"id": 895168604, "feat_type": "way", "quality_categories": "older_than_five_years", "issue_ids": "[3]", "osm_url": "https://www.openstreetmap.org/way/895168604", "josm_url": "http://127.0.0.1:8111/load_object?new_layer=false&objects=w895168604", "id_url": "https://www.openstreetmap.org/edit?editor=id&way=895168604#map=20/45.5023006/9.1886798"}}, {"type": "Feature", "geometry": {"type": "Point", "coordinates": [9.1885703, 45.5020486]}, "properties": {"id": 895168605, "feat_type": "way", "quality_categories": "older_than_five_years", "issue_ids": "[3]", "osm_url": "https://www.openstreetmap.org/way/895168605", "josm_url": "http://127.0.0.1:8111/load_object?new_layer=false&objects=w895168605", "id_url": "https://www.openstreetmap.org/edit?editor=id&way=895168605#map=20/45.5020486/9.1885703"}}, {"type": "Feature", "geometry": {"type": "Point", "coordinates": [9.1886553, 45.5022443]}, "properties": {"id": 895168606, "feat_type": "way", "quality_categories": "older_than_five_years", "issue_ids": "[3]", "osm_url": "https://www.openstreetmap.org/way/895168606", "josm_url": "http://127.0.0.1:8111/load_object?new_layer=false&objects=w895168606", "id_url": "https://www.openstreetmap.org/edit?editor=id&way=895168606#map=20/45.5022443/9.1886553"}}, {"type": "Feature", "geometry": {"type": "Point", "coordinates": [9.1885659, 45.5020383]}, "properties": {"id": 895168607, "feat_type": "way", "quality_categories": "older_than_five_years", "issue_ids": "[3]", "osm_url": "https://www.openstreetmap.org/way/895168607", "josm_url": "http://127.0.0.1:8111/load_object?new_layer=false&objects=w895168607", "id_url": "https://www.openstreetmap.org/edit?editor=id&way=895168607#map=20/45.5020383/9.1885659"}}, {"type": "Feature", "geometry": {"type": "Point", "coordinates": [9.1885659, 45.5020383]}, "properties": {"id": 895168608, "feat_type": "way", "quality_categories": "older_than_five_years", "issue_ids": "[3]", "osm_url": "https://www.openstreetmap.org/way/895168608", "josm_url": "http://127.0.0.1:8111/load_object?new_layer=false&objects=w895168608", "id_url": "https://www.openstreetmap.org/edit?editor=id&way=895168608#map=20/45.5020383/9.1885659"}}, {"type": "Feature", "geometry": {"type": "Point", "coordinates": [9.188493, 45.5018708]}, "properties": {"id": 895168609, "feat_type": "way", "quality_categories": "older_than_five_years", "issue_ids": "[3]", "osm_url": "https://www.openstreetmap.org/way/895168609", "josm_url": "http://127.0.0.1:8111/load_object?new_layer=false&objects=w895168609", "id_url": "https://www.openstreetmap.org/edit?editor=id&way=895168609#map=20/45.5018708/9.188493"}}, {"type": "Feature", "geometry": {"type": "Point", "coordinates": [9.1884903, 45.5018647]}, "properties": {"id": 895168610, "feat_type": "way", "quality_categories": "older_than_five_years", "issue_ids": "[3]", "osm_url": "https://www.openstreetmap.org/way/895168610", "josm_url": "http://127.0.0.1:8111/load_object?new_layer=false&objects=w895168610", "id_url": "https://www.openstreetmap.org/edit?editor=id&way=895168610#map=20/45.5018647/9.1884903"}}, {"type": "Feature", "geometry": {"type": "Point", "coordinates": [9.1885222, 45.5012157]}, "properties": {"id": 895172768, "feat_type": "way", "quality_categories": "older_than_five_years", "issue_ids": "[3]", "osm_url": "https://www.openstreetmap.org/way/895172768", "josm_url": "http://127.0.0.1:8111/load_object?new_layer=false&objects=w895172768", "id_url": "https://www.openstreetmap.org/edit?editor=id&way=895172768#map=20/45.5012157/9.1885222"}}, {"type": "Feature", "geometry": {"type": "Point", "coordinates": [9.1940801, 45.5030675]}, "properties": {"id": 895174752, "feat_type": "way", "quality_categories": "missing_tags, older_than_five_years", "issue_ids": "[3, 1]", "osm_url": "https://www.openstreetmap.org/way/895174752", "josm_url": "http://127.0.0.1:8111/load_object?new_layer=false&objects=w895174752", "id_url": "https://www.openstreetmap.org/edit?editor=id&way=895174752#map=20/45.5030675/9.1940801"}}, {"type": "Feature", "geometry": {"type": "Point", "coordinates": [9.1952448, 45.5034315]}, "properties": {"id": 895174760, "feat_type": "way", "quality_categories": "missing_tags, older_than_five_years", "issue_ids": "[3, 1]", "osm_url": "https://www.openstreetmap.org/way/895174760", "josm_url": "http://127.0.0.1:8111/load_object?new_layer=false&objects=w895174760", "id_url": "https://www.openstreetmap.org/edit?editor=id&way=895174760#map=20/45.5034315/9.1952448"}}, {"type": "Feature", "geometry": {"type": "Point", "coordinates": [9.1933076, 45.5030111]}, "properties": {"id": 895174763, "feat_type": "way", "quality_categories": "missing_tags, older_than_five_years", "issue_ids": "[3, 1]", "osm_url": "https://www.openstreetmap.org/way/895174763", "josm_url": "http://127.0.0.1:8111/load_object?new_layer=false&objects=w895174763", "id_url": "https://www.openstreetmap.org/edit?editor=id&way=895174763#map=20/45.5030111/9.1933076"}}, {"type": "Feature", "geometry": {"type": "Point", "coordinates": [9.1917768, 45.4968852]}, "properties": {"id": 895176183, "feat_type": "way", "quality_categories": "older_than_five_years", "issue_ids": "[3]", "osm_url": "https://www.openstreetmap.org/way/895176183", "josm_url": "http://127.0.0.1:8111/load_object?new_layer=false&objects=w895176183", "id_url": "https://www.openstreetmap.org/edit?editor=id&way=895176183#map=20/45.4968852/9.1917768"}}, {"type": "Feature", "geometry": {"type": "Point", "coordinates": [9.1915966, 45.4965337]}, "properties": {"id": 895176184, "feat_type": "way", "quality_categories": "older_than_five_years", "issue_ids": "[3]", "osm_url": "https://www.openstreetmap.org/way/895176184", "josm_url": "http://127.0.0.1:8111/load_object?new_layer=false&objects=w895176184", "id_url": "https://www.openstreetmap.org/edit?editor=id&way=895176184#map=20/45.4965337/9.1915966"}}, {"type": "Feature", "geometry": {"type": "Point", "coordinates": [9.1946602, 45.5044039]}, "properties": {"id": 895217092, "feat_type": "way", "quality_categories": "older_than_five_years", "issue_ids": "[152]", "osm_url": "https://www.openstreetmap.org/way/895217092", "josm_url": "http://127.0.0.1:8111/load_object?new_layer=false&objects=w895217092", "id_url": "https://www.openstreetmap.org/edit?editor=id&way=895217092#map=20/45.5044039/9.1946602"}}, {"type": "Feature", "geometry": {"type": "Point", "coordinates": [9.1941465, 45.5039407]}, "properties": {"id": 895217095, "feat_type": "way", "quality_categories": "missing_tags, older_than_five_years", "issue_ids": "[3, 1]", "osm_url": "https://www.openstreetmap.org/way/895217095", "josm_url": "http://127.0.0.1:8111/load_object?new_layer=false&objects=w895217095", "id_url": "https://www.openstreetmap.org/edit?editor=id&way=895217095#map=20/45.5039407/9.1941465"}}, {"type": "Feature", "geometry": {"type": "Point", "coordinates": [9.1939554, 45.497782]}, "properties": {"id": 895603642, "feat_type": "way", "quality_categories": "missing_tags, older_than_five_years", "issue_ids": "[194, 1]", "osm_url": "https://www.openstreetmap.org/way/895603642", "josm_url": "http://127.0.0.1:8111/load_object?new_layer=false&objects=w895603642", "id_url": "https://www.openstreetmap.org/edit?editor=id&way=895603642#map=20/45.497782/9.1939554"}}, {"type": "Feature", "geometry": {"type": "Point", "coordinates": [9.2514275, 45.4815831]}, "properties": {"id": 895631527, "feat_type": "way", "quality_categories": "missing_tags, older_than_five_years", "issue_ids": "[195, 1]", "osm_url": "https://www.openstreetmap.org/way/895631527", "josm_url": "http://127.0.0.1:8111/load_object?new_layer=false&objects=w895631527", "id_url": "https://www.openstreetmap.org/edit?editor=id&way=895631527#map=20/45.4815831/9.2514275"}}, {"type": "Feature", "geometry": {"type": "Point", "coordinates": [9.2511431, 45.4815149]}, "properties": {"id": 895631528, "feat_type": "way", "quality_categories": "missing_tags, older_than_five_years", "issue_ids": "[194, 1]", "osm_url": "https://www.openstreetmap.org/way/895631528", "josm_url": "http://127.0.0.1:8111/load_object?new_layer=false&objects=w895631528", "id_url": "https://www.openstreetmap.org/edit?editor=id&way=895631528#map=20/45.4815149/9.2511431"}}, {"type": "Feature", "geometry": {"type": "Point", "coordinates": [9.2512088, 45.4814012]}, "properties": {"id": 895631529, "feat_type": "way", "quality_categories": "missing_tags, older_than_five_years", "issue_ids": "[194, 1]", "osm_url": "https://www.openstreetmap.org/way/895631529", "josm_url": "http://127.0.0.1:8111/load_object?new_layer=false&objects=w895631529", "id_url": "https://www.openstreetmap.org/edit?editor=id&way=895631529#map=20/45.4814012/9.2512088"}}, {"type": "Feature", "geometry": {"type": "Point", "coordinates": [9.193536, 45.5020452]}, "properties": {"id": 896578390, "feat_type": "way", "quality_categories": "missing_tags, older_than_five_years", "issue_ids": "[196, 1]", "osm_url": "https://www.openstreetmap.org/way/896578390", "josm_url": "http://127.0.0.1:8111/load_object?new_layer=false&objects=w896578390", "id_url": "https://www.openstreetmap.org/edit?editor=id&way=896578390#map=20/45.5020452/9.193536"}}, {"type": "Feature", "geometry": {"type": "Point", "coordinates": [9.2043768, 45.5122755]}, "properties": {"id": 898046264, "feat_type": "way", "quality_categories": "older_than_five_years", "issue_ids": "[197]", "osm_url": "https://www.openstreetmap.org/way/898046264", "josm_url": "http://127.0.0.1:8111/load_object?new_layer=false&objects=w898046264", "id_url": "https://www.openstreetmap.org/edit?editor=id&way=898046264#map=20/45.5122755/9.2043768"}}, {"type": "Feature", "geometry": {"type": "Point", "coordinates": [9.2031002, 45.5085625]}, "properties": {"id": 898046274, "feat_type": "way", "quality_categories": "older_than_five_years", "issue_ids": "[198]", "osm_url": "https://www.openstreetmap.org/way/898046274", "josm_url": "http://127.0.0.1:8111/load_object?new_layer=false&objects=w898046274", "id_url": "https://www.openstreetmap.org/edit?editor=id&way=898046274#map=20/45.5085625/9.2031002"}}, {"type": "Feature", "geometry": {"type": "Point", "coordinates": [9.2027198, 45.5081086]}, "properties": {"id": 898046276, "feat_type": "way", "quality_categories": "older_than_five_years", "issue_ids": "[172]", "osm_url": "https://www.openstreetmap.org/way/898046276", "josm_url": "http://127.0.0.1:8111/load_object?new_layer=false&objects=w898046276", "id_url": "https://www.openstreetmap.org/edit?editor=id&way=898046276#map=20/45.5081086/9.2027198"}}, {"type": "Feature", "geometry": {"type": "Point", "coordinates": [9.2040642, 45.5076528]}, "properties": {"id": 898046279, "feat_type": "way", "quality_categories": "older_than_five_years", "issue_ids": "[172]", "osm_url": "https://www.openstreetmap.org/way/898046279", "josm_url": "http://127.0.0.1:8111/load_object?new_layer=false&objects=w898046279", "id_url": "https://www.openstreetmap.org/edit?editor=id&way=898046279#map=20/45.5076528/9.2040642"}}, {"type": "Feature", "geometry": {"type": "Point", "coordinates": [9.2033855, 45.5073714]}, "properties": {"id": 898046282, "feat_type": "way", "quality_categories": "older_than_five_years", "issue_ids": "[199]", "osm_url": "https://www.openstreetmap.org/way/898046282", "josm_url": "http://127.0.0.1:8111/load_object?new_layer=false&objects=w898046282", "id_url": "https://www.openstreetmap.org/edit?editor=id&way=898046282#map=20/45.5073714/9.2033855"}}, {"type": "Feature", "geometry": {"type": "Point", "coordinates": [9.210432, 45.5099163]}, "properties": {"id": 898428389, "feat_type": "way", "quality_categories": "missing_tags, older_than_five_years", "issue_ids": "[200, 1]", "osm_url": "https://www.openstreetmap.org/way/898428389", "josm_url": "http://127.0.0.1:8111/load_object?new_layer=false&objects=w898428389", "id_url": "https://www.openstreetmap.org/edit?editor=id&way=898428389#map=20/45.5099163/9.210432"}}, {"type": "Feature", "geometry": {"type": "Point", "coordinates": [9.2101542, 45.5091163]}, "properties": {"id": 898428399, "feat_type": "way", "quality_categories": "older_than_five_years", "issue_ids": "[201]", "osm_url": "https://www.openstreetmap.org/way/898428399", "josm_url": "http://127.0.0.1:8111/load_object?new_layer=false&objects=w898428399", "id_url": "https://www.openstreetmap.org/edit?editor=id&way=898428399#map=20/45.5091163/9.2101542"}}, {"type": "Feature", "geometry": {"type": "Point", "coordinates": [9.20661, 45.5143623]}, "properties": {"id": 898438585, "feat_type": "way", "quality_categories": "older_than_five_years", "issue_ids": "[202]", "osm_url": "https://www.openstreetmap.org/way/898438585", "josm_url": "http://127.0.0.1:8111/load_object?new_layer=false&objects=w898438585", "id_url": "https://www.openstreetmap.org/edit?editor=id&way=898438585#map=20/45.5143623/9.20661"}}, {"type": "Feature", "geometry": {"type": "Point", "coordinates": [9.2138378, 45.5158532]}, "properties": {"id": 898505198, "feat_type": "way", "quality_categories": "missing_tags, older_than_five_years", "issue_ids": "[200, 1]", "osm_url": "https://www.openstreetmap.org/way/898505198", "josm_url": "http://127.0.0.1:8111/load_object?new_layer=false&objects=w898505198", "id_url": "https://www.openstreetmap.org/edit?editor=id&way=898505198#map=20/45.5158532/9.2138378"}}, {"type": "Feature", "geometry": {"type": "Point", "coordinates": [9.2109203, 45.5179162]}, "properties": {"id": 898508087, "feat_type": "way", "quality_categories": "missing_tags, older_than_five_years", "issue_ids": "[200, 1]", "osm_url": "https://www.openstreetmap.org/way/898508087", "josm_url": "http://127.0.0.1:8111/load_object?new_layer=false&objects=w898508087", "id_url": "https://www.openstreetmap.org/edit?editor=id&way=898508087#map=20/45.5179162/9.2109203"}}, {"type": "Feature", "geometry": {"type": "Point", "coordinates": [9.2107955, 45.517697]}, "properties": {"id": 898508088, "feat_type": "way", "quality_categories": "missing_tags, older_than_five_years", "issue_ids": "[200, 1]", "osm_url": "https://www.openstreetmap.org/way/898508088", "josm_url": "http://127.0.0.1:8111/load_object?new_layer=false&objects=w898508088", "id_url": "https://www.openstreetmap.org/edit?editor=id&way=898508088#map=20/45.517697/9.2107955"}}, {"type": "Feature", "geometry": {"type": "Point", "coordinates": [9.2107085, 45.5178315]}, "properties": {"id": 898508094, "feat_type": "way", "quality_categories": "missing_tags, older_than_five_years", "issue_ids": "[200, 1]", "osm_url": "https://www.openstreetmap.org/way/898508094", "josm_url": "http://127.0.0.1:8111/load_object?new_layer=false&objects=w898508094", "id_url": "https://www.openstreetmap.org/edit?editor=id&way=898508094#map=20/45.5178315/9.2107085"}}, {"type": "Feature", "geometry": {"type": "Point", "coordinates": [9.2079091, 45.5146684]}, "properties": {"id": 898508105, "feat_type": "way", "quality_categories": "older_than_five_years", "issue_ids": "[203]", "osm_url": "https://www.openstreetmap.org/way/898508105", "josm_url": "http://127.0.0.1:8111/load_object?new_layer=false&objects=w898508105", "id_url": "https://www.openstreetmap.org/edit?editor=id&way=898508105#map=20/45.5146684/9.2079091"}}, {"type": "Feature", "geometry": {"type": "Point", "coordinates": [9.1936952, 45.4955971]}, "properties": {"id": 900790991, "feat_type": "way", "quality_categories": "older_than_five_years", "issue_ids": "[204]", "osm_url": "https://www.openstreetmap.org/way/900790991", "josm_url": "http://127.0.0.1:8111/load_object?new_layer=false&objects=w900790991", "id_url": "https://www.openstreetmap.org/edit?editor=id&way=900790991#map=20/45.4955971/9.1936952"}}, {"type": "Feature", "geometry": {"type": "Point", "coordinates": [9.1940767, 45.4954906]}, "properties": {"id": 900803740, "feat_type": "way", "quality_categories": "older_than_five_years", "issue_ids": "[205]", "osm_url": "https://www.openstreetmap.org/way/900803740", "josm_url": "http://127.0.0.1:8111/load_object?new_layer=false&objects=w900803740", "id_url": "https://www.openstreetmap.org/edit?editor=id&way=900803740#map=20/45.4954906/9.1940767"}}, {"type": "Feature", "geometry": {"type": "Point", "coordinates": [9.1925928, 45.4958984]}, "properties": {"id": 900803744, "feat_type": "way", "quality_categories": "older_than_five_years", "issue_ids": "[205]", "osm_url": "https://www.openstreetmap.org/way/900803744", "josm_url": "http://127.0.0.1:8111/load_object?new_layer=false&objects=w900803744", "id_url": "https://www.openstreetmap.org/edit?editor=id&way=900803744#map=20/45.4958984/9.1925928"}}, {"type": "Feature", "geometry": {"type": "Point", "coordinates": [9.1822314, 45.505688]}, "properties": {"id": 900804092, "feat_type": "way", "quality_categories": "older_than_five_years", "issue_ids": "[205]", "osm_url": "https://www.openstreetmap.org/way/900804092", "josm_url": "http://127.0.0.1:8111/load_object?new_layer=false&objects=w900804092", "id_url": "https://www.openstreetmap.org/edit?editor=id&way=900804092#map=20/45.505688/9.1822314"}}, {"type": "Feature", "geometry": {"type": "Point", "coordinates": [9.1830683, 45.5056307]}, "properties": {"id": 900821242, "feat_type": "way", "quality_categories": "older_than_five_years", "issue_ids": "[206]", "osm_url": "https://www.openstreetmap.org/way/900821242", "josm_url": "http://127.0.0.1:8111/load_object?new_layer=false&objects=w900821242", "id_url": "https://www.openstreetmap.org/edit?editor=id&way=900821242#map=20/45.5056307/9.1830683"}}, {"type": "Feature", "geometry": {"type": "Point", "coordinates": [9.1830683, 45.5056307]}, "properties": {"id": 900821243, "feat_type": "way", "quality_categories": "older_than_five_years", "issue_ids": "[205]", "osm_url": "https://www.openstreetmap.org/way/900821243", "josm_url": "http://127.0.0.1:8111/load_object?new_layer=false&objects=w900821243", "id_url": "https://www.openstreetmap.org/edit?editor=id&way=900821243#map=20/45.5056307/9.1830683"}}, {"type": "Feature", "geometry": {"type": "Point", "coordinates": [9.1828302, 45.5056744]}, "properties": {"id": 900821244, "feat_type": "way", "quality_categories": "older_than_five_years", "issue_ids": "[206]", "osm_url": "https://www.openstreetmap.org/way/900821244", "josm_url": "http://127.0.0.1:8111/load_object?new_layer=false&objects=w900821244", "id_url": "https://www.openstreetmap.org/edit?editor=id&way=900821244#map=20/45.5056744/9.1828302"}}, {"type": "Feature", "geometry": {"type": "Point", "coordinates": [9.1825385, 45.5057186]}, "properties": {"id": 900821245, "feat_type": "way", "quality_categories": "older_than_five_years", "issue_ids": "[205]", "osm_url": "https://www.openstreetmap.org/way/900821245", "josm_url": "http://127.0.0.1:8111/load_object?new_layer=false&objects=w900821245", "id_url": "https://www.openstreetmap.org/edit?editor=id&way=900821245#map=20/45.5057186/9.1825385"}}, {"type": "Feature", "geometry": {"type": "Point", "coordinates": [9.1824963, 45.5057261]}, "properties": {"id": 900821246, "feat_type": "way", "quality_categories": "older_than_five_years", "issue_ids": "[206]", "osm_url": "https://www.openstreetmap.org/way/900821246", "josm_url": "http://127.0.0.1:8111/load_object?new_layer=false&objects=w900821246", "id_url": "https://www.openstreetmap.org/edit?editor=id&way=900821246#map=20/45.5057261/9.1824963"}}, {"type": "Feature", "geometry": {"type": "Point", "coordinates": [9.1824963, 45.5057261]}, "properties": {"id": 900821247, "feat_type": "way", "quality_categories": "older_than_five_years", "issue_ids": "[205]", "osm_url": "https://www.openstreetmap.org/way/900821247", "josm_url": "http://127.0.0.1:8111/load_object?new_layer=false&objects=w900821247", "id_url": "https://www.openstreetmap.org/edit?editor=id&way=900821247#map=20/45.5057261/9.1824963"}}, {"type": "Feature", "geometry": {"type": "Point", "coordinates": [9.1822066, 45.5057675]}, "properties": {"id": 900821248, "feat_type": "way", "quality_categories": "older_than_five_years", "issue_ids": "[206]", "osm_url": "https://www.openstreetmap.org/way/900821248", "josm_url": "http://127.0.0.1:8111/load_object?new_layer=false&objects=w900821248", "id_url": "https://www.openstreetmap.org/edit?editor=id&way=900821248#map=20/45.5057675/9.1822066"}}, {"type": "Feature", "geometry": {"type": "Point", "coordinates": [9.1819639, 45.5058041]}, "properties": {"id": 900821249, "feat_type": "way", "quality_categories": "older_than_five_years", "issue_ids": "[205]", "osm_url": "https://www.openstreetmap.org/way/900821249", "josm_url": "http://127.0.0.1:8111/load_object?new_layer=false&objects=w900821249", "id_url": "https://www.openstreetmap.org/edit?editor=id&way=900821249#map=20/45.5058041/9.1819639"}}, {"type": "Feature", "geometry": {"type": "Point", "coordinates": [9.1819639, 45.5058041]}, "properties": {"id": 900821250, "feat_type": "way", "quality_categories": "older_than_five_years", "issue_ids": "[206]", "osm_url": "https://www.openstreetmap.org/way/900821250", "josm_url": "http://127.0.0.1:8111/load_object?new_layer=false&objects=w900821250", "id_url": "https://www.openstreetmap.org/edit?editor=id&way=900821250#map=20/45.5058041/9.1819639"}}, {"type": "Feature", "geometry": {"type": "Point", "coordinates": [9.1819143, 45.5058121]}, "properties": {"id": 900821251, "feat_type": "way", "quality_categories": "older_than_five_years", "issue_ids": "[205]", "osm_url": "https://www.openstreetmap.org/way/900821251", "josm_url": "http://127.0.0.1:8111/load_object?new_layer=false&objects=w900821251", "id_url": "https://www.openstreetmap.org/edit?editor=id&way=900821251#map=20/45.5058121/9.1819143"}}, {"type": "Feature", "geometry": {"type": "Point", "coordinates": [9.1816259, 45.5058558]}, "properties": {"id": 900821252, "feat_type": "way", "quality_categories": "older_than_five_years", "issue_ids": "[206]", "osm_url": "https://www.openstreetmap.org/way/900821252", "josm_url": "http://127.0.0.1:8111/load_object?new_layer=false&objects=w900821252", "id_url": "https://www.openstreetmap.org/edit?editor=id&way=900821252#map=20/45.5058558/9.1816259"}}, {"type": "Feature", "geometry": {"type": "Point", "coordinates": [9.1816259, 45.5058558]}, "properties": {"id": 900821253, "feat_type": "way", "quality_categories": "older_than_five_years", "issue_ids": "[205]", "osm_url": "https://www.openstreetmap.org/way/900821253", "josm_url": "http://127.0.0.1:8111/load_object?new_layer=false&objects=w900821253", "id_url": "https://www.openstreetmap.org/edit?editor=id&way=900821253#map=20/45.5058558/9.1816259"}}, {"type": "Feature", "geometry": {"type": "Point", "coordinates": [9.1813785, 45.5058929]}, "properties": {"id": 900821254, "feat_type": "way", "quality_categories": "older_than_five_years", "issue_ids": "[206]", "osm_url": "https://www.openstreetmap.org/way/900821254", "josm_url": "http://127.0.0.1:8111/load_object?new_layer=false&objects=w900821254", "id_url": "https://www.openstreetmap.org/edit?editor=id&way=900821254#map=20/45.5058929/9.1813785"}}, {"type": "Feature", "geometry": {"type": "Point", "coordinates": [9.1810747, 45.5059413]}, "properties": {"id": 900821255, "feat_type": "way", "quality_categories": "older_than_five_years", "issue_ids": "[205]", "osm_url": "https://www.openstreetmap.org/way/900821255", "josm_url": "http://127.0.0.1:8111/load_object?new_layer=false&objects=w900821255", "id_url": "https://www.openstreetmap.org/edit?editor=id&way=900821255#map=20/45.5059413/9.1810747"}}, {"type": "Feature", "geometry": {"type": "Point", "coordinates": [9.181001, 45.5059531]}, "properties": {"id": 900821256, "feat_type": "way", "quality_categories": "older_than_five_years", "issue_ids": "[206]", "osm_url": "https://www.openstreetmap.org/way/900821256", "josm_url": "http://127.0.0.1:8111/load_object?new_layer=false&objects=w900821256", "id_url": "https://www.openstreetmap.org/edit?editor=id&way=900821256#map=20/45.5059531/9.181001"}}, {"type": "Feature", "geometry": {"type": "Point", "coordinates": [9.1809232, 45.5059667]}, "properties": {"id": 900821257, "feat_type": "way", "quality_categories": "older_than_five_years", "issue_ids": "[205]", "osm_url": "https://www.openstreetmap.org/way/900821257", "josm_url": "http://127.0.0.1:8111/load_object?new_layer=false&objects=w900821257", "id_url": "https://www.openstreetmap.org/edit?editor=id&way=900821257#map=20/45.5059667/9.1809232"}}, {"type": "Feature", "geometry": {"type": "Point", "coordinates": [9.1808843, 45.5059728]}, "properties": {"id": 900821258, "feat_type": "way", "quality_categories": "older_than_five_years", "issue_ids": "[206]", "osm_url": "https://www.openstreetmap.org/way/900821258", "josm_url": "http://127.0.0.1:8111/load_object?new_layer=false&objects=w900821258", "id_url": "https://www.openstreetmap.org/edit?editor=id&way=900821258#map=20/45.5059728/9.1808843"}}, {"type": "Feature", "geometry": {"type": "Point", "coordinates": [9.1808058, 45.5059869]}, "properties": {"id": 900821259, "feat_type": "way", "quality_categories": "older_than_five_years", "issue_ids": "[205]", "osm_url": "https://www.openstreetmap.org/way/900821259", "josm_url": "http://127.0.0.1:8111/load_object?new_layer=false&objects=w900821259", "id_url": "https://www.openstreetmap.org/edit?editor=id&way=900821259#map=20/45.5059869/9.1808058"}}, {"type": "Feature", "geometry": {"type": "Point", "coordinates": [9.1808058, 45.5059869]}, "properties": {"id": 900821260, "feat_type": "way", "quality_categories": "older_than_five_years", "issue_ids": "[206]", "osm_url": "https://www.openstreetmap.org/way/900821260", "josm_url": "http://127.0.0.1:8111/load_object?new_layer=false&objects=w900821260", "id_url": "https://www.openstreetmap.org/edit?editor=id&way=900821260#map=20/45.5059869/9.1808058"}}, {"type": "Feature", "geometry": {"type": "Point", "coordinates": [9.1809694, 45.5058817]}, "properties": {"id": 900821261, "feat_type": "way", "quality_categories": "older_than_five_years", "issue_ids": "[205]", "osm_url": "https://www.openstreetmap.org/way/900821261", "josm_url": "http://127.0.0.1:8111/load_object?new_layer=false&objects=w900821261", "id_url": "https://www.openstreetmap.org/edit?editor=id&way=900821261#map=20/45.5058817/9.1809694"}}, {"type": "Feature", "geometry": {"type": "Point", "coordinates": [9.1808246, 45.5059023]}, "properties": {"id": 900821262, "feat_type": "way", "quality_categories": "older_than_five_years", "issue_ids": "[206]", "osm_url": "https://www.openstreetmap.org/way/900821262", "josm_url": "http://127.0.0.1:8111/load_object?new_layer=false&objects=w900821262", "id_url": "https://www.openstreetmap.org/edit?editor=id&way=900821262#map=20/45.5059023/9.1808246"}}, {"type": "Feature", "geometry": {"type": "Point", "coordinates": [9.1809694, 45.5058817]}, "properties": {"id": 900821263, "feat_type": "way", "quality_categories": "older_than_five_years", "issue_ids": "[206]", "osm_url": "https://www.openstreetmap.org/way/900821263", "josm_url": "http://127.0.0.1:8111/load_object?new_layer=false&objects=w900821263", "id_url": "https://www.openstreetmap.org/edit?editor=id&way=900821263#map=20/45.5058817/9.1809694"}}, {"type": "Feature", "geometry": {"type": "Point", "coordinates": [9.181009, 45.505876]}, "properties": {"id": 900821264, "feat_type": "way", "quality_categories": "older_than_five_years", "issue_ids": "[205]", "osm_url": "https://www.openstreetmap.org/way/900821264", "josm_url": "http://127.0.0.1:8111/load_object?new_layer=false&objects=w900821264", "id_url": "https://www.openstreetmap.org/edit?editor=id&way=900821264#map=20/45.505876/9.181009"}}, {"type": "Feature", "geometry": {"type": "Point", "coordinates": [9.182625, 45.5056255]}, "properties": {"id": 900821265, "feat_type": "way", "quality_categories": "older_than_five_years", "issue_ids": "[206]", "osm_url": "https://www.openstreetmap.org/way/900821265", "josm_url": "http://127.0.0.1:8111/load_object?new_layer=false&objects=w900821265", "id_url": "https://www.openstreetmap.org/edit?editor=id&way=900821265#map=20/45.5056255/9.182625"}}, {"type": "Feature", "geometry": {"type": "Point", "coordinates": [9.1812665, 45.5058309]}, "properties": {"id": 900821266, "feat_type": "way", "quality_categories": "older_than_five_years", "issue_ids": "[205]", "osm_url": "https://www.openstreetmap.org/way/900821266", "josm_url": "http://127.0.0.1:8111/load_object?new_layer=false&objects=w900821266", "id_url": "https://www.openstreetmap.org/edit?editor=id&way=900821266#map=20/45.5058309/9.1812665"}}, {"type": "Feature", "geometry": {"type": "Point", "coordinates": [9.1816802, 45.5057726]}, "properties": {"id": 900821267, "feat_type": "way", "quality_categories": "older_than_five_years", "issue_ids": "[206]", "osm_url": "https://www.openstreetmap.org/way/900821267", "josm_url": "http://127.0.0.1:8111/load_object?new_layer=false&objects=w900821267", "id_url": "https://www.openstreetmap.org/edit?editor=id&way=900821267#map=20/45.5057726/9.1816802"}}, {"type": "Feature", "geometry": {"type": "Point", "coordinates": [9.1817486, 45.5057618]}, "properties": {"id": 900821268, "feat_type": "way", "quality_categories": "older_than_five_years", "issue_ids": "[205]", "osm_url": "https://www.openstreetmap.org/way/900821268", "josm_url": "http://127.0.0.1:8111/load_object?new_layer=false&objects=w900821268", "id_url": "https://www.openstreetmap.org/edit?editor=id&way=900821268#map=20/45.5057618/9.1817486"}}, {"type": "Feature", "geometry": {"type": "Point", "coordinates": [9.1818237, 45.5057505]}, "properties": {"id": 900821269, "feat_type": "way", "quality_categories": "older_than_five_years", "issue_ids": "[206]", "osm_url": "https://www.openstreetmap.org/way/900821269", "josm_url": "http://127.0.0.1:8111/load_object?new_layer=false&objects=w900821269", "id_url": "https://www.openstreetmap.org/edit?editor=id&way=900821269#map=20/45.5057505/9.1818237"}}, {"type": "Feature", "geometry": {"type": "Point", "coordinates": [9.2075479, 45.5159981]}, "properties": {"id": 901099958, "feat_type": "way", "quality_categories": "missing_tags, older_than_five_years", "issue_ids": "[207, 1]", "osm_url": "https://www.openstreetmap.org/way/901099958", "josm_url": "http://127.0.0.1:8111/load_object?new_layer=false&objects=w901099958", "id_url": "https://www.openstreetmap.org/edit?editor=id&way=901099958#map=20/45.5159981/9.2075479"}}, {"type": "Feature", "geometry": {"type": "Point", "coordinates": [9.2146358, 45.5136724]}, "properties": {"id": 901379542, "feat_type": "way", "quality_categories": "missing_tags, older_than_five_years", "issue_ids": "[207, 1]", "osm_url": "https://www.openstreetmap.org/way/901379542", "josm_url": "http://127.0.0.1:8111/load_object?new_layer=false&objects=w901379542", "id_url": "https://www.openstreetmap.org/edit?editor=id&way=901379542#map=20/45.5136724/9.2146358"}}, {"type": "Feature", "geometry": {"type": "Point", "coordinates": [9.1951644, 45.507448]}, "properties": {"id": 903711298, "feat_type": "way", "quality_categories": "older_than_five_years", "issue_ids": "[152]", "osm_url": "https://www.openstreetmap.org/way/903711298", "josm_url": "http://127.0.0.1:8111/load_object?new_layer=false&objects=w903711298", "id_url": "https://www.openstreetmap.org/edit?editor=id&way=903711298#map=20/45.507448/9.1951644"}}, {"type": "Feature", "geometry": {"type": "Point", "coordinates": [9.2387355, 45.4335117]}, "properties": {"id": 904845567, "feat_type": "way", "quality_categories": "older_than_five_years", "issue_ids": "[208]", "osm_url": "https://www.openstreetmap.org/way/904845567", "josm_url": "http://127.0.0.1:8111/load_object?new_layer=false&objects=w904845567", "id_url": "https://www.openstreetmap.org/edit?editor=id&way=904845567#map=20/45.4335117/9.2387355"}}, {"type": "Feature", "geometry": {"type": "Point", "coordinates": [9.2384998, 45.4340258]}, "properties": {"id": 904845574, "feat_type": "way", "quality_categories": "older_than_five_years", "issue_ids": "[208]", "osm_url": "https://www.openstreetmap.org/way/904845574", "josm_url": "http://127.0.0.1:8111/load_object?new_layer=false&objects=w904845574", "id_url": "https://www.openstreetmap.org/edit?editor=id&way=904845574#map=20/45.4340258/9.2384998"}}, {"type": "Feature", "geometry": {"type": "Point", "coordinates": [9.2381375, 45.4339622]}, "properties": {"id": 904845575, "feat_type": "way", "quality_categories": "older_than_five_years", "issue_ids": "[208]", "osm_url": "https://www.openstreetmap.org/way/904845575", "josm_url": "http://127.0.0.1:8111/load_object?new_layer=false&objects=w904845575", "id_url": "https://www.openstreetmap.org/edit?editor=id&way=904845575#map=20/45.4339622/9.2381375"}}, {"type": "Feature", "geometry": {"type": "Point", "coordinates": [9.238661, 45.4335985]}, "properties": {"id": 904845578, "feat_type": "way", "quality_categories": "older_than_five_years", "issue_ids": "[208]", "osm_url": "https://www.openstreetmap.org/way/904845578", "josm_url": "http://127.0.0.1:8111/load_object?new_layer=false&objects=w904845578", "id_url": "https://www.openstreetmap.org/edit?editor=id&way=904845578#map=20/45.4335985/9.238661"}}, {"type": "Feature", "geometry": {"type": "Point", "coordinates": [9.2210014, 45.4401363]}, "properties": {"id": 912448536, "feat_type": "way", "quality_categories": "missing_tags, older_than_five_years", "issue_ids": "[46, 1]", "osm_url": "https://www.openstreetmap.org/way/912448536", "josm_url": "http://127.0.0.1:8111/load_object?new_layer=false&objects=w912448536", "id_url": "https://www.openstreetmap.org/edit?editor=id&way=912448536#map=20/45.4401363/9.2210014"}}, {"type": "Feature", "geometry": {"type": "Point", "coordinates": [9.1622664, 45.5055409]}, "properties": {"id": 912735162, "feat_type": "way", "quality_categories": "older_than_five_years", "issue_ids": "[209]", "osm_url": "https://www.openstreetmap.org/way/912735162", "josm_url": "http://127.0.0.1:8111/load_object?new_layer=false&objects=w912735162", "id_url": "https://www.openstreetmap.org/edit?editor=id&way=912735162#map=20/45.5055409/9.1622664"}}, {"type": "Feature", "geometry": {"type": "Point", "coordinates": [9.1608881, 45.5051375]}, "properties": {"id": 912735164, "feat_type": "way", "quality_categories": "older_than_five_years", "issue_ids": "[209]", "osm_url": "https://www.openstreetmap.org/way/912735164", "josm_url": "http://127.0.0.1:8111/load_object?new_layer=false&objects=w912735164", "id_url": "https://www.openstreetmap.org/edit?editor=id&way=912735164#map=20/45.5051375/9.1608881"}}, {"type": "Feature", "geometry": {"type": "Point", "coordinates": [9.1607543, 45.506583]}, "properties": {"id": 912895879, "feat_type": "way", "quality_categories": "missing_tags, older_than_five_years", "issue_ids": "[4, 1]", "osm_url": "https://www.openstreetmap.org/way/912895879", "josm_url": "http://127.0.0.1:8111/load_object?new_layer=false&objects=w912895879", "id_url": "https://www.openstreetmap.org/edit?editor=id&way=912895879#map=20/45.506583/9.1607543"}}, {"type": "Feature", "geometry": {"type": "Point", "coordinates": [9.183268, 45.4774311]}, "properties": {"id": 919854216, "feat_type": "way", "quality_categories": "missing_tags, older_than_five_years", "issue_ids": "[210, 1]", "osm_url": "https://www.openstreetmap.org/way/919854216", "josm_url": "http://127.0.0.1:8111/load_object?new_layer=false&objects=w919854216", "id_url": "https://www.openstreetmap.org/edit?editor=id&way=919854216#map=20/45.4774311/9.183268"}}, {"type": "Feature", "geometry": {"type": "Point", "coordinates": [9.1832589, 45.4775295]}, "properties": {"id": 919854217, "feat_type": "way", "quality_categories": "missing_tags, older_than_five_years", "issue_ids": "[210, 1]", "osm_url": "https://www.openstreetmap.org/way/919854217", "josm_url": "http://127.0.0.1:8111/load_object?new_layer=false&objects=w919854217", "id_url": "https://www.openstreetmap.org/edit?editor=id&way=919854217#map=20/45.4775295/9.1832589"}}, {"type": "Feature", "geometry": {"type": "Point", "coordinates": [9.2158734, 45.4440393]}, "properties": {"id": 921647541, "feat_type": "way", "quality_categories": "older_than_five_years", "issue_ids": "[168]", "osm_url": "https://www.openstreetmap.org/way/921647541", "josm_url": "http://127.0.0.1:8111/load_object?new_layer=false&objects=w921647541", "id_url": "https://www.openstreetmap.org/edit?editor=id&way=921647541#map=20/45.4440393/9.2158734"}}, {"type": "Feature", "geometry": {"type": "Point", "coordinates": [9.217833, 45.4431135]}, "properties": {"id": 921647547, "feat_type": "way", "quality_categories": "older_than_five_years", "issue_ids": "[168]", "osm_url": "https://www.openstreetmap.org/way/921647547", "josm_url": "http://127.0.0.1:8111/load_object?new_layer=false&objects=w921647547", "id_url": "https://www.openstreetmap.org/edit?editor=id&way=921647547#map=20/45.4431135/9.217833"}}, {"type": "Feature", "geometry": {"type": "Point", "coordinates": [9.1876007, 45.4881178]}, "properties": {"id": 922015188, "feat_type": "way", "quality_categories": "older_than_five_years", "issue_ids": "[21]", "osm_url": "https://www.openstreetmap.org/way/922015188", "josm_url": "http://127.0.0.1:8111/load_object?new_layer=false&objects=w922015188", "id_url": "https://www.openstreetmap.org/edit?editor=id&way=922015188#map=20/45.4881178/9.1876007"}}, {"type": "Feature", "geometry": {"type": "Point", "coordinates": [9.2217917, 45.4433964]}, "properties": {"id": 922073720, "feat_type": "way", "quality_categories": "missing_tags, older_than_five_years", "issue_ids": "[211, 1]", "osm_url": "https://www.openstreetmap.org/way/922073720", "josm_url": "http://127.0.0.1:8111/load_object?new_layer=false&objects=w922073720", "id_url": "https://www.openstreetmap.org/edit?editor=id&way=922073720#map=20/45.4433964/9.2217917"}}, {"type": "Feature", "geometry": {"type": "Point", "coordinates": [9.2217417, 45.4440464]}, "properties": {"id": 922073734, "feat_type": "way", "quality_categories": "missing_tags, older_than_five_years", "issue_ids": "[211, 1]", "osm_url": "https://www.openstreetmap.org/way/922073734", "josm_url": "http://127.0.0.1:8111/load_object?new_layer=false&objects=w922073734", "id_url": "https://www.openstreetmap.org/edit?editor=id&way=922073734#map=20/45.4440464/9.2217417"}}, {"type": "Feature", "geometry": {"type": "Point", "coordinates": [9.2217699, 45.4437034]}, "properties": {"id": 922073735, "feat_type": "way", "quality_categories": "missing_tags, older_than_five_years", "issue_ids": "[211, 1]", "osm_url": "https://www.openstreetmap.org/way/922073735", "josm_url": "http://127.0.0.1:8111/load_object?new_layer=false&objects=w922073735", "id_url": "https://www.openstreetmap.org/edit?editor=id&way=922073735#map=20/45.4437034/9.2217699"}}, {"type": "Feature", "geometry": {"type": "Point", "coordinates": [9.2217229, 45.4452787]}, "properties": {"id": 922073738, "feat_type": "way", "quality_categories": "missing_tags, older_than_five_years", "issue_ids": "[46, 1]", "osm_url": "https://www.openstreetmap.org/way/922073738", "josm_url": "http://127.0.0.1:8111/load_object?new_layer=false&objects=w922073738", "id_url": "https://www.openstreetmap.org/edit?editor=id&way=922073738#map=20/45.4452787/9.2217229"}}, {"type": "Feature", "geometry": {"type": "Point", "coordinates": [9.217597, 45.4456718]}, "properties": {"id": 922073742, "feat_type": "way", "quality_categories": "missing_tags, older_than_five_years", "issue_ids": "[211, 1]", "osm_url": "https://www.openstreetmap.org/way/922073742", "josm_url": "http://127.0.0.1:8111/load_object?new_layer=false&objects=w922073742", "id_url": "https://www.openstreetmap.org/edit?editor=id&way=922073742#map=20/45.4456718/9.217597"}}, {"type": "Feature", "geometry": {"type": "Point", "coordinates": [9.2167199, 45.4446067]}, "properties": {"id": 922073750, "feat_type": "way", "quality_categories": "missing_tags, older_than_five_years", "issue_ids": "[211, 1]", "osm_url": "https://www.openstreetmap.org/way/922073750", "josm_url": "http://127.0.0.1:8111/load_object?new_layer=false&objects=w922073750", "id_url": "https://www.openstreetmap.org/edit?editor=id&way=922073750#map=20/45.4446067/9.2167199"}}, {"type": "Feature", "geometry": {"type": "Point", "coordinates": [9.224676, 45.4439594]}, "properties": {"id": 922551277, "feat_type": "way", "quality_categories": "missing_tags, older_than_five_years", "issue_ids": "[46, 1]", "osm_url": "https://www.openstreetmap.org/way/922551277", "josm_url": "http://127.0.0.1:8111/load_object?new_layer=false&objects=w922551277", "id_url": "https://www.openstreetmap.org/edit?editor=id&way=922551277#map=20/45.4439594/9.224676"}}, {"type": "Feature", "geometry": {"type": "Point", "coordinates": [9.2242294, 45.4452735]}, "properties": {"id": 922551283, "feat_type": "way", "quality_categories": "missing_tags, older_than_five_years", "issue_ids": "[212, 1]", "osm_url": "https://www.openstreetmap.org/way/922551283", "josm_url": "http://127.0.0.1:8111/load_object?new_layer=false&objects=w922551283", "id_url": "https://www.openstreetmap.org/edit?editor=id&way=922551283#map=20/45.4452735/9.2242294"}}, {"type": "Feature", "geometry": {"type": "Point", "coordinates": [9.2221444, 45.4439878]}, "properties": {"id": 922551290, "feat_type": "way", "quality_categories": "missing_tags, older_than_five_years", "issue_ids": "[46, 1]", "osm_url": "https://www.openstreetmap.org/way/922551290", "josm_url": "http://127.0.0.1:8111/load_object?new_layer=false&objects=w922551290", "id_url": "https://www.openstreetmap.org/edit?editor=id&way=922551290#map=20/45.4439878/9.2221444"}}, {"type": "Feature", "geometry": {"type": "Point", "coordinates": [9.2221359, 45.4443823]}, "properties": {"id": 922551291, "feat_type": "way", "quality_categories": "missing_tags, older_than_five_years", "issue_ids": "[46, 1]", "osm_url": "https://www.openstreetmap.org/way/922551291", "josm_url": "http://127.0.0.1:8111/load_object?new_layer=false&objects=w922551291", "id_url": "https://www.openstreetmap.org/edit?editor=id&way=922551291#map=20/45.4443823/9.2221359"}}, {"type": "Feature", "geometry": {"type": "Point", "coordinates": [9.2227975, 45.4396565]}, "properties": {"id": 922559166, "feat_type": "way", "quality_categories": "missing_tags, older_than_five_years", "issue_ids": "[46, 1]", "osm_url": "https://www.openstreetmap.org/way/922559166", "josm_url": "http://127.0.0.1:8111/load_object?new_layer=false&objects=w922559166", "id_url": "https://www.openstreetmap.org/edit?editor=id&way=922559166#map=20/45.4396565/9.2227975"}}, {"type": "Feature", "geometry": {"type": "Point", "coordinates": [9.2236607, 45.4398917]}, "properties": {"id": 922559173, "feat_type": "way", "quality_categories": "missing_tags, older_than_five_years", "issue_ids": "[46, 1]", "osm_url": "https://www.openstreetmap.org/way/922559173", "josm_url": "http://127.0.0.1:8111/load_object?new_layer=false&objects=w922559173", "id_url": "https://www.openstreetmap.org/edit?editor=id&way=922559173#map=20/45.4398917/9.2236607"}}, {"type": "Feature", "geometry": {"type": "Point", "coordinates": [9.2263229, 45.4443962]}, "properties": {"id": 922560084, "feat_type": "way", "quality_categories": "missing_tags, older_than_five_years", "issue_ids": "[90, 1]", "osm_url": "https://www.openstreetmap.org/way/922560084", "josm_url": "http://127.0.0.1:8111/load_object?new_layer=false&objects=w922560084", "id_url": "https://www.openstreetmap.org/edit?editor=id&way=922560084#map=20/45.4443962/9.2263229"}}, {"type": "Feature", "geometry": {"type": "Point", "coordinates": [9.2361493, 45.4351317]}, "properties": {"id": 923387927, "feat_type": "way", "quality_categories": "older_than_five_years", "issue_ids": "[18]", "osm_url": "https://www.openstreetmap.org/way/923387927", "josm_url": "http://127.0.0.1:8111/load_object?new_layer=false&objects=w923387927", "id_url": "https://www.openstreetmap.org/edit?editor=id&way=923387927#map=20/45.4351317/9.2361493"}}, {"type": "Feature", "geometry": {"type": "Point", "coordinates": [9.2280892, 45.4407243]}, "properties": {"id": 923387936, "feat_type": "way", "quality_categories": "missing_tags, older_than_five_years", "issue_ids": "[18, 1]", "osm_url": "https://www.openstreetmap.org/way/923387936", "josm_url": "http://127.0.0.1:8111/load_object?new_layer=false&objects=w923387936", "id_url": "https://www.openstreetmap.org/edit?editor=id&way=923387936#map=20/45.4407243/9.2280892"}}, {"type": "Feature", "geometry": {"type": "Point", "coordinates": [9.2265183, 45.4405491]}, "properties": {"id": 923387937, "feat_type": "way", "quality_categories": "missing_tags, older_than_five_years", "issue_ids": "[18, 1]", "osm_url": "https://www.openstreetmap.org/way/923387937", "josm_url": "http://127.0.0.1:8111/load_object?new_layer=false&objects=w923387937", "id_url": "https://www.openstreetmap.org/edit?editor=id&way=923387937#map=20/45.4405491/9.2265183"}}, {"type": "Feature", "geometry": {"type": "Point", "coordinates": [9.2284975, 45.4379178]}, "properties": {"id": 923387954, "feat_type": "way", "quality_categories": "missing_tags, older_than_five_years", "issue_ids": "[18, 1]", "osm_url": "https://www.openstreetmap.org/way/923387954", "josm_url": "http://127.0.0.1:8111/load_object?new_layer=false&objects=w923387954", "id_url": "https://www.openstreetmap.org/edit?editor=id&way=923387954#map=20/45.4379178/9.2284975"}}, {"type": "Feature", "geometry": {"type": "Point", "coordinates": [9.2240656, 45.4397524]}, "properties": {"id": 923411297, "feat_type": "way", "quality_categories": "missing_tags, older_than_five_years", "issue_ids": "[18, 1]", "osm_url": "https://www.openstreetmap.org/way/923411297", "josm_url": "http://127.0.0.1:8111/load_object?new_layer=false&objects=w923411297", "id_url": "https://www.openstreetmap.org/edit?editor=id&way=923411297#map=20/45.4397524/9.2240656"}}, {"type": "Feature", "geometry": {"type": "Point", "coordinates": [9.2255122, 45.4391595]}, "properties": {"id": 923411311, "feat_type": "way", "quality_categories": "missing_tags, older_than_five_years", "issue_ids": "[18, 1]", "osm_url": "https://www.openstreetmap.org/way/923411311", "josm_url": "http://127.0.0.1:8111/load_object?new_layer=false&objects=w923411311", "id_url": "https://www.openstreetmap.org/edit?editor=id&way=923411311#map=20/45.4391595/9.2255122"}}, {"type": "Feature", "geometry": {"type": "Point", "coordinates": [9.2256075, 45.4391114]}, "properties": {"id": 923411315, "feat_type": "way", "quality_categories": "missing_tags, older_than_five_years", "issue_ids": "[18, 1]", "osm_url": "https://www.openstreetmap.org/way/923411315", "josm_url": "http://127.0.0.1:8111/load_object?new_layer=false&objects=w923411315", "id_url": "https://www.openstreetmap.org/edit?editor=id&way=923411315#map=20/45.4391114/9.2256075"}}, {"type": "Feature", "geometry": {"type": "Point", "coordinates": [9.225069, 45.4392493]}, "properties": {"id": 923411316, "feat_type": "way", "quality_categories": "missing_tags, older_than_five_years", "issue_ids": "[18, 1]", "osm_url": "https://www.openstreetmap.org/way/923411316", "josm_url": "http://127.0.0.1:8111/load_object?new_layer=false&objects=w923411316", "id_url": "https://www.openstreetmap.org/edit?editor=id&way=923411316#map=20/45.4392493/9.225069"}}, {"type": "Feature", "geometry": {"type": "Point", "coordinates": [9.2251355, 45.4393183]}, "properties": {"id": 923411317, "feat_type": "way", "quality_categories": "missing_tags, older_than_five_years", "issue_ids": "[18, 1]", "osm_url": "https://www.openstreetmap.org/way/923411317", "josm_url": "http://127.0.0.1:8111/load_object?new_layer=false&objects=w923411317", "id_url": "https://www.openstreetmap.org/edit?editor=id&way=923411317#map=20/45.4393183/9.2251355"}}, {"type": "Feature", "geometry": {"type": "Point", "coordinates": [9.2244735, 45.4395934]}, "properties": {"id": 923418193, "feat_type": "way", "quality_categories": "missing_tags, older_than_five_years", "issue_ids": "[18, 1]", "osm_url": "https://www.openstreetmap.org/way/923418193", "josm_url": "http://127.0.0.1:8111/load_object?new_layer=false&objects=w923418193", "id_url": "https://www.openstreetmap.org/edit?editor=id&way=923418193#map=20/45.4395934/9.2244735"}}, {"type": "Feature", "geometry": {"type": "Point", "coordinates": [9.2189216, 45.4360944]}, "properties": {"id": 923818922, "feat_type": "way", "quality_categories": "missing_tags, older_than_five_years", "issue_ids": "[202, 1]", "osm_url": "https://www.openstreetmap.org/way/923818922", "josm_url": "http://127.0.0.1:8111/load_object?new_layer=false&objects=w923818922", "id_url": "https://www.openstreetmap.org/edit?editor=id&way=923818922#map=20/45.4360944/9.2189216"}}, {"type": "Feature", "geometry": {"type": "Point", "coordinates": [9.2244462, 45.4332107]}, "properties": {"id": 923841434, "feat_type": "way", "quality_categories": "missing_tags, older_than_five_years", "issue_ids": "[55, 1]", "osm_url": "https://www.openstreetmap.org/way/923841434", "josm_url": "http://127.0.0.1:8111/load_object?new_layer=false&objects=w923841434", "id_url": "https://www.openstreetmap.org/edit?editor=id&way=923841434#map=20/45.4332107/9.2244462"}}, {"type": "Feature", "geometry": {"type": "Point", "coordinates": [9.2262411, 45.4351535]}, "properties": {"id": 923841441, "feat_type": "way", "quality_categories": "missing_tags, older_than_five_years", "issue_ids": "[55, 1]", "osm_url": "https://www.openstreetmap.org/way/923841441", "josm_url": "http://127.0.0.1:8111/load_object?new_layer=false&objects=w923841441", "id_url": "https://www.openstreetmap.org/edit?editor=id&way=923841441#map=20/45.4351535/9.2262411"}}, {"type": "Feature", "geometry": {"type": "Point", "coordinates": [9.2256734, 45.4350428]}, "properties": {"id": 923841442, "feat_type": "way", "quality_categories": "missing_tags, older_than_five_years", "issue_ids": "[202, 1]", "osm_url": "https://www.openstreetmap.org/way/923841442", "josm_url": "http://127.0.0.1:8111/load_object?new_layer=false&objects=w923841442", "id_url": "https://www.openstreetmap.org/edit?editor=id&way=923841442#map=20/45.4350428/9.2256734"}}, {"type": "Feature", "geometry": {"type": "Point", "coordinates": [9.2236166, 45.434793]}, "properties": {"id": 923841457, "feat_type": "way", "quality_categories": "missing_tags, older_than_five_years", "issue_ids": "[202, 1]", "osm_url": "https://www.openstreetmap.org/way/923841457", "josm_url": "http://127.0.0.1:8111/load_object?new_layer=false&objects=w923841457", "id_url": "https://www.openstreetmap.org/edit?editor=id&way=923841457#map=20/45.434793/9.2236166"}}, {"type": "Feature", "geometry": {"type": "Point", "coordinates": [9.2298849, 45.436822]}, "properties": {"id": 924381329, "feat_type": "way", "quality_categories": "missing_tags, older_than_five_years", "issue_ids": "[55, 1]", "osm_url": "https://www.openstreetmap.org/way/924381329", "josm_url": "http://127.0.0.1:8111/load_object?new_layer=false&objects=w924381329", "id_url": "https://www.openstreetmap.org/edit?editor=id&way=924381329#map=20/45.436822/9.2298849"}}, {"type": "Feature", "geometry": {"type": "Point", "coordinates": [9.224184, 45.4316269]}, "properties": {"id": 924381341, "feat_type": "way", "quality_categories": "missing_tags, older_than_five_years", "issue_ids": "[55, 1]", "osm_url": "https://www.openstreetmap.org/way/924381341", "josm_url": "http://127.0.0.1:8111/load_object?new_layer=false&objects=w924381341", "id_url": "https://www.openstreetmap.org/edit?editor=id&way=924381341#map=20/45.4316269/9.224184"}}, {"type": "Feature", "geometry": {"type": "Point", "coordinates": [9.2290159, 45.4412127]}, "properties": {"id": 924400996, "feat_type": "way", "quality_categories": "missing_tags, older_than_five_years", "issue_ids": "[55, 1]", "osm_url": "https://www.openstreetmap.org/way/924400996", "josm_url": "http://127.0.0.1:8111/load_object?new_layer=false&objects=w924400996", "id_url": "https://www.openstreetmap.org/edit?editor=id&way=924400996#map=20/45.4412127/9.2290159"}}, {"type": "Feature", "geometry": {"type": "Point", "coordinates": [9.2277784, 45.4410647]}, "properties": {"id": 924400998, "feat_type": "way", "quality_categories": "missing_tags, older_than_five_years", "issue_ids": "[55, 1]", "osm_url": "https://www.openstreetmap.org/way/924400998", "josm_url": "http://127.0.0.1:8111/load_object?new_layer=false&objects=w924400998", "id_url": "https://www.openstreetmap.org/edit?editor=id&way=924400998#map=20/45.4410647/9.2277784"}}, {"type": "Feature", "geometry": {"type": "Point", "coordinates": [9.2287282, 45.4413703]}, "properties": {"id": 924400999, "feat_type": "way", "quality_categories": "missing_tags, older_than_five_years", "issue_ids": "[55, 1]", "osm_url": "https://www.openstreetmap.org/way/924400999", "josm_url": "http://127.0.0.1:8111/load_object?new_layer=false&objects=w924400999", "id_url": "https://www.openstreetmap.org/edit?editor=id&way=924400999#map=20/45.4413703/9.2287282"}}, {"type": "Feature", "geometry": {"type": "Point", "coordinates": [9.2276332, 45.4410081]}, "properties": {"id": 924401001, "feat_type": "way", "quality_categories": "missing_tags, older_than_five_years", "issue_ids": "[55, 1]", "osm_url": "https://www.openstreetmap.org/way/924401001", "josm_url": "http://127.0.0.1:8111/load_object?new_layer=false&objects=w924401001", "id_url": "https://www.openstreetmap.org/edit?editor=id&way=924401001#map=20/45.4410081/9.2276332"}}, {"type": "Feature", "geometry": {"type": "Point", "coordinates": [9.2275816, 45.4411821]}, "properties": {"id": 924401004, "feat_type": "way", "quality_categories": "missing_tags, older_than_five_years", "issue_ids": "[55, 1]", "osm_url": "https://www.openstreetmap.org/way/924401004", "josm_url": "http://127.0.0.1:8111/load_object?new_layer=false&objects=w924401004", "id_url": "https://www.openstreetmap.org/edit?editor=id&way=924401004#map=20/45.4411821/9.2275816"}}, {"type": "Feature", "geometry": {"type": "Point", "coordinates": [9.227388, 45.441285]}, "properties": {"id": 924401005, "feat_type": "way", "quality_categories": "missing_tags, older_than_five_years", "issue_ids": "[55, 1]", "osm_url": "https://www.openstreetmap.org/way/924401005", "josm_url": "http://127.0.0.1:8111/load_object?new_layer=false&objects=w924401005", "id_url": "https://www.openstreetmap.org/edit?editor=id&way=924401005#map=20/45.441285/9.227388"}}, {"type": "Feature", "geometry": {"type": "Point", "coordinates": [9.2272577, 45.4422859]}, "properties": {"id": 924401006, "feat_type": "way", "quality_categories": "missing_tags, older_than_five_years", "issue_ids": "[55, 1]", "osm_url": "https://www.openstreetmap.org/way/924401006", "josm_url": "http://127.0.0.1:8111/load_object?new_layer=false&objects=w924401006", "id_url": "https://www.openstreetmap.org/edit?editor=id&way=924401006#map=20/45.4422859/9.2272577"}}, {"type": "Feature", "geometry": {"type": "Point", "coordinates": [9.2270236, 45.4415015]}, "properties": {"id": 924401007, "feat_type": "way", "quality_categories": "missing_tags, older_than_five_years", "issue_ids": "[55, 1]", "osm_url": "https://www.openstreetmap.org/way/924401007", "josm_url": "http://127.0.0.1:8111/load_object?new_layer=false&objects=w924401007", "id_url": "https://www.openstreetmap.org/edit?editor=id&way=924401007#map=20/45.4415015/9.2270236"}}, {"type": "Feature", "geometry": {"type": "Point", "coordinates": [9.1904432, 45.4930504]}, "properties": {"id": 927661881, "feat_type": "way", "quality_categories": "older_than_five_years", "issue_ids": "[63]", "osm_url": "https://www.openstreetmap.org/way/927661881", "josm_url": "http://127.0.0.1:8111/load_object?new_layer=false&objects=w927661881", "id_url": "https://www.openstreetmap.org/edit?editor=id&way=927661881#map=20/45.4930504/9.1904432"}}, {"type": "Feature", "geometry": {"type": "Point", "coordinates": [9.1892425, 45.4898999]}, "properties": {"id": 927819507, "feat_type": "way", "quality_categories": "older_than_five_years", "issue_ids": "[213]", "osm_url": "https://www.openstreetmap.org/way/927819507", "josm_url": "http://127.0.0.1:8111/load_object?new_layer=false&objects=w927819507", "id_url": "https://www.openstreetmap.org/edit?editor=id&way=927819507#map=20/45.4898999/9.1892425"}}, {"type": "Feature", "geometry": {"type": "Point", "coordinates": [9.1827518, 45.4877693]}, "properties": {"id": 928812326, "feat_type": "way", "quality_categories": "older_than_five_years", "issue_ids": "[21]", "osm_url": "https://www.openstreetmap.org/way/928812326", "josm_url": "http://127.0.0.1:8111/load_object?new_layer=false&objects=w928812326", "id_url": "https://www.openstreetmap.org/edit?editor=id&way=928812326#map=20/45.4877693/9.1827518"}}, {"type": "Feature", "geometry": {"type": "Point", "coordinates": [9.1893879, 45.4878236]}, "properties": {"id": 928818765, "feat_type": "way", "quality_categories": "older_than_five_years", "issue_ids": "[214]", "osm_url": "https://www.openstreetmap.org/way/928818765", "josm_url": "http://127.0.0.1:8111/load_object?new_layer=false&objects=w928818765", "id_url": "https://www.openstreetmap.org/edit?editor=id&way=928818765#map=20/45.4878236/9.1893879"}}, {"type": "Feature", "geometry": {"type": "Point", "coordinates": [9.1900884, 45.4885001]}, "properties": {"id": 928818781, "feat_type": "way", "quality_categories": "older_than_five_years", "issue_ids": "[215]", "osm_url": "https://www.openstreetmap.org/way/928818781", "josm_url": "http://127.0.0.1:8111/load_object?new_layer=false&objects=w928818781", "id_url": "https://www.openstreetmap.org/edit?editor=id&way=928818781#map=20/45.4885001/9.1900884"}}, {"type": "Feature", "geometry": {"type": "Point", "coordinates": [9.1890094, 45.4881261]}, "properties": {"id": 928818788, "feat_type": "way", "quality_categories": "older_than_five_years", "issue_ids": "[216]", "osm_url": "https://www.openstreetmap.org/way/928818788", "josm_url": "http://127.0.0.1:8111/load_object?new_layer=false&objects=w928818788", "id_url": "https://www.openstreetmap.org/edit?editor=id&way=928818788#map=20/45.4881261/9.1890094"}}, {"type": "Feature", "geometry": {"type": "Point", "coordinates": [9.1875974, 45.4882046]}, "properties": {"id": 930606073, "feat_type": "way", "quality_categories": "older_than_five_years", "issue_ids": "[63]", "osm_url": "https://www.openstreetmap.org/way/930606073", "josm_url": "http://127.0.0.1:8111/load_object?new_layer=false&objects=w930606073", "id_url": "https://www.openstreetmap.org/edit?editor=id&way=930606073#map=20/45.4882046/9.1875974"}}, {"type": "Feature", "geometry": {"type": "Point", "coordinates": [9.1915796, 45.4871758]}, "properties": {"id": 930643287, "feat_type": "way", "quality_categories": "older_than_five_years", "issue_ids": "[151]", "osm_url": "https://www.openstreetmap.org/way/930643287", "josm_url": "http://127.0.0.1:8111/load_object?new_layer=false&objects=w930643287", "id_url": "https://www.openstreetmap.org/edit?editor=id&way=930643287#map=20/45.4871758/9.1915796"}}, {"type": "Feature", "geometry": {"type": "Point", "coordinates": [9.1926121, 45.4868215]}, "properties": {"id": 930643294, "feat_type": "way", "quality_categories": "older_than_five_years", "issue_ids": "[217]", "osm_url": "https://www.openstreetmap.org/way/930643294", "josm_url": "http://127.0.0.1:8111/load_object?new_layer=false&objects=w930643294", "id_url": "https://www.openstreetmap.org/edit?editor=id&way=930643294#map=20/45.4868215/9.1926121"}}, {"type": "Feature", "geometry": {"type": "Point", "coordinates": [9.1944012, 45.4862395]}, "properties": {"id": 930643303, "feat_type": "way", "quality_categories": "older_than_five_years", "issue_ids": "[151]", "osm_url": "https://www.openstreetmap.org/way/930643303", "josm_url": "http://127.0.0.1:8111/load_object?new_layer=false&objects=w930643303", "id_url": "https://www.openstreetmap.org/edit?editor=id&way=930643303#map=20/45.4862395/9.1944012"}}, {"type": "Feature", "geometry": {"type": "Point", "coordinates": [9.1888595, 45.4899764]}, "properties": {"id": 932393500, "feat_type": "way", "quality_categories": "older_than_five_years", "issue_ids": "[218]", "osm_url": "https://www.openstreetmap.org/way/932393500", "josm_url": "http://127.0.0.1:8111/load_object?new_layer=false&objects=w932393500", "id_url": "https://www.openstreetmap.org/edit?editor=id&way=932393500#map=20/45.4899764/9.1888595"}}, {"type": "Feature", "geometry": {"type": "Point", "coordinates": [9.1901346, 45.4888907]}, "properties": {"id": 932613696, "feat_type": "way", "quality_categories": "older_than_five_years", "issue_ids": "[151]", "osm_url": "https://www.openstreetmap.org/way/932613696", "josm_url": "http://127.0.0.1:8111/load_object?new_layer=false&objects=w932613696", "id_url": "https://www.openstreetmap.org/edit?editor=id&way=932613696#map=20/45.4888907/9.1901346"}}, {"type": "Feature", "geometry": {"type": "Point", "coordinates": [9.1913154, 45.4882768]}, "properties": {"id": 932613708, "feat_type": "way", "quality_categories": "older_than_five_years", "issue_ids": "[151]", "osm_url": "https://www.openstreetmap.org/way/932613708", "josm_url": "http://127.0.0.1:8111/load_object?new_layer=false&objects=w932613708", "id_url": "https://www.openstreetmap.org/edit?editor=id&way=932613708#map=20/45.4882768/9.1913154"}}, {"type": "Feature", "geometry": {"type": "Point", "coordinates": [9.1911005, 45.4882578]}, "properties": {"id": 932613709, "feat_type": "way", "quality_categories": "older_than_five_years", "issue_ids": "[151]", "osm_url": "https://www.openstreetmap.org/way/932613709", "josm_url": "http://127.0.0.1:8111/load_object?new_layer=false&objects=w932613709", "id_url": "https://www.openstreetmap.org/edit?editor=id&way=932613709#map=20/45.4882578/9.1911005"}}, {"type": "Feature", "geometry": {"type": "Point", "coordinates": [9.1907937, 45.4888054]}, "properties": {"id": 933172636, "feat_type": "way", "quality_categories": "older_than_five_years", "issue_ids": "[151]", "osm_url": "https://www.openstreetmap.org/way/933172636", "josm_url": "http://127.0.0.1:8111/load_object?new_layer=false&objects=w933172636", "id_url": "https://www.openstreetmap.org/edit?editor=id&way=933172636#map=20/45.4888054/9.1907937"}}, {"type": "Feature", "geometry": {"type": "Point", "coordinates": [9.1908487, 45.489091]}, "properties": {"id": 933209137, "feat_type": "way", "quality_categories": "older_than_five_years", "issue_ids": "[151]", "osm_url": "https://www.openstreetmap.org/way/933209137", "josm_url": "http://127.0.0.1:8111/load_object?new_layer=false&objects=w933209137", "id_url": "https://www.openstreetmap.org/edit?editor=id&way=933209137#map=20/45.489091/9.1908487"}}, {"type": "Feature", "geometry": {"type": "Point", "coordinates": [9.1914982, 45.4892357]}, "properties": {"id": 933209140, "feat_type": "way", "quality_categories": "older_than_five_years", "issue_ids": "[151]", "osm_url": "https://www.openstreetmap.org/way/933209140", "josm_url": "http://127.0.0.1:8111/load_object?new_layer=false&objects=w933209140", "id_url": "https://www.openstreetmap.org/edit?editor=id&way=933209140#map=20/45.4892357/9.1914982"}}, {"type": "Feature", "geometry": {"type": "Point", "coordinates": [9.1902251, 45.4865518]}, "properties": {"id": 933210191, "feat_type": "way", "quality_categories": "older_than_five_years", "issue_ids": "[21]", "osm_url": "https://www.openstreetmap.org/way/933210191", "josm_url": "http://127.0.0.1:8111/load_object?new_layer=false&objects=w933210191", "id_url": "https://www.openstreetmap.org/edit?editor=id&way=933210191#map=20/45.4865518/9.1902251"}}, {"type": "Feature", "geometry": {"type": "Point", "coordinates": [9.1887693, 45.4869443]}, "properties": {"id": 933210192, "feat_type": "way", "quality_categories": "older_than_five_years", "issue_ids": "[219]", "osm_url": "https://www.openstreetmap.org/way/933210192", "josm_url": "http://127.0.0.1:8111/load_object?new_layer=false&objects=w933210192", "id_url": "https://www.openstreetmap.org/edit?editor=id&way=933210192#map=20/45.4869443/9.1887693"}}, {"type": "Feature", "geometry": {"type": "Point", "coordinates": [9.1574572, 45.4873162]}, "properties": {"id": 935458625, "feat_type": "way", "quality_categories": "missing_tags, older_than_five_years", "issue_ids": "[220, 1]", "osm_url": "https://www.openstreetmap.org/way/935458625", "josm_url": "http://127.0.0.1:8111/load_object?new_layer=false&objects=w935458625", "id_url": "https://www.openstreetmap.org/edit?editor=id&way=935458625#map=20/45.4873162/9.1574572"}}, {"type": "Feature", "geometry": {"type": "Point", "coordinates": [9.1908195, 45.4892127]}, "properties": {"id": 936491139, "feat_type": "way", "quality_categories": "older_than_five_years", "issue_ids": "[151]", "osm_url": "https://www.openstreetmap.org/way/936491139", "josm_url": "http://127.0.0.1:8111/load_object?new_layer=false&objects=w936491139", "id_url": "https://www.openstreetmap.org/edit?editor=id&way=936491139#map=20/45.4892127/9.1908195"}}, {"type": "Feature", "geometry": {"type": "Point", "coordinates": [9.2055092, 45.485261]}, "properties": {"id": 936646955, "feat_type": "way", "quality_categories": "older_than_five_years", "issue_ids": "[221]", "osm_url": "https://www.openstreetmap.org/way/936646955", "josm_url": "http://127.0.0.1:8111/load_object?new_layer=false&objects=w936646955", "id_url": "https://www.openstreetmap.org/edit?editor=id&way=936646955#map=20/45.485261/9.2055092"}}, {"type": "Feature", "geometry": {"type": "Point", "coordinates": [9.2053527, 45.4851057]}, "properties": {"id": 936646956, "feat_type": "way", "quality_categories": "older_than_five_years", "issue_ids": "[221]", "osm_url": "https://www.openstreetmap.org/way/936646956", "josm_url": "http://127.0.0.1:8111/load_object?new_layer=false&objects=w936646956", "id_url": "https://www.openstreetmap.org/edit?editor=id&way=936646956#map=20/45.4851057/9.2053527"}}, {"type": "Feature", "geometry": {"type": "Point", "coordinates": [9.2057157, 45.4851671]}, "properties": {"id": 936646957, "feat_type": "way", "quality_categories": "older_than_five_years", "issue_ids": "[221]", "osm_url": "https://www.openstreetmap.org/way/936646957", "josm_url": "http://127.0.0.1:8111/load_object?new_layer=false&objects=w936646957", "id_url": "https://www.openstreetmap.org/edit?editor=id&way=936646957#map=20/45.4851671/9.2057157"}}, {"type": "Feature", "geometry": {"type": "Point", "coordinates": [9.2056114, 45.4852095]}, "properties": {"id": 936646958, "feat_type": "way", "quality_categories": "older_than_five_years", "issue_ids": "[221]", "osm_url": "https://www.openstreetmap.org/way/936646958", "josm_url": "http://127.0.0.1:8111/load_object?new_layer=false&objects=w936646958", "id_url": "https://www.openstreetmap.org/edit?editor=id&way=936646958#map=20/45.4852095/9.2056114"}}, {"type": "Feature", "geometry": {"type": "Point", "coordinates": [9.2058194, 45.4849865]}, "properties": {"id": 936646959, "feat_type": "way", "quality_categories": "older_than_five_years", "issue_ids": "[221]", "osm_url": "https://www.openstreetmap.org/way/936646959", "josm_url": "http://127.0.0.1:8111/load_object?new_layer=false&objects=w936646959", "id_url": "https://www.openstreetmap.org/edit?editor=id&way=936646959#map=20/45.4849865/9.2058194"}}, {"type": "Feature", "geometry": {"type": "Point", "coordinates": [9.2045853, 45.4848276]}, "properties": {"id": 936646992, "feat_type": "way", "quality_categories": "older_than_five_years", "issue_ids": "[221]", "osm_url": "https://www.openstreetmap.org/way/936646992", "josm_url": "http://127.0.0.1:8111/load_object?new_layer=false&objects=w936646992", "id_url": "https://www.openstreetmap.org/edit?editor=id&way=936646992#map=20/45.4848276/9.2045853"}}, {"type": "Feature", "geometry": {"type": "Point", "coordinates": [9.2059035, 45.4855178]}, "properties": {"id": 936646996, "feat_type": "way", "quality_categories": "older_than_five_years", "issue_ids": "[221]", "osm_url": "https://www.openstreetmap.org/way/936646996", "josm_url": "http://127.0.0.1:8111/load_object?new_layer=false&objects=w936646996", "id_url": "https://www.openstreetmap.org/edit?editor=id&way=936646996#map=20/45.4855178/9.2059035"}}, {"type": "Feature", "geometry": {"type": "Point", "coordinates": [9.1655011, 45.4776122]}, "properties": {"id": 937834657, "feat_type": "way", "quality_categories": "missing_tags, older_than_five_years", "issue_ids": "[135, 1]", "osm_url": "https://www.openstreetmap.org/way/937834657", "josm_url": "http://127.0.0.1:8111/load_object?new_layer=false&objects=w937834657", "id_url": "https://www.openstreetmap.org/edit?editor=id&way=937834657#map=20/45.4776122/9.1655011"}}, {"type": "Feature", "geometry": {"type": "Point", "coordinates": [9.1815951, 45.4966027]}, "properties": {"id": 940480052, "feat_type": "way", "quality_categories": "missing_tags, older_than_five_years", "issue_ids": "[222, 1]", "osm_url": "https://www.openstreetmap.org/way/940480052", "josm_url": "http://127.0.0.1:8111/load_object?new_layer=false&objects=w940480052", "id_url": "https://www.openstreetmap.org/edit?editor=id&way=940480052#map=20/45.4966027/9.1815951"}}, {"type": "Feature", "geometry": {"type": "Point", "coordinates": [9.1773411, 45.503217]}, "properties": {"id": 940480832, "feat_type": "way", "quality_categories": "missing_tags, older_than_five_years", "issue_ids": "[69, 1]", "osm_url": "https://www.openstreetmap.org/way/940480832", "josm_url": "http://127.0.0.1:8111/load_object?new_layer=false&objects=w940480832", "id_url": "https://www.openstreetmap.org/edit?editor=id&way=940480832#map=20/45.503217/9.1773411"}}, {"type": "Feature", "geometry": {"type": "Point", "coordinates": [9.1780896, 45.5034596]}, "properties": {"id": 940483346, "feat_type": "way", "quality_categories": "missing_tags, older_than_five_years", "issue_ids": "[223, 1]", "osm_url": "https://www.openstreetmap.org/way/940483346", "josm_url": "http://127.0.0.1:8111/load_object?new_layer=false&objects=w940483346", "id_url": "https://www.openstreetmap.org/edit?editor=id&way=940483346#map=20/45.5034596/9.1780896"}}, {"type": "Feature", "geometry": {"type": "Point", "coordinates": [9.1728103, 45.5035813]}, "properties": {"id": 940486537, "feat_type": "way", "quality_categories": "missing_tags, older_than_five_years", "issue_ids": "[168, 1]", "osm_url": "https://www.openstreetmap.org/way/940486537", "josm_url": "http://127.0.0.1:8111/load_object?new_layer=false&objects=w940486537", "id_url": "https://www.openstreetmap.org/edit?editor=id&way=940486537#map=20/45.5035813/9.1728103"}}, {"type": "Feature", "geometry": {"type": "Point", "coordinates": [9.1725864, 45.5028187]}, "properties": {"id": 940486539, "feat_type": "way", "quality_categories": "missing_tags, older_than_five_years", "issue_ids": "[223, 1]", "osm_url": "https://www.openstreetmap.org/way/940486539", "josm_url": "http://127.0.0.1:8111/load_object?new_layer=false&objects=w940486539", "id_url": "https://www.openstreetmap.org/edit?editor=id&way=940486539#map=20/45.5028187/9.1725864"}}, {"type": "Feature", "geometry": {"type": "Point", "coordinates": [9.1760339, 45.4952791]}, "properties": {"id": 940710063, "feat_type": "way", "quality_categories": "older_than_five_years", "issue_ids": "[191]", "osm_url": "https://www.openstreetmap.org/way/940710063", "josm_url": "http://127.0.0.1:8111/load_object?new_layer=false&objects=w940710063", "id_url": "https://www.openstreetmap.org/edit?editor=id&way=940710063#map=20/45.4952791/9.1760339"}}, {"type": "Feature", "geometry": {"type": "Point", "coordinates": [9.1711311, 45.5031004]}, "properties": {"id": 940712329, "feat_type": "way", "quality_categories": "missing_tags, older_than_five_years", "issue_ids": "[191, 1]", "osm_url": "https://www.openstreetmap.org/way/940712329", "josm_url": "http://127.0.0.1:8111/load_object?new_layer=false&objects=w940712329", "id_url": "https://www.openstreetmap.org/edit?editor=id&way=940712329#map=20/45.5031004/9.1711311"}}, {"type": "Feature", "geometry": {"type": "Point", "coordinates": [9.2366969, 45.4561773]}, "properties": {"id": 941724845, "feat_type": "way", "quality_categories": "missing_tags, older_than_five_years", "issue_ids": "[69, 1]", "osm_url": "https://www.openstreetmap.org/way/941724845", "josm_url": "http://127.0.0.1:8111/load_object?new_layer=false&objects=w941724845", "id_url": "https://www.openstreetmap.org/edit?editor=id&way=941724845#map=20/45.4561773/9.2366969"}}, {"type": "Feature", "geometry": {"type": "Point", "coordinates": [9.2354726, 45.45617]}, "properties": {"id": 941724848, "feat_type": "way", "quality_categories": "missing_tags, older_than_five_years", "issue_ids": "[69, 1]", "osm_url": "https://www.openstreetmap.org/way/941724848", "josm_url": "http://127.0.0.1:8111/load_object?new_layer=false&objects=w941724848", "id_url": "https://www.openstreetmap.org/edit?editor=id&way=941724848#map=20/45.45617/9.2354726"}}, {"type": "Feature", "geometry": {"type": "Point", "coordinates": [9.2354726, 45.45617]}, "properties": {"id": 941724849, "feat_type": "way", "quality_categories": "missing_tags, older_than_five_years", "issue_ids": "[69, 1]", "osm_url": "https://www.openstreetmap.org/way/941724849", "josm_url": "http://127.0.0.1:8111/load_object?new_layer=false&objects=w941724849", "id_url": "https://www.openstreetmap.org/edit?editor=id&way=941724849#map=20/45.45617/9.2354726"}}, {"type": "Feature", "geometry": {"type": "Point", "coordinates": [9.2352199, 45.4563433]}, "properties": {"id": 941724851, "feat_type": "way", "quality_categories": "missing_tags, older_than_five_years", "issue_ids": "[69, 1]", "osm_url": "https://www.openstreetmap.org/way/941724851", "josm_url": "http://127.0.0.1:8111/load_object?new_layer=false&objects=w941724851", "id_url": "https://www.openstreetmap.org/edit?editor=id&way=941724851#map=20/45.4563433/9.2352199"}}, {"type": "Feature", "geometry": {"type": "Point", "coordinates": [9.2338993, 45.4563374]}, "properties": {"id": 941724853, "feat_type": "way", "quality_categories": "missing_tags, older_than_five_years", "issue_ids": "[69, 1]", "osm_url": "https://www.openstreetmap.org/way/941724853", "josm_url": "http://127.0.0.1:8111/load_object?new_layer=false&objects=w941724853", "id_url": "https://www.openstreetmap.org/edit?editor=id&way=941724853#map=20/45.4563374/9.2338993"}}, {"type": "Feature", "geometry": {"type": "Point", "coordinates": [9.1768764, 45.5026544]}, "properties": {"id": 941810896, "feat_type": "way", "quality_categories": "older_than_five_years", "issue_ids": "[69]", "osm_url": "https://www.openstreetmap.org/way/941810896", "josm_url": "http://127.0.0.1:8111/load_object?new_layer=false&objects=w941810896", "id_url": "https://www.openstreetmap.org/edit?editor=id&way=941810896#map=20/45.5026544/9.1768764"}}, {"type": "Feature", "geometry": {"type": "Point", "coordinates": [9.1772514, 45.5039976]}, "properties": {"id": 941812776, "feat_type": "way", "quality_categories": "missing_tags, older_than_five_years", "issue_ids": "[69, 1]", "osm_url": "https://www.openstreetmap.org/way/941812776", "josm_url": "http://127.0.0.1:8111/load_object?new_layer=false&objects=w941812776", "id_url": "https://www.openstreetmap.org/edit?editor=id&way=941812776#map=20/45.5039976/9.1772514"}}, {"type": "Feature", "geometry": {"type": "Point", "coordinates": [9.1777872, 45.5046997]}, "properties": {"id": 942153491, "feat_type": "way", "quality_categories": "missing_tags, older_than_five_years", "issue_ids": "[222, 1]", "osm_url": "https://www.openstreetmap.org/way/942153491", "josm_url": "http://127.0.0.1:8111/load_object?new_layer=false&objects=w942153491", "id_url": "https://www.openstreetmap.org/edit?editor=id&way=942153491#map=20/45.5046997/9.1777872"}}, {"type": "Feature", "geometry": {"type": "Point", "coordinates": [9.1825388, 45.4877435]}, "properties": {"id": 942468925, "feat_type": "way", "quality_categories": "older_than_five_years", "issue_ids": "[21]", "osm_url": "https://www.openstreetmap.org/way/942468925", "josm_url": "http://127.0.0.1:8111/load_object?new_layer=false&objects=w942468925", "id_url": "https://www.openstreetmap.org/edit?editor=id&way=942468925#map=20/45.4877435/9.1825388"}}, {"type": "Feature", "geometry": {"type": "Point", "coordinates": [9.1828497, 45.4890296]}, "properties": {"id": 942468926, "feat_type": "way", "quality_categories": "older_than_five_years", "issue_ids": "[21]", "osm_url": "https://www.openstreetmap.org/way/942468926", "josm_url": "http://127.0.0.1:8111/load_object?new_layer=false&objects=w942468926", "id_url": "https://www.openstreetmap.org/edit?editor=id&way=942468926#map=20/45.4890296/9.1828497"}}, {"type": "Feature", "geometry": {"type": "Point", "coordinates": [9.1827767, 45.488872]}, "properties": {"id": 942468927, "feat_type": "way", "quality_categories": "older_than_five_years", "issue_ids": "[21]", "osm_url": "https://www.openstreetmap.org/way/942468927", "josm_url": "http://127.0.0.1:8111/load_object?new_layer=false&objects=w942468927", "id_url": "https://www.openstreetmap.org/edit?editor=id&way=942468927#map=20/45.488872/9.1827767"}}, {"type": "Feature", "geometry": {"type": "Point", "coordinates": [9.1829298, 45.4890129]}, "properties": {"id": 942501414, "feat_type": "way", "quality_categories": "older_than_five_years", "issue_ids": "[21]", "osm_url": "https://www.openstreetmap.org/way/942501414", "josm_url": "http://127.0.0.1:8111/load_object?new_layer=false&objects=w942501414", "id_url": "https://www.openstreetmap.org/edit?editor=id&way=942501414#map=20/45.4890129/9.1829298"}}, {"type": "Feature", "geometry": {"type": "Point", "coordinates": [9.1898315, 45.488946]}, "properties": {"id": 942524205, "feat_type": "way", "quality_categories": "older_than_five_years", "issue_ids": "[21]", "osm_url": "https://www.openstreetmap.org/way/942524205", "josm_url": "http://127.0.0.1:8111/load_object?new_layer=false&objects=w942524205", "id_url": "https://www.openstreetmap.org/edit?editor=id&way=942524205#map=20/45.488946/9.1898315"}}, {"type": "Feature", "geometry": {"type": "Point", "coordinates": [9.1874885, 45.4878514]}, "properties": {"id": 942537986, "feat_type": "way", "quality_categories": "older_than_five_years", "issue_ids": "[21]", "osm_url": "https://www.openstreetmap.org/way/942537986", "josm_url": "http://127.0.0.1:8111/load_object?new_layer=false&objects=w942537986", "id_url": "https://www.openstreetmap.org/edit?editor=id&way=942537986#map=20/45.4878514/9.1874885"}}, {"type": "Feature", "geometry": {"type": "Point", "coordinates": [9.1827108, 45.4878257]}, "properties": {"id": 942583569, "feat_type": "way", "quality_categories": "older_than_five_years", "issue_ids": "[21]", "osm_url": "https://www.openstreetmap.org/way/942583569", "josm_url": "http://127.0.0.1:8111/load_object?new_layer=false&objects=w942583569", "id_url": "https://www.openstreetmap.org/edit?editor=id&way=942583569#map=20/45.4878257/9.1827108"}}, {"type": "Feature", "geometry": {"type": "Point", "coordinates": [9.1793608, 45.5055912]}, "properties": {"id": 943857745, "feat_type": "way", "quality_categories": "missing_tags, older_than_five_years", "issue_ids": "[90, 1]", "osm_url": "https://www.openstreetmap.org/way/943857745", "josm_url": "http://127.0.0.1:8111/load_object?new_layer=false&objects=w943857745", "id_url": "https://www.openstreetmap.org/edit?editor=id&way=943857745#map=20/45.5055912/9.1793608"}}, {"type": "Feature", "geometry": {"type": "Point", "coordinates": [9.1786943, 45.505595]}, "properties": {"id": 943857959, "feat_type": "way", "quality_categories": "missing_tags, older_than_five_years", "issue_ids": "[90, 1]", "osm_url": "https://www.openstreetmap.org/way/943857959", "josm_url": "http://127.0.0.1:8111/load_object?new_layer=false&objects=w943857959", "id_url": "https://www.openstreetmap.org/edit?editor=id&way=943857959#map=20/45.505595/9.1786943"}}, {"type": "Feature", "geometry": {"type": "Point", "coordinates": [9.1792552, 45.5057393]}, "properties": {"id": 943857960, "feat_type": "way", "quality_categories": "missing_tags, older_than_five_years", "issue_ids": "[90, 1]", "osm_url": "https://www.openstreetmap.org/way/943857960", "josm_url": "http://127.0.0.1:8111/load_object?new_layer=false&objects=w943857960", "id_url": "https://www.openstreetmap.org/edit?editor=id&way=943857960#map=20/45.5057393/9.1792552"}}, {"type": "Feature", "geometry": {"type": "Point", "coordinates": [9.1787439, 45.505532]}, "properties": {"id": 943858768, "feat_type": "way", "quality_categories": "missing_tags, older_than_five_years", "issue_ids": "[90, 1]", "osm_url": "https://www.openstreetmap.org/way/943858768", "josm_url": "http://127.0.0.1:8111/load_object?new_layer=false&objects=w943858768", "id_url": "https://www.openstreetmap.org/edit?editor=id&way=943858768#map=20/45.505532/9.1787439"}}, {"type": "Feature", "geometry": {"type": "Point", "coordinates": [9.2281656, 45.4463982]}, "properties": {"id": 943942978, "feat_type": "way", "quality_categories": "missing_tags, older_than_five_years", "issue_ids": "[19, 1]", "osm_url": "https://www.openstreetmap.org/way/943942978", "josm_url": "http://127.0.0.1:8111/load_object?new_layer=false&objects=w943942978", "id_url": "https://www.openstreetmap.org/edit?editor=id&way=943942978#map=20/45.4463982/9.2281656"}}, {"type": "Feature", "geometry": {"type": "Point", "coordinates": [9.2280006, 45.4462016]}, "properties": {"id": 943942979, "feat_type": "way", "quality_categories": "missing_tags, older_than_five_years", "issue_ids": "[90, 1]", "osm_url": "https://www.openstreetmap.org/way/943942979", "josm_url": "http://127.0.0.1:8111/load_object?new_layer=false&objects=w943942979", "id_url": "https://www.openstreetmap.org/edit?editor=id&way=943942979#map=20/45.4462016/9.2280006"}}, {"type": "Feature", "geometry": {"type": "Point", "coordinates": [9.2283074, 45.4461952]}, "properties": {"id": 943942980, "feat_type": "way", "quality_categories": "missing_tags, older_than_five_years", "issue_ids": "[90, 1]", "osm_url": "https://www.openstreetmap.org/way/943942980", "josm_url": "http://127.0.0.1:8111/load_object?new_layer=false&objects=w943942980", "id_url": "https://www.openstreetmap.org/edit?editor=id&way=943942980#map=20/45.4461952/9.2283074"}}, {"type": "Feature", "geometry": {"type": "Point", "coordinates": [9.2273703, 45.44622]}, "properties": {"id": 943942981, "feat_type": "way", "quality_categories": "missing_tags, older_than_five_years", "issue_ids": "[90, 1]", "osm_url": "https://www.openstreetmap.org/way/943942981", "josm_url": "http://127.0.0.1:8111/load_object?new_layer=false&objects=w943942981", "id_url": "https://www.openstreetmap.org/edit?editor=id&way=943942981#map=20/45.44622/9.2273703"}}, {"type": "Feature", "geometry": {"type": "Point", "coordinates": [9.2296529, 45.4434073]}, "properties": {"id": 943942988, "feat_type": "way", "quality_categories": "missing_tags, older_than_five_years", "issue_ids": "[19, 1]", "osm_url": "https://www.openstreetmap.org/way/943942988", "josm_url": "http://127.0.0.1:8111/load_object?new_layer=false&objects=w943942988", "id_url": "https://www.openstreetmap.org/edit?editor=id&way=943942988#map=20/45.4434073/9.2296529"}}, {"type": "Feature", "geometry": {"type": "Point", "coordinates": [9.2259351, 45.4421672]}, "properties": {"id": 943942991, "feat_type": "way", "quality_categories": "missing_tags, older_than_five_years", "issue_ids": "[90, 1]", "osm_url": "https://www.openstreetmap.org/way/943942991", "josm_url": "http://127.0.0.1:8111/load_object?new_layer=false&objects=w943942991", "id_url": "https://www.openstreetmap.org/edit?editor=id&way=943942991#map=20/45.4421672/9.2259351"}}, {"type": "Feature", "geometry": {"type": "Point", "coordinates": [9.2265604, 45.4418126]}, "properties": {"id": 943942994, "feat_type": "way", "quality_categories": "missing_tags, older_than_five_years", "issue_ids": "[90, 1]", "osm_url": "https://www.openstreetmap.org/way/943942994", "josm_url": "http://127.0.0.1:8111/load_object?new_layer=false&objects=w943942994", "id_url": "https://www.openstreetmap.org/edit?editor=id&way=943942994#map=20/45.4418126/9.2265604"}}, {"type": "Feature", "geometry": {"type": "Point", "coordinates": [9.2270887, 45.44231]}, "properties": {"id": 943942995, "feat_type": "way", "quality_categories": "missing_tags, older_than_five_years", "issue_ids": "[86, 1]", "osm_url": "https://www.openstreetmap.org/way/943942995", "josm_url": "http://127.0.0.1:8111/load_object?new_layer=false&objects=w943942995", "id_url": "https://www.openstreetmap.org/edit?editor=id&way=943942995#map=20/45.44231/9.2270887"}}, {"type": "Feature", "geometry": {"type": "Point", "coordinates": [9.2273422, 45.4429808]}, "properties": {"id": 943942998, "feat_type": "way", "quality_categories": "missing_tags, older_than_five_years", "issue_ids": "[86, 1]", "osm_url": "https://www.openstreetmap.org/way/943942998", "josm_url": "http://127.0.0.1:8111/load_object?new_layer=false&objects=w943942998", "id_url": "https://www.openstreetmap.org/edit?editor=id&way=943942998#map=20/45.4429808/9.2273422"}}, {"type": "Feature", "geometry": {"type": "Point", "coordinates": [9.2268741, 45.4435623]}, "properties": {"id": 943943000, "feat_type": "way", "quality_categories": "missing_tags, older_than_five_years", "issue_ids": "[90, 1]", "osm_url": "https://www.openstreetmap.org/way/943943000", "josm_url": "http://127.0.0.1:8111/load_object?new_layer=false&objects=w943943000", "id_url": "https://www.openstreetmap.org/edit?editor=id&way=943943000#map=20/45.4435623/9.2268741"}}, {"type": "Feature", "geometry": {"type": "Point", "coordinates": [9.2268701, 45.4433562]}, "properties": {"id": 943943001, "feat_type": "way", "quality_categories": "missing_tags, older_than_five_years", "issue_ids": "[86, 1]", "osm_url": "https://www.openstreetmap.org/way/943943001", "josm_url": "http://127.0.0.1:8111/load_object?new_layer=false&objects=w943943001", "id_url": "https://www.openstreetmap.org/edit?editor=id&way=943943001#map=20/45.4433562/9.2268701"}}, {"type": "Feature", "geometry": {"type": "Point", "coordinates": [9.2262009, 45.4435322]}, "properties": {"id": 943943002, "feat_type": "way", "quality_categories": "missing_tags, older_than_five_years", "issue_ids": "[86, 1]", "osm_url": "https://www.openstreetmap.org/way/943943002", "josm_url": "http://127.0.0.1:8111/load_object?new_layer=false&objects=w943943002", "id_url": "https://www.openstreetmap.org/edit?editor=id&way=943943002#map=20/45.4435322/9.2262009"}}, {"type": "Feature", "geometry": {"type": "Point", "coordinates": [9.2262378, 45.4432536]}, "properties": {"id": 943943003, "feat_type": "way", "quality_categories": "missing_tags, older_than_five_years", "issue_ids": "[86, 1]", "osm_url": "https://www.openstreetmap.org/way/943943003", "josm_url": "http://127.0.0.1:8111/load_object?new_layer=false&objects=w943943003", "id_url": "https://www.openstreetmap.org/edit?editor=id&way=943943003#map=20/45.4432536/9.2262378"}}, {"type": "Feature", "geometry": {"type": "Point", "coordinates": [9.2256186, 45.4427962]}, "properties": {"id": 943943005, "feat_type": "way", "quality_categories": "missing_tags, older_than_five_years", "issue_ids": "[90, 1]", "osm_url": "https://www.openstreetmap.org/way/943943005", "josm_url": "http://127.0.0.1:8111/load_object?new_layer=false&objects=w943943005", "id_url": "https://www.openstreetmap.org/edit?editor=id&way=943943005#map=20/45.4427962/9.2256186"}}, {"type": "Feature", "geometry": {"type": "Point", "coordinates": [9.2256785, 45.4426872]}, "properties": {"id": 943943006, "feat_type": "way", "quality_categories": "missing_tags, older_than_five_years", "issue_ids": "[90, 1]", "osm_url": "https://www.openstreetmap.org/way/943943006", "josm_url": "http://127.0.0.1:8111/load_object?new_layer=false&objects=w943943006", "id_url": "https://www.openstreetmap.org/edit?editor=id&way=943943006#map=20/45.4426872/9.2256785"}}, {"type": "Feature", "geometry": {"type": "Point", "coordinates": [9.2258046, 45.44261]}, "properties": {"id": 943943007, "feat_type": "way", "quality_categories": "missing_tags, older_than_five_years", "issue_ids": "[90, 1]", "osm_url": "https://www.openstreetmap.org/way/943943007", "josm_url": "http://127.0.0.1:8111/load_object?new_layer=false&objects=w943943007", "id_url": "https://www.openstreetmap.org/edit?editor=id&way=943943007#map=20/45.44261/9.2258046"}}, {"type": "Feature", "geometry": {"type": "Point", "coordinates": [9.2259873, 45.4425775]}, "properties": {"id": 943943008, "feat_type": "way", "quality_categories": "missing_tags, older_than_five_years", "issue_ids": "[90, 1]", "osm_url": "https://www.openstreetmap.org/way/943943008", "josm_url": "http://127.0.0.1:8111/load_object?new_layer=false&objects=w943943008", "id_url": "https://www.openstreetmap.org/edit?editor=id&way=943943008#map=20/45.4425775/9.2259873"}}, {"type": "Feature", "geometry": {"type": "Point", "coordinates": [9.2260719, 45.4425273]}, "properties": {"id": 943943009, "feat_type": "way", "quality_categories": "missing_tags, older_than_five_years", "issue_ids": "[90, 1]", "osm_url": "https://www.openstreetmap.org/way/943943009", "josm_url": "http://127.0.0.1:8111/load_object?new_layer=false&objects=w943943009", "id_url": "https://www.openstreetmap.org/edit?editor=id&way=943943009#map=20/45.4425273/9.2260719"}}, {"type": "Feature", "geometry": {"type": "Point", "coordinates": [9.226115, 45.4424266]}, "properties": {"id": 943943010, "feat_type": "way", "quality_categories": "missing_tags, older_than_five_years", "issue_ids": "[90, 1]", "osm_url": "https://www.openstreetmap.org/way/943943010", "josm_url": "http://127.0.0.1:8111/load_object?new_layer=false&objects=w943943010", "id_url": "https://www.openstreetmap.org/edit?editor=id&way=943943010#map=20/45.4424266/9.226115"}}, {"type": "Feature", "geometry": {"type": "Point", "coordinates": [9.2258562, 45.4426553]}, "properties": {"id": 943943011, "feat_type": "way", "quality_categories": "missing_tags, older_than_five_years", "issue_ids": "[90, 1]", "osm_url": "https://www.openstreetmap.org/way/943943011", "josm_url": "http://127.0.0.1:8111/load_object?new_layer=false&objects=w943943011", "id_url": "https://www.openstreetmap.org/edit?editor=id&way=943943011#map=20/45.4426553/9.2258562"}}, {"type": "Feature", "geometry": {"type": "Point", "coordinates": [9.2259363, 45.442781]}, "properties": {"id": 943943012, "feat_type": "way", "quality_categories": "missing_tags, older_than_five_years", "issue_ids": "[86, 1]", "osm_url": "https://www.openstreetmap.org/way/943943012", "josm_url": "http://127.0.0.1:8111/load_object?new_layer=false&objects=w943943012", "id_url": "https://www.openstreetmap.org/edit?editor=id&way=943943012#map=20/45.442781/9.2259363"}}, {"type": "Feature", "geometry": {"type": "Point", "coordinates": [9.2252212, 45.4426055]}, "properties": {"id": 943943014, "feat_type": "way", "quality_categories": "missing_tags, older_than_five_years", "issue_ids": "[86, 1]", "osm_url": "https://www.openstreetmap.org/way/943943014", "josm_url": "http://127.0.0.1:8111/load_object?new_layer=false&objects=w943943014", "id_url": "https://www.openstreetmap.org/edit?editor=id&way=943943014#map=20/45.4426055/9.2252212"}}, {"type": "Feature", "geometry": {"type": "Point", "coordinates": [9.225415, 45.4434465]}, "properties": {"id": 943943015, "feat_type": "way", "quality_categories": "missing_tags, older_than_five_years", "issue_ids": "[90, 1]", "osm_url": "https://www.openstreetmap.org/way/943943015", "josm_url": "http://127.0.0.1:8111/load_object?new_layer=false&objects=w943943015", "id_url": "https://www.openstreetmap.org/edit?editor=id&way=943943015#map=20/45.4434465/9.225415"}}, {"type": "Feature", "geometry": {"type": "Point", "coordinates": [9.2252028, 45.4434083]}, "properties": {"id": 943943017, "feat_type": "way", "quality_categories": "missing_tags, older_than_five_years", "issue_ids": "[90, 1]", "osm_url": "https://www.openstreetmap.org/way/943943017", "josm_url": "http://127.0.0.1:8111/load_object?new_layer=false&objects=w943943017", "id_url": "https://www.openstreetmap.org/edit?editor=id&way=943943017#map=20/45.4434083/9.2252028"}}, {"type": "Feature", "geometry": {"type": "Point", "coordinates": [9.2252769, 45.4434719]}, "properties": {"id": 943943018, "feat_type": "way", "quality_categories": "missing_tags, older_than_five_years", "issue_ids": "[90, 1]", "osm_url": "https://www.openstreetmap.org/way/943943018", "josm_url": "http://127.0.0.1:8111/load_object?new_layer=false&objects=w943943018", "id_url": "https://www.openstreetmap.org/edit?editor=id&way=943943018#map=20/45.4434719/9.2252769"}}, {"type": "Feature", "geometry": {"type": "Point", "coordinates": [9.2257152, 45.4438062]}, "properties": {"id": 943943022, "feat_type": "way", "quality_categories": "missing_tags, older_than_five_years", "issue_ids": "[90, 1]", "osm_url": "https://www.openstreetmap.org/way/943943022", "josm_url": "http://127.0.0.1:8111/load_object?new_layer=false&objects=w943943022", "id_url": "https://www.openstreetmap.org/edit?editor=id&way=943943022#map=20/45.4438062/9.2257152"}}, {"type": "Feature", "geometry": {"type": "Point", "coordinates": [9.2257583, 45.4435166]}, "properties": {"id": 943943023, "feat_type": "way", "quality_categories": "missing_tags, older_than_five_years", "issue_ids": "[86, 1]", "osm_url": "https://www.openstreetmap.org/way/943943023", "josm_url": "http://127.0.0.1:8111/load_object?new_layer=false&objects=w943943023", "id_url": "https://www.openstreetmap.org/edit?editor=id&way=943943023#map=20/45.4435166/9.2257583"}}, {"type": "Feature", "geometry": {"type": "Point", "coordinates": [9.2260084, 45.443766]}, "properties": {"id": 943943024, "feat_type": "way", "quality_categories": "missing_tags, older_than_five_years", "issue_ids": "[90, 1]", "osm_url": "https://www.openstreetmap.org/way/943943024", "josm_url": "http://127.0.0.1:8111/load_object?new_layer=false&objects=w943943024", "id_url": "https://www.openstreetmap.org/edit?editor=id&way=943943024#map=20/45.443766/9.2260084"}}, {"type": "Feature", "geometry": {"type": "Point", "coordinates": [9.2261954, 45.4438341]}, "properties": {"id": 943943026, "feat_type": "way", "quality_categories": "missing_tags, older_than_five_years", "issue_ids": "[90, 1]", "osm_url": "https://www.openstreetmap.org/way/943943026", "josm_url": "http://127.0.0.1:8111/load_object?new_layer=false&objects=w943943026", "id_url": "https://www.openstreetmap.org/edit?editor=id&way=943943026#map=20/45.4438341/9.2261954"}}, {"type": "Feature", "geometry": {"type": "Point", "coordinates": [9.2314459, 45.4450057]}, "properties": {"id": 944190759, "feat_type": "way", "quality_categories": "missing_tags, older_than_five_years", "issue_ids": "[19, 1]", "osm_url": "https://www.openstreetmap.org/way/944190759", "josm_url": "http://127.0.0.1:8111/load_object?new_layer=false&objects=w944190759", "id_url": "https://www.openstreetmap.org/edit?editor=id&way=944190759#map=20/45.4450057/9.2314459"}}, {"type": "Feature", "geometry": {"type": "Point", "coordinates": [9.2297689, 45.4452071]}, "properties": {"id": 944190762, "feat_type": "way", "quality_categories": "missing_tags, older_than_five_years", "issue_ids": "[19, 1]", "osm_url": "https://www.openstreetmap.org/way/944190762", "josm_url": "http://127.0.0.1:8111/load_object?new_layer=false&objects=w944190762", "id_url": "https://www.openstreetmap.org/edit?editor=id&way=944190762#map=20/45.4452071/9.2297689"}}, {"type": "Feature", "geometry": {"type": "Point", "coordinates": [9.2314459, 45.4450057]}, "properties": {"id": 944190764, "feat_type": "way", "quality_categories": "missing_tags, older_than_five_years", "issue_ids": "[19, 1]", "osm_url": "https://www.openstreetmap.org/way/944190764", "josm_url": "http://127.0.0.1:8111/load_object?new_layer=false&objects=w944190764", "id_url": "https://www.openstreetmap.org/edit?editor=id&way=944190764#map=20/45.4450057/9.2314459"}}, {"type": "Feature", "geometry": {"type": "Point", "coordinates": [9.2316672, 45.4441118]}, "properties": {"id": 944190769, "feat_type": "way", "quality_categories": "missing_tags, older_than_five_years", "issue_ids": "[19, 1]", "osm_url": "https://www.openstreetmap.org/way/944190769", "josm_url": "http://127.0.0.1:8111/load_object?new_layer=false&objects=w944190769", "id_url": "https://www.openstreetmap.org/edit?editor=id&way=944190769#map=20/45.4441118/9.2316672"}}, {"type": "Feature", "geometry": {"type": "Point", "coordinates": [9.2317286, 45.4452366]}, "properties": {"id": 944190772, "feat_type": "way", "quality_categories": "missing_tags, older_than_five_years", "issue_ids": "[19, 1]", "osm_url": "https://www.openstreetmap.org/way/944190772", "josm_url": "http://127.0.0.1:8111/load_object?new_layer=false&objects=w944190772", "id_url": "https://www.openstreetmap.org/edit?editor=id&way=944190772#map=20/45.4452366/9.2317286"}}, {"type": "Feature", "geometry": {"type": "Point", "coordinates": [9.2316562, 45.4436683]}, "properties": {"id": 944190774, "feat_type": "way", "quality_categories": "missing_tags, older_than_five_years", "issue_ids": "[19, 1]", "osm_url": "https://www.openstreetmap.org/way/944190774", "josm_url": "http://127.0.0.1:8111/load_object?new_layer=false&objects=w944190774", "id_url": "https://www.openstreetmap.org/edit?editor=id&way=944190774#map=20/45.4436683/9.2316562"}}, {"type": "Feature", "geometry": {"type": "Point", "coordinates": [9.234051, 45.4386005]}, "properties": {"id": 944190779, "feat_type": "way", "quality_categories": "missing_tags, older_than_five_years", "issue_ids": "[19, 1]", "osm_url": "https://www.openstreetmap.org/way/944190779", "josm_url": "http://127.0.0.1:8111/load_object?new_layer=false&objects=w944190779", "id_url": "https://www.openstreetmap.org/edit?editor=id&way=944190779#map=20/45.4386005/9.234051"}}, {"type": "Feature", "geometry": {"type": "Point", "coordinates": [9.2303345, 45.4446631]}, "properties": {"id": 944233206, "feat_type": "way", "quality_categories": "missing_tags, older_than_five_years", "issue_ids": "[19, 1]", "osm_url": "https://www.openstreetmap.org/way/944233206", "josm_url": "http://127.0.0.1:8111/load_object?new_layer=false&objects=w944233206", "id_url": "https://www.openstreetmap.org/edit?editor=id&way=944233206#map=20/45.4446631/9.2303345"}}, {"type": "Feature", "geometry": {"type": "Point", "coordinates": [9.2305062, 45.4447289]}, "properties": {"id": 944233208, "feat_type": "way", "quality_categories": "missing_tags, older_than_five_years", "issue_ids": "[19, 1]", "osm_url": "https://www.openstreetmap.org/way/944233208", "josm_url": "http://127.0.0.1:8111/load_object?new_layer=false&objects=w944233208", "id_url": "https://www.openstreetmap.org/edit?editor=id&way=944233208#map=20/45.4447289/9.2305062"}}, {"type": "Feature", "geometry": {"type": "Point", "coordinates": [9.2307224, 45.4446067]}, "properties": {"id": 944233209, "feat_type": "way", "quality_categories": "missing_tags, older_than_five_years", "issue_ids": "[19, 1]", "osm_url": "https://www.openstreetmap.org/way/944233209", "josm_url": "http://127.0.0.1:8111/load_object?new_layer=false&objects=w944233209", "id_url": "https://www.openstreetmap.org/edit?editor=id&way=944233209#map=20/45.4446067/9.2307224"}}, {"type": "Feature", "geometry": {"type": "Point", "coordinates": [9.2489388, 45.514275]}, "properties": {"id": 944584643, "feat_type": "way", "quality_categories": "missing_tags, older_than_five_years", "issue_ids": "[86, 1]", "osm_url": "https://www.openstreetmap.org/way/944584643", "josm_url": "http://127.0.0.1:8111/load_object?new_layer=false&objects=w944584643", "id_url": "https://www.openstreetmap.org/edit?editor=id&way=944584643#map=20/45.514275/9.2489388"}}, {"type": "Feature", "geometry": {"type": "Point", "coordinates": [9.2255076, 45.442862]}, "properties": {"id": 944686594, "feat_type": "way", "quality_categories": "missing_tags, older_than_five_years", "issue_ids": "[86, 1]", "osm_url": "https://www.openstreetmap.org/way/944686594", "josm_url": "http://127.0.0.1:8111/load_object?new_layer=false&objects=w944686594", "id_url": "https://www.openstreetmap.org/edit?editor=id&way=944686594#map=20/45.442862/9.2255076"}}, {"type": "Feature", "geometry": {"type": "Point", "coordinates": [9.2262783, 45.4424049]}, "properties": {"id": 944686595, "feat_type": "way", "quality_categories": "missing_tags, older_than_five_years", "issue_ids": "[86, 1]", "osm_url": "https://www.openstreetmap.org/way/944686595", "josm_url": "http://127.0.0.1:8111/load_object?new_layer=false&objects=w944686595", "id_url": "https://www.openstreetmap.org/edit?editor=id&way=944686595#map=20/45.4424049/9.2262783"}}, {"type": "Feature", "geometry": {"type": "Point", "coordinates": [9.2270464, 45.4427766]}, "properties": {"id": 944686598, "feat_type": "way", "quality_categories": "missing_tags, older_than_five_years", "issue_ids": "[86, 1]", "osm_url": "https://www.openstreetmap.org/way/944686598", "josm_url": "http://127.0.0.1:8111/load_object?new_layer=false&objects=w944686598", "id_url": "https://www.openstreetmap.org/edit?editor=id&way=944686598#map=20/45.4427766/9.2270464"}}, {"type": "Feature", "geometry": {"type": "Point", "coordinates": [9.2269988, 45.4423599]}, "properties": {"id": 944686599, "feat_type": "way", "quality_categories": "missing_tags, older_than_five_years", "issue_ids": "[86, 1]", "osm_url": "https://www.openstreetmap.org/way/944686599", "josm_url": "http://127.0.0.1:8111/load_object?new_layer=false&objects=w944686599", "id_url": "https://www.openstreetmap.org/edit?editor=id&way=944686599#map=20/45.4423599/9.2269988"}}, {"type": "Feature", "geometry": {"type": "Point", "coordinates": [9.2269945, 45.4422191]}, "properties": {"id": 944686600, "feat_type": "way", "quality_categories": "missing_tags, older_than_five_years", "issue_ids": "[86, 1]", "osm_url": "https://www.openstreetmap.org/way/944686600", "josm_url": "http://127.0.0.1:8111/load_object?new_layer=false&objects=w944686600", "id_url": "https://www.openstreetmap.org/edit?editor=id&way=944686600#map=20/45.4422191/9.2269945"}}, {"type": "Feature", "geometry": {"type": "Point", "coordinates": [9.2269988, 45.4423599]}, "properties": {"id": 944686601, "feat_type": "way", "quality_categories": "missing_tags, older_than_five_years", "issue_ids": "[86, 1]", "osm_url": "https://www.openstreetmap.org/way/944686601", "josm_url": "http://127.0.0.1:8111/load_object?new_layer=false&objects=w944686601", "id_url": "https://www.openstreetmap.org/edit?editor=id&way=944686601#map=20/45.4423599/9.2269988"}}, {"type": "Feature", "geometry": {"type": "Point", "coordinates": [9.2266421, 45.4429949]}, "properties": {"id": 944686605, "feat_type": "way", "quality_categories": "missing_tags, older_than_five_years", "issue_ids": "[86, 1]", "osm_url": "https://www.openstreetmap.org/way/944686605", "josm_url": "http://127.0.0.1:8111/load_object?new_layer=false&objects=w944686605", "id_url": "https://www.openstreetmap.org/edit?editor=id&way=944686605#map=20/45.4429949/9.2266421"}}, {"type": "Feature", "geometry": {"type": "Point", "coordinates": [9.2266917, 45.4430231]}, "properties": {"id": 944686606, "feat_type": "way", "quality_categories": "missing_tags, older_than_five_years", "issue_ids": "[86, 1]", "osm_url": "https://www.openstreetmap.org/way/944686606", "josm_url": "http://127.0.0.1:8111/load_object?new_layer=false&objects=w944686606", "id_url": "https://www.openstreetmap.org/edit?editor=id&way=944686606#map=20/45.4430231/9.2266917"}}, {"type": "Feature", "geometry": {"type": "Point", "coordinates": [9.2263685, 45.4431963]}, "properties": {"id": 944686607, "feat_type": "way", "quality_categories": "missing_tags, older_than_five_years", "issue_ids": "[86, 1]", "osm_url": "https://www.openstreetmap.org/way/944686607", "josm_url": "http://127.0.0.1:8111/load_object?new_layer=false&objects=w944686607", "id_url": "https://www.openstreetmap.org/edit?editor=id&way=944686607#map=20/45.4431963/9.2263685"}}, {"type": "Feature", "geometry": {"type": "Point", "coordinates": [9.2265518, 45.4427599]}, "properties": {"id": 944686608, "feat_type": "way", "quality_categories": "missing_tags, older_than_five_years", "issue_ids": "[86, 1]", "osm_url": "https://www.openstreetmap.org/way/944686608", "josm_url": "http://127.0.0.1:8111/load_object?new_layer=false&objects=w944686608", "id_url": "https://www.openstreetmap.org/edit?editor=id&way=944686608#map=20/45.4427599/9.2265518"}}, {"type": "Feature", "geometry": {"type": "Point", "coordinates": [9.226116, 45.4429151]}, "properties": {"id": 944686609, "feat_type": "way", "quality_categories": "missing_tags, older_than_five_years", "issue_ids": "[86, 1]", "osm_url": "https://www.openstreetmap.org/way/944686609", "josm_url": "http://127.0.0.1:8111/load_object?new_layer=false&objects=w944686609", "id_url": "https://www.openstreetmap.org/edit?editor=id&way=944686609#map=20/45.4429151/9.226116"}}, {"type": "Feature", "geometry": {"type": "Point", "coordinates": [9.226107, 45.4431238]}, "properties": {"id": 944686610, "feat_type": "way", "quality_categories": "missing_tags, older_than_five_years", "issue_ids": "[86, 1]", "osm_url": "https://www.openstreetmap.org/way/944686610", "josm_url": "http://127.0.0.1:8111/load_object?new_layer=false&objects=w944686610", "id_url": "https://www.openstreetmap.org/edit?editor=id&way=944686610#map=20/45.4431238/9.226107"}}, {"type": "Feature", "geometry": {"type": "Point", "coordinates": [9.2256812, 45.4434969]}, "properties": {"id": 944686612, "feat_type": "way", "quality_categories": "missing_tags, older_than_five_years", "issue_ids": "[86, 1]", "osm_url": "https://www.openstreetmap.org/way/944686612", "josm_url": "http://127.0.0.1:8111/load_object?new_layer=false&objects=w944686612", "id_url": "https://www.openstreetmap.org/edit?editor=id&way=944686612#map=20/45.4434969/9.2256812"}}, {"type": "Feature", "geometry": {"type": "Point", "coordinates": [9.2372694, 45.4339761]}, "properties": {"id": 944747298, "feat_type": "way", "quality_categories": "missing_tags, older_than_five_years", "issue_ids": "[86, 1]", "osm_url": "https://www.openstreetmap.org/way/944747298", "josm_url": "http://127.0.0.1:8111/load_object?new_layer=false&objects=w944747298", "id_url": "https://www.openstreetmap.org/edit?editor=id&way=944747298#map=20/45.4339761/9.2372694"}}, {"type": "Feature", "geometry": {"type": "Point", "coordinates": [9.2276565, 45.4411373]}, "properties": {"id": 944770669, "feat_type": "way", "quality_categories": "missing_tags, older_than_five_years", "issue_ids": "[86, 1]", "osm_url": "https://www.openstreetmap.org/way/944770669", "josm_url": "http://127.0.0.1:8111/load_object?new_layer=false&objects=w944770669", "id_url": "https://www.openstreetmap.org/edit?editor=id&way=944770669#map=20/45.4411373/9.2276565"}}, {"type": "Feature", "geometry": {"type": "Point", "coordinates": [9.2292455, 45.4447431]}, "properties": {"id": 944770679, "feat_type": "way", "quality_categories": "missing_tags, older_than_five_years", "issue_ids": "[86, 1]", "osm_url": "https://www.openstreetmap.org/way/944770679", "josm_url": "http://127.0.0.1:8111/load_object?new_layer=false&objects=w944770679", "id_url": "https://www.openstreetmap.org/edit?editor=id&way=944770679#map=20/45.4447431/9.2292455"}}, {"type": "Feature", "geometry": {"type": "Point", "coordinates": [9.2155562, 45.4413137]}, "properties": {"id": 944770722, "feat_type": "way", "quality_categories": "missing_tags, older_than_five_years", "issue_ids": "[86, 1]", "osm_url": "https://www.openstreetmap.org/way/944770722", "josm_url": "http://127.0.0.1:8111/load_object?new_layer=false&objects=w944770722", "id_url": "https://www.openstreetmap.org/edit?editor=id&way=944770722#map=20/45.4413137/9.2155562"}}, {"type": "Feature", "geometry": {"type": "Point", "coordinates": [9.2155901, 45.441209]}, "properties": {"id": 944770725, "feat_type": "way", "quality_categories": "missing_tags, older_than_five_years", "issue_ids": "[86, 1]", "osm_url": "https://www.openstreetmap.org/way/944770725", "josm_url": "http://127.0.0.1:8111/load_object?new_layer=false&objects=w944770725", "id_url": "https://www.openstreetmap.org/edit?editor=id&way=944770725#map=20/45.441209/9.2155901"}}, {"type": "Feature", "geometry": {"type": "Point", "coordinates": [9.1774028, 45.504797]}, "properties": {"id": 945020109, "feat_type": "way", "quality_categories": "missing_tags, older_than_five_years", "issue_ids": "[168, 1]", "osm_url": "https://www.openstreetmap.org/way/945020109", "josm_url": "http://127.0.0.1:8111/load_object?new_layer=false&objects=w945020109", "id_url": "https://www.openstreetmap.org/edit?editor=id&way=945020109#map=20/45.504797/9.1774028"}}, {"type": "Feature", "geometry": {"type": "Point", "coordinates": [9.1376337, 45.507763]}, "properties": {"id": 945055645, "feat_type": "way", "quality_categories": "older_than_five_years", "issue_ids": "[168]", "osm_url": "https://www.openstreetmap.org/way/945055645", "josm_url": "http://127.0.0.1:8111/load_object?new_layer=false&objects=w945055645", "id_url": "https://www.openstreetmap.org/edit?editor=id&way=945055645#map=20/45.507763/9.1376337"}}, {"type": "Feature", "geometry": {"type": "Point", "coordinates": [9.2263288, 45.4389699]}, "properties": {"id": 945109034, "feat_type": "way", "quality_categories": "missing_tags, older_than_five_years", "issue_ids": "[168, 1]", "osm_url": "https://www.openstreetmap.org/way/945109034", "josm_url": "http://127.0.0.1:8111/load_object?new_layer=false&objects=w945109034", "id_url": "https://www.openstreetmap.org/edit?editor=id&way=945109034#map=20/45.4389699/9.2263288"}}, {"type": "Feature", "geometry": {"type": "Point", "coordinates": [9.2227305, 45.4407436]}, "properties": {"id": 945109036, "feat_type": "way", "quality_categories": "missing_tags, older_than_five_years", "issue_ids": "[168, 1]", "osm_url": "https://www.openstreetmap.org/way/945109036", "josm_url": "http://127.0.0.1:8111/load_object?new_layer=false&objects=w945109036", "id_url": "https://www.openstreetmap.org/edit?editor=id&way=945109036#map=20/45.4407436/9.2227305"}}, {"type": "Feature", "geometry": {"type": "Point", "coordinates": [9.2226867, 45.4406935]}, "properties": {"id": 945109037, "feat_type": "way", "quality_categories": "missing_tags, older_than_five_years", "issue_ids": "[168, 1]", "osm_url": "https://www.openstreetmap.org/way/945109037", "josm_url": "http://127.0.0.1:8111/load_object?new_layer=false&objects=w945109037", "id_url": "https://www.openstreetmap.org/edit?editor=id&way=945109037#map=20/45.4406935/9.2226867"}}, {"type": "Feature", "geometry": {"type": "Point", "coordinates": [9.2178013, 45.4431627]}, "properties": {"id": 945109062, "feat_type": "way", "quality_categories": "missing_tags, older_than_five_years", "issue_ids": "[168, 1]", "osm_url": "https://www.openstreetmap.org/way/945109062", "josm_url": "http://127.0.0.1:8111/load_object?new_layer=false&objects=w945109062", "id_url": "https://www.openstreetmap.org/edit?editor=id&way=945109062#map=20/45.4431627/9.2178013"}}, {"type": "Feature", "geometry": {"type": "Point", "coordinates": [9.2176837, 45.4431845]}, "properties": {"id": 945109063, "feat_type": "way", "quality_categories": "older_than_five_years", "issue_ids": "[168]", "osm_url": "https://www.openstreetmap.org/way/945109063", "josm_url": "http://127.0.0.1:8111/load_object?new_layer=false&objects=w945109063", "id_url": "https://www.openstreetmap.org/edit?editor=id&way=945109063#map=20/45.4431845/9.2176837"}}, {"type": "Feature", "geometry": {"type": "Point", "coordinates": [9.224371, 45.436887]}, "properties": {"id": 945109125, "feat_type": "way", "quality_categories": "missing_tags, older_than_five_years", "issue_ids": "[168, 1]", "osm_url": "https://www.openstreetmap.org/way/945109125", "josm_url": "http://127.0.0.1:8111/load_object?new_layer=false&objects=w945109125", "id_url": "https://www.openstreetmap.org/edit?editor=id&way=945109125#map=20/45.436887/9.224371"}}, {"type": "Feature", "geometry": {"type": "Point", "coordinates": [9.1708327, 45.5038693]}, "properties": {"id": 946943223, "feat_type": "way", "quality_categories": "missing_tags, older_than_five_years", "issue_ids": "[224, 1]", "osm_url": "https://www.openstreetmap.org/way/946943223", "josm_url": "http://127.0.0.1:8111/load_object?new_layer=false&objects=w946943223", "id_url": "https://www.openstreetmap.org/edit?editor=id&way=946943223#map=20/45.5038693/9.1708327"}}, {"type": "Feature", "geometry": {"type": "Point", "coordinates": [9.136281, 45.506997]}, "properties": {"id": 948213875, "feat_type": "way", "quality_categories": "older_than_five_years", "issue_ids": "[225]", "osm_url": "https://www.openstreetmap.org/way/948213875", "josm_url": "http://127.0.0.1:8111/load_object?new_layer=false&objects=w948213875", "id_url": "https://www.openstreetmap.org/edit?editor=id&way=948213875#map=20/45.506997/9.136281"}}, {"type": "Feature", "geometry": {"type": "Point", "coordinates": [9.16153, 45.4873194]}, "properties": {"id": 951279950, "feat_type": "way", "quality_categories": "missing_tags, older_than_five_years", "issue_ids": "[44, 1]", "osm_url": "https://www.openstreetmap.org/way/951279950", "josm_url": "http://127.0.0.1:8111/load_object?new_layer=false&objects=w951279950", "id_url": "https://www.openstreetmap.org/edit?editor=id&way=951279950#map=20/45.4873194/9.16153"}}, {"type": "Feature", "geometry": {"type": "Point", "coordinates": [9.16153, 45.4873194]}, "properties": {"id": 951279951, "feat_type": "way", "quality_categories": "older_than_five_years", "issue_ids": "[44]", "osm_url": "https://www.openstreetmap.org/way/951279951", "josm_url": "http://127.0.0.1:8111/load_object?new_layer=false&objects=w951279951", "id_url": "https://www.openstreetmap.org/edit?editor=id&way=951279951#map=20/45.4873194/9.16153"}}, {"type": "Feature", "geometry": {"type": "Point", "coordinates": [9.1609949, 45.4873324]}, "properties": {"id": 951279952, "feat_type": "way", "quality_categories": "older_than_five_years", "issue_ids": "[44]", "osm_url": "https://www.openstreetmap.org/way/951279952", "josm_url": "http://127.0.0.1:8111/load_object?new_layer=false&objects=w951279952", "id_url": "https://www.openstreetmap.org/edit?editor=id&way=951279952#map=20/45.4873324/9.1609949"}}, {"type": "Feature", "geometry": {"type": "Point", "coordinates": [9.1618194, 45.4873133]}, "properties": {"id": 951279955, "feat_type": "way", "quality_categories": "missing_tags, older_than_five_years", "issue_ids": "[44, 1]", "osm_url": "https://www.openstreetmap.org/way/951279955", "josm_url": "http://127.0.0.1:8111/load_object?new_layer=false&objects=w951279955", "id_url": "https://www.openstreetmap.org/edit?editor=id&way=951279955#map=20/45.4873133/9.1618194"}}, {"type": "Feature", "geometry": {"type": "Point", "coordinates": [9.1622543, 45.4880002]}, "properties": {"id": 951279957, "feat_type": "way", "quality_categories": "missing_tags, older_than_five_years", "issue_ids": "[44, 1]", "osm_url": "https://www.openstreetmap.org/way/951279957", "josm_url": "http://127.0.0.1:8111/load_object?new_layer=false&objects=w951279957", "id_url": "https://www.openstreetmap.org/edit?editor=id&way=951279957#map=20/45.4880002/9.1622543"}}, {"type": "Feature", "geometry": {"type": "Point", "coordinates": [9.1608571, 45.4880731]}, "properties": {"id": 951279959, "feat_type": "way", "quality_categories": "missing_tags, older_than_five_years", "issue_ids": "[44, 1]", "osm_url": "https://www.openstreetmap.org/way/951279959", "josm_url": "http://127.0.0.1:8111/load_object?new_layer=false&objects=w951279959", "id_url": "https://www.openstreetmap.org/edit?editor=id&way=951279959#map=20/45.4880731/9.1608571"}}, {"type": "Feature", "geometry": {"type": "Point", "coordinates": [9.1607723, 45.4876333]}, "properties": {"id": 951279961, "feat_type": "way", "quality_categories": "missing_tags, older_than_five_years", "issue_ids": "[44, 1]", "osm_url": "https://www.openstreetmap.org/way/951279961", "josm_url": "http://127.0.0.1:8111/load_object?new_layer=false&objects=w951279961", "id_url": "https://www.openstreetmap.org/edit?editor=id&way=951279961#map=20/45.4876333/9.1607723"}}, {"type": "Feature", "geometry": {"type": "Point", "coordinates": [9.2242126, 45.4466121]}, "properties": {"id": 951952164, "feat_type": "way", "quality_categories": "missing_tags, older_than_five_years", "issue_ids": "[212, 1]", "osm_url": "https://www.openstreetmap.org/way/951952164", "josm_url": "http://127.0.0.1:8111/load_object?new_layer=false&objects=w951952164", "id_url": "https://www.openstreetmap.org/edit?editor=id&way=951952164#map=20/45.4466121/9.2242126"}}, {"type": "Feature", "geometry": {"type": "Point", "coordinates": [9.2240148, 45.4466064]}, "properties": {"id": 951952165, "feat_type": "way", "quality_categories": "missing_tags, older_than_five_years", "issue_ids": "[212, 1]", "osm_url": "https://www.openstreetmap.org/way/951952165", "josm_url": "http://127.0.0.1:8111/load_object?new_layer=false&objects=w951952165", "id_url": "https://www.openstreetmap.org/edit?editor=id&way=951952165#map=20/45.4466064/9.2240148"}}, {"type": "Feature", "geometry": {"type": "Point", "coordinates": [9.2242175, 45.4461921]}, "properties": {"id": 951952166, "feat_type": "way", "quality_categories": "missing_tags, older_than_five_years", "issue_ids": "[212, 1]", "osm_url": "https://www.openstreetmap.org/way/951952166", "josm_url": "http://127.0.0.1:8111/load_object?new_layer=false&objects=w951952166", "id_url": "https://www.openstreetmap.org/edit?editor=id&way=951952166#map=20/45.4461921/9.2242175"}}, {"type": "Feature", "geometry": {"type": "Point", "coordinates": [9.2236778, 45.4972371]}, "properties": {"id": 954733446, "feat_type": "way", "quality_categories": "older_than_five_years, uncanny_keys", "issue_ids": "[226, 227]", "osm_url": "https://www.openstreetmap.org/way/954733446", "josm_url": "http://127.0.0.1:8111/load_object?new_layer=false&objects=w954733446", "id_url": "https://www.openstreetmap.org/edit?editor=id&way=954733446#map=20/45.4972371/9.2236778"}}, {"type": "Feature", "geometry": {"type": "Point", "coordinates": [9.1594002, 45.4876767]}, "properties": {"id": 955779342, "feat_type": "way", "quality_categories": "missing_tags, older_than_five_years", "issue_ids": "[40, 1]", "osm_url": "https://www.openstreetmap.org/way/955779342", "josm_url": "http://127.0.0.1:8111/load_object?new_layer=false&objects=w955779342", "id_url": "https://www.openstreetmap.org/edit?editor=id&way=955779342#map=20/45.4876767/9.1594002"}}, {"type": "Feature", "geometry": {"type": "Point", "coordinates": [9.1551679, 45.4878111]}, "properties": {"id": 955779353, "feat_type": "way", "quality_categories": "missing_tags, older_than_five_years", "issue_ids": "[228, 1]", "osm_url": "https://www.openstreetmap.org/way/955779353", "josm_url": "http://127.0.0.1:8111/load_object?new_layer=false&objects=w955779353", "id_url": "https://www.openstreetmap.org/edit?editor=id&way=955779353#map=20/45.4878111/9.1551679"}}, {"type": "Feature", "geometry": {"type": "Point", "coordinates": [9.1556058, 45.4875675]}, "properties": {"id": 955779354, "feat_type": "way", "quality_categories": "missing_tags, older_than_five_years", "issue_ids": "[40, 1]", "osm_url": "https://www.openstreetmap.org/way/955779354", "josm_url": "http://127.0.0.1:8111/load_object?new_layer=false&objects=w955779354", "id_url": "https://www.openstreetmap.org/edit?editor=id&way=955779354#map=20/45.4875675/9.1556058"}}, {"type": "Feature", "geometry": {"type": "Point", "coordinates": [9.233077, 45.4758769]}, "properties": {"id": 957454982, "feat_type": "way", "quality_categories": "older_than_five_years", "issue_ids": "[68]", "osm_url": "https://www.openstreetmap.org/way/957454982", "josm_url": "http://127.0.0.1:8111/load_object?new_layer=false&objects=w957454982", "id_url": "https://www.openstreetmap.org/edit?editor=id&way=957454982#map=20/45.4758769/9.233077"}}, {"type": "Feature", "geometry": {"type": "Point", "coordinates": [9.2336275, 45.4760356]}, "properties": {"id": 957454989, "feat_type": "way", "quality_categories": "older_than_five_years", "issue_ids": "[68]", "osm_url": "https://www.openstreetmap.org/way/957454989", "josm_url": "http://127.0.0.1:8111/load_object?new_layer=false&objects=w957454989", "id_url": "https://www.openstreetmap.org/edit?editor=id&way=957454989#map=20/45.4760356/9.2336275"}}, {"type": "Feature", "geometry": {"type": "Point", "coordinates": [9.1512348, 45.4996682]}, "properties": {"id": 957618830, "feat_type": "way", "quality_categories": "missing_tags, older_than_five_years", "issue_ids": "[68, 1]", "osm_url": "https://www.openstreetmap.org/way/957618830", "josm_url": "http://127.0.0.1:8111/load_object?new_layer=false&objects=w957618830", "id_url": "https://www.openstreetmap.org/edit?editor=id&way=957618830#map=20/45.4996682/9.1512348"}}, {"type": "Feature", "geometry": {"type": "Point", "coordinates": [9.150901, 45.5001751]}, "properties": {"id": 957661339, "feat_type": "way", "quality_categories": "missing_tags, older_than_five_years", "issue_ids": "[68, 1]", "osm_url": "https://www.openstreetmap.org/way/957661339", "josm_url": "http://127.0.0.1:8111/load_object?new_layer=false&objects=w957661339", "id_url": "https://www.openstreetmap.org/edit?editor=id&way=957661339#map=20/45.5001751/9.150901"}}, {"type": "Feature", "geometry": {"type": "Point", "coordinates": [9.1522729, 45.5000622]}, "properties": {"id": 957661340, "feat_type": "way", "quality_categories": "missing_tags, older_than_five_years", "issue_ids": "[68, 1]", "osm_url": "https://www.openstreetmap.org/way/957661340", "josm_url": "http://127.0.0.1:8111/load_object?new_layer=false&objects=w957661340", "id_url": "https://www.openstreetmap.org/edit?editor=id&way=957661340#map=20/45.5000622/9.1522729"}}, {"type": "Feature", "geometry": {"type": "Point", "coordinates": [9.1495685, 45.4990917]}, "properties": {"id": 957861899, "feat_type": "way", "quality_categories": "missing_tags, older_than_five_years", "issue_ids": "[229, 1]", "osm_url": "https://www.openstreetmap.org/way/957861899", "josm_url": "http://127.0.0.1:8111/load_object?new_layer=false&objects=w957861899", "id_url": "https://www.openstreetmap.org/edit?editor=id&way=957861899#map=20/45.4990917/9.1495685"}}, {"type": "Feature", "geometry": {"type": "Point", "coordinates": [9.1492034, 45.4992376]}, "properties": {"id": 957861900, "feat_type": "way", "quality_categories": "missing_tags, older_than_five_years", "issue_ids": "[229, 1]", "osm_url": "https://www.openstreetmap.org/way/957861900", "josm_url": "http://127.0.0.1:8111/load_object?new_layer=false&objects=w957861900", "id_url": "https://www.openstreetmap.org/edit?editor=id&way=957861900#map=20/45.4992376/9.1492034"}}, {"type": "Feature", "geometry": {"type": "Point", "coordinates": [9.1480058, 45.4997654]}, "properties": {"id": 957861903, "feat_type": "way", "quality_categories": "missing_tags, older_than_five_years", "issue_ids": "[229, 1]", "osm_url": "https://www.openstreetmap.org/way/957861903", "josm_url": "http://127.0.0.1:8111/load_object?new_layer=false&objects=w957861903", "id_url": "https://www.openstreetmap.org/edit?editor=id&way=957861903#map=20/45.4997654/9.1480058"}}, {"type": "Feature", "geometry": {"type": "Point", "coordinates": [9.1477007, 45.4999628]}, "properties": {"id": 957861904, "feat_type": "way", "quality_categories": "missing_tags, older_than_five_years", "issue_ids": "[229, 1]", "osm_url": "https://www.openstreetmap.org/way/957861904", "josm_url": "http://127.0.0.1:8111/load_object?new_layer=false&objects=w957861904", "id_url": "https://www.openstreetmap.org/edit?editor=id&way=957861904#map=20/45.4999628/9.1477007"}}, {"type": "Feature", "geometry": {"type": "Point", "coordinates": [9.1475505, 45.5000321]}, "properties": {"id": 957861906, "feat_type": "way", "quality_categories": "missing_tags, older_than_five_years", "issue_ids": "[229, 1]", "osm_url": "https://www.openstreetmap.org/way/957861906", "josm_url": "http://127.0.0.1:8111/load_object?new_layer=false&objects=w957861906", "id_url": "https://www.openstreetmap.org/edit?editor=id&way=957861906#map=20/45.5000321/9.1475505"}}, {"type": "Feature", "geometry": {"type": "Point", "coordinates": [9.1474375, 45.500093]}, "properties": {"id": 957861908, "feat_type": "way", "quality_categories": "missing_tags, older_than_five_years", "issue_ids": "[229, 1]", "osm_url": "https://www.openstreetmap.org/way/957861908", "josm_url": "http://127.0.0.1:8111/load_object?new_layer=false&objects=w957861908", "id_url": "https://www.openstreetmap.org/edit?editor=id&way=957861908#map=20/45.500093/9.1474375"}}, {"type": "Feature", "geometry": {"type": "Point", "coordinates": [9.1495138, 45.5003621]}, "properties": {"id": 957861919, "feat_type": "way", "quality_categories": "missing_tags, older_than_five_years", "issue_ids": "[229, 1]", "osm_url": "https://www.openstreetmap.org/way/957861919", "josm_url": "http://127.0.0.1:8111/load_object?new_layer=false&objects=w957861919", "id_url": "https://www.openstreetmap.org/edit?editor=id&way=957861919#map=20/45.5003621/9.1495138"}}, {"type": "Feature", "geometry": {"type": "Point", "coordinates": [9.1549226, 45.4888876]}, "properties": {"id": 959788112, "feat_type": "way", "quality_categories": "missing_tags, older_than_five_years", "issue_ids": "[230, 1]", "osm_url": "https://www.openstreetmap.org/way/959788112", "josm_url": "http://127.0.0.1:8111/load_object?new_layer=false&objects=w959788112", "id_url": "https://www.openstreetmap.org/edit?editor=id&way=959788112#map=20/45.4888876/9.1549226"}}, {"type": "Feature", "geometry": {"type": "Point", "coordinates": [9.1547922, 45.488799]}, "properties": {"id": 959788113, "feat_type": "way", "quality_categories": "missing_tags, older_than_five_years", "issue_ids": "[230, 1]", "osm_url": "https://www.openstreetmap.org/way/959788113", "josm_url": "http://127.0.0.1:8111/load_object?new_layer=false&objects=w959788113", "id_url": "https://www.openstreetmap.org/edit?editor=id&way=959788113#map=20/45.488799/9.1547922"}}, {"type": "Feature", "geometry": {"type": "Point", "coordinates": [9.1517429, 45.4878153]}, "properties": {"id": 962853083, "feat_type": "way", "quality_categories": "missing_tags, older_than_five_years", "issue_ids": "[166, 1]", "osm_url": "https://www.openstreetmap.org/way/962853083", "josm_url": "http://127.0.0.1:8111/load_object?new_layer=false&objects=w962853083", "id_url": "https://www.openstreetmap.org/edit?editor=id&way=962853083#map=20/45.4878153/9.1517429"}}, {"type": "Feature", "geometry": {"type": "Point", "coordinates": [9.137109, 45.5128804]}, "properties": {"id": 965456524, "feat_type": "way", "quality_categories": "older_than_five_years", "issue_ids": "[231]", "osm_url": "https://www.openstreetmap.org/way/965456524", "josm_url": "http://127.0.0.1:8111/load_object?new_layer=false&objects=w965456524", "id_url": "https://www.openstreetmap.org/edit?editor=id&way=965456524#map=20/45.5128804/9.137109"}}, {"type": "Feature", "geometry": {"type": "Point", "coordinates": [9.1375126, 45.5128939]}, "properties": {"id": 965456525, "feat_type": "way", "quality_categories": "older_than_five_years", "issue_ids": "[231]", "osm_url": "https://www.openstreetmap.org/way/965456525", "josm_url": "http://127.0.0.1:8111/load_object?new_layer=false&objects=w965456525", "id_url": "https://www.openstreetmap.org/edit?editor=id&way=965456525#map=20/45.5128939/9.1375126"}}, {"type": "Feature", "geometry": {"type": "Point", "coordinates": [9.1375174, 45.5129255]}, "properties": {"id": 965456526, "feat_type": "way", "quality_categories": "older_than_five_years", "issue_ids": "[231]", "osm_url": "https://www.openstreetmap.org/way/965456526", "josm_url": "http://127.0.0.1:8111/load_object?new_layer=false&objects=w965456526", "id_url": "https://www.openstreetmap.org/edit?editor=id&way=965456526#map=20/45.5129255/9.1375174"}}, {"type": "Feature", "geometry": {"type": "Point", "coordinates": [9.1733895, 45.3982346]}, "properties": {"id": 970614330, "feat_type": "way", "quality_categories": "missing_tags, older_than_five_years", "issue_ids": "[0, 1]", "osm_url": "https://www.openstreetmap.org/way/970614330", "josm_url": "http://127.0.0.1:8111/load_object?new_layer=false&objects=w970614330", "id_url": "https://www.openstreetmap.org/edit?editor=id&way=970614330#map=20/45.3982346/9.1733895"}}, {"type": "Feature", "geometry": {"type": "Point", "coordinates": [9.1682, 45.4357497]}, "properties": {"id": 970644463, "feat_type": "way", "quality_categories": "missing_tags, older_than_five_years", "issue_ids": "[0, 1]", "osm_url": "https://www.openstreetmap.org/way/970644463", "josm_url": "http://127.0.0.1:8111/load_object?new_layer=false&objects=w970644463", "id_url": "https://www.openstreetmap.org/edit?editor=id&way=970644463#map=20/45.4357497/9.1682"}}, {"type": "Feature", "geometry": {"type": "Point", "coordinates": [9.1689833, 45.4369904]}, "properties": {"id": 970644477, "feat_type": "way", "quality_categories": "missing_tags, older_than_five_years", "issue_ids": "[0, 1]", "osm_url": "https://www.openstreetmap.org/way/970644477", "josm_url": "http://127.0.0.1:8111/load_object?new_layer=false&objects=w970644477", "id_url": "https://www.openstreetmap.org/edit?editor=id&way=970644477#map=20/45.4369904/9.1689833"}}, {"type": "Feature", "geometry": {"type": "Point", "coordinates": [9.1686712, 45.4369989]}, "properties": {"id": 970644478, "feat_type": "way", "quality_categories": "missing_tags, older_than_five_years", "issue_ids": "[0, 1]", "osm_url": "https://www.openstreetmap.org/way/970644478", "josm_url": "http://127.0.0.1:8111/load_object?new_layer=false&objects=w970644478", "id_url": "https://www.openstreetmap.org/edit?editor=id&way=970644478#map=20/45.4369989/9.1686712"}}, {"type": "Feature", "geometry": {"type": "Point", "coordinates": [9.1695204, 45.4353906]}, "properties": {"id": 970644482, "feat_type": "way", "quality_categories": "missing_tags, older_than_five_years", "issue_ids": "[0, 1]", "osm_url": "https://www.openstreetmap.org/way/970644482", "josm_url": "http://127.0.0.1:8111/load_object?new_layer=false&objects=w970644482", "id_url": "https://www.openstreetmap.org/edit?editor=id&way=970644482#map=20/45.4353906/9.1695204"}}, {"type": "Feature", "geometry": {"type": "Point", "coordinates": [9.1694889, 45.4354598]}, "properties": {"id": 970644483, "feat_type": "way", "quality_categories": "missing_tags, older_than_five_years", "issue_ids": "[0, 1]", "osm_url": "https://www.openstreetmap.org/way/970644483", "josm_url": "http://127.0.0.1:8111/load_object?new_layer=false&objects=w970644483", "id_url": "https://www.openstreetmap.org/edit?editor=id&way=970644483#map=20/45.4354598/9.1694889"}}, {"type": "Feature", "geometry": {"type": "Point", "coordinates": [9.1689528, 45.4355871]}, "properties": {"id": 970644486, "feat_type": "way", "quality_categories": "missing_tags, older_than_five_years", "issue_ids": "[0, 1]", "osm_url": "https://www.openstreetmap.org/way/970644486", "josm_url": "http://127.0.0.1:8111/load_object?new_layer=false&objects=w970644486", "id_url": "https://www.openstreetmap.org/edit?editor=id&way=970644486#map=20/45.4355871/9.1689528"}}, {"type": "Feature", "geometry": {"type": "Point", "coordinates": [9.1263248, 45.4959621]}, "properties": {"id": 970677477, "feat_type": "way", "quality_categories": "missing_tags, older_than_five_years", "issue_ids": "[0, 1]", "osm_url": "https://www.openstreetmap.org/way/970677477", "josm_url": "http://127.0.0.1:8111/load_object?new_layer=false&objects=w970677477", "id_url": "https://www.openstreetmap.org/edit?editor=id&way=970677477#map=20/45.4959621/9.1263248"}}, {"type": "Feature", "geometry": {"type": "Point", "coordinates": [9.1247886, 45.4945407]}, "properties": {"id": 970677483, "feat_type": "way", "quality_categories": "missing_tags, older_than_five_years", "issue_ids": "[0, 1]", "osm_url": "https://www.openstreetmap.org/way/970677483", "josm_url": "http://127.0.0.1:8111/load_object?new_layer=false&objects=w970677483", "id_url": "https://www.openstreetmap.org/edit?editor=id&way=970677483#map=20/45.4945407/9.1247886"}}, {"type": "Feature", "geometry": {"type": "Point", "coordinates": [9.1160583, 45.4761059]}, "properties": {"id": 971690584, "feat_type": "way", "quality_categories": "missing_tags, older_than_five_years", "issue_ids": "[232, 1]", "osm_url": "https://www.openstreetmap.org/way/971690584", "josm_url": "http://127.0.0.1:8111/load_object?new_layer=false&objects=w971690584", "id_url": "https://www.openstreetmap.org/edit?editor=id&way=971690584#map=20/45.4761059/9.1160583"}}, {"type": "Feature", "geometry": {"type": "Point", "coordinates": [9.1291099, 45.4764802]}, "properties": {"id": 971945897, "feat_type": "way", "quality_categories": "missing_tags, older_than_five_years", "issue_ids": "[39, 1]", "osm_url": "https://www.openstreetmap.org/way/971945897", "josm_url": "http://127.0.0.1:8111/load_object?new_layer=false&objects=w971945897", "id_url": "https://www.openstreetmap.org/edit?editor=id&way=971945897#map=20/45.4764802/9.1291099"}}, {"type": "Feature", "geometry": {"type": "Point", "coordinates": [9.1821785, 45.4874548]}, "properties": {"id": 973727526, "feat_type": "way", "quality_categories": "older_than_five_years", "issue_ids": "[233]", "osm_url": "https://www.openstreetmap.org/way/973727526", "josm_url": "http://127.0.0.1:8111/load_object?new_layer=false&objects=w973727526", "id_url": "https://www.openstreetmap.org/edit?editor=id&way=973727526#map=20/45.4874548/9.1821785"}}, {"type": "Feature", "geometry": {"type": "Point", "coordinates": [9.1820102, 45.486416]}, "properties": {"id": 973727527, "feat_type": "way", "quality_categories": "older_than_five_years", "issue_ids": "[233]", "osm_url": "https://www.openstreetmap.org/way/973727527", "josm_url": "http://127.0.0.1:8111/load_object?new_layer=false&objects=w973727527", "id_url": "https://www.openstreetmap.org/edit?editor=id&way=973727527#map=20/45.486416/9.1820102"}}]}