osm_id,feat_type,key,value,commentary
1322177,relation,last_update,9-8-2004,Feature has not been updated in 5 years or more
1322178,relation,last_update,9-8-2004,Feature has not been updated in 5 years or more
1619879,relation,last_update,9-8-2004,Feature has not been updated in 5 years or more
1619890,relation,last_update,9-8-2004,Feature has not been updated in 5 years or more
1858559,relation,last_update,9-8-2004,Feature has not been updated in 5 years or more
2210968,relation,last_update,9-8-2004,Feature has not been updated in 5 years or more
2585522,relation,last_update,9-8-2004,Feature has not been updated in 5 years or more
2590790,relation,last_update,9-8-2004,Feature has not been updated in 5 years or more
2604710,relation,last_update,9-8-2004,Feature has not been updated in 5 years or more
2605688,relation,last_update,9-8-2004,Feature has not been updated in 5 years or more
2625489,relation,last_update,9-8-2004,Feature has not been updated in 5 years or more
2694506,relation,last_update,9-8-2004,Feature has not been updated in 5 years or more
2758932,relation,last_update,9-8-2004,Feature has not been updated in 5 years or more
2771762,relation,last_update,9-8-2004,Feature has not been updated in 5 years or more
2885972,relation,last_update,9-8-2004,Feature has not been updated in 5 years or more
2923498,relation,last_update,9-8-2004,Feature has not been updated in 5 years or more
3099975,relation,last_update,9-8-2004,Feature has not been updated in 5 years or more
3312258,relation,last_update,9-8-2004,Feature has not been updated in 5 years or more
3374883,relation,last_update,9-8-2004,Feature has not been updated in 5 years or more
3390528,relation,last_update,9-8-2004,Feature has not been updated in 5 years or more
3480683,relation,last_update,9-8-2004,Feature has not been updated in 5 years or more
3486125,relation,last_update,9-8-2004,Feature has not been updated in 5 years or more
3486495,relation,last_update,9-8-2004,Feature has not been updated in 5 years or more
3494982,relation,last_update,9-8-2004,Feature has not been updated in 5 years or more
3496129,relation,last_update,9-8-2004,Feature has not been updated in 5 years or more
3497973,relation,last_update,9-8-2004,Feature has not been updated in 5 years or more
3501685,relation,last_update,9-8-2004,Feature has not been updated in 5 years or more
3516830,relation,last_update,9-8-2004,Feature has not been updated in 5 years or more
3742397,relation,last_update,9-8-2004,Feature has not been updated in 5 years or more
3756419,relation,last_update,9-8-2004,Feature has not been updated in 5 years or more
3780511,relation,last_update,9-8-2004,Feature has not been updated in 5 years or more
3823638,relation,last_update,9-8-2004,Feature has not been updated in 5 years or more
3827338,relation,last_update,9-8-2004,Feature has not been updated in 5 years or more
3856622,relation,last_update,9-8-2004,Feature has not been updated in 5 years or more
3872911,relation,last_update,9-8-2004,Feature has not been updated in 5 years or more
3873230,relation,last_update,9-8-2004,Feature has not been updated in 5 years or more
4052006,relation,last_update,9-8-2004,Feature has not been updated in 5 years or more
4781962,relation,last_update,9-8-2004,Feature has not been updated in 5 years or more
4792138,relation,last_update,9-8-2004,Feature has not been updated in 5 years or more
5293456,relation,last_update,24-12-2020,Feature has not been updated in 5 years or more
5486232,relation,last_update,18-9-2015,Feature has not been updated in 5 years or more
5610430,relation,last_update,9-8-2004,Feature has not been updated in 5 years or more
5718204,relation,last_update,9-8-2004,Feature has not been updated in 5 years or more
6220864,relation,last_update,9-8-2004,Feature has not been updated in 5 years or more
6552703,relation,last_update,9-8-2004,Feature has not been updated in 5 years or more
6877631,relation,last_update,16-8-2021,Feature has not been updated in 5 years or more
7653281,relation,last_update,20-9-2007,Feature has not been updated in 5 years or more
7657704,relation,last_update,9-8-2004,Feature has not been updated in 5 years or more
7781936,relation,last_update,31-10-2018,Feature has not been updated in 5 years or more
7781937,relation,last_update,8-8-2020,Feature has not been updated in 5 years or more
8291687,relation,last_update,9-8-2004,Feature has not been updated in 5 years or more
8293488,relation,last_update,9-8-2004,Feature has not been updated in 5 years or more
9398607,relation,last_update,9-8-2004,Feature has not been updated in 5 years or more
9507917,relation,last_update,31-1-2013,Feature has not been updated in 5 years or more
9507938,relation,last_update,31-1-2013,Feature has not been updated in 5 years or more
10057932,relation,last_update,9-8-2004,Feature has not been updated in 5 years or more
10109737,relation,last_update,9-8-2004,Feature has not been updated in 5 years or more
11846850,relation,last_update,24-3-2019,Feature has not been updated in 5 years or more
11904080,relation,last_update,9-8-2004,Feature has not been updated in 5 years or more
11964129,relation,last_update,9-8-2004,Feature has not been updated in 5 years or more
11979986,relation,last_update,9-8-2004,Feature has not been updated in 5 years or more
12006341,relation,last_update,9-8-2004,Feature has not been updated in 5 years or more
12124540,relation,last_update,9-8-2004,Feature has not been updated in 5 years or more
13240022,relation,last_update,9-8-2004,Feature has not been updated in 5 years or more
13361211,relation,last_update,5-4-2011,Feature has not been updated in 5 years or more
13507064,relation,last_update,14-12-2015,Feature has not been updated in 5 years or more
13652702,relation,last_update,17-7-2015,Feature has not been updated in 5 years or more
13685103,relation,last_update,20-11-2007,Feature has not been updated in 5 years or more
13794950,relation,last_update,9-8-2004,Feature has not been updated in 5 years or more
13989999,relation,last_update,25-11-2007,Feature has not been updated in 5 years or more
13991265,relation,last_update,6-8-2015,Feature has not been updated in 5 years or more
14028010,relation,last_update,9-8-2004,Feature has not been updated in 5 years or more
14744727,relation,last_update,12-5-2014,Feature has not been updated in 5 years or more
15969014,relation,last_update,29-1-2015,Feature has not been updated in 5 years or more
15969015,relation,last_update,20-4-2013,Feature has not been updated in 5 years or more
16092417,relation,last_update,27-3-2020,Feature has not been updated in 5 years or more
17942199,relation,last_update,22-5-2012,Feature has not been updated in 5 years or more
18041733,relation,last_update,24-12-2007,Feature has not been updated in 5 years or more
18096002,relation,last_update,27-5-2014,Feature has not been updated in 5 years or more
18100817,relation,last_update,24-12-2007,Feature has not been updated in 5 years or more
18161596,relation,last_update,24-12-2007,Feature has not been updated in 5 years or more
18206046,relation,last_update,27-6-2017,Feature has not been updated in 5 years or more
18260001,relation,last_update,20-4-2013,Feature has not been updated in 5 years or more
18275584,relation,last_update,4-10-2014,Feature has not been updated in 5 years or more
18280829,relation,last_update,25-12-2007,Feature has not been updated in 5 years or more
18282176,relation,last_update,25-12-2007,Feature has not been updated in 5 years or more
18282177,relation,last_update,25-12-2007,Feature has not been updated in 5 years or more
18331908,relation,last_update,25-12-2007,Feature has not been updated in 5 years or more
18331909,relation,last_update,25-12-2007,Feature has not been updated in 5 years or more
18622949,relation,last_update,16-10-2019,Feature has not been updated in 5 years or more
18622950,relation,last_update,9-11-2010,Feature has not been updated in 5 years or more
18625462,relation,last_update,16-8-2012,Feature has not been updated in 5 years or more
18929506,relation,last_update,20-4-2013,Feature has not been updated in 5 years or more
19086632,relation,last_update,2-3-2021,Feature has not been updated in 5 years or more
19372851,relation,last_update,23-5-2016,Feature has not been updated in 5 years or more
19535060,relation,last_update,2-1-2008,Feature has not been updated in 5 years or more
19621112,relation,last_update,2-1-2008,Feature has not been updated in 5 years or more
19626539,relation,last_update,26-2-2021,Feature has not been updated in 5 years or more
19934525,relation,last_update,8-1-2008,Feature has not been updated in 5 years or more
19934526,relation,last_update,8-1-2008,Feature has not been updated in 5 years or more
19937579,relation,last_update,8-1-2008,Feature has not been updated in 5 years or more
19937580,relation,last_update,8-1-2008,Feature has not been updated in 5 years or more
19954470,relation,last_update,9-10-2020,Feature has not been updated in 5 years or more
19955610,relation,last_update,3-11-2012,Feature has not been updated in 5 years or more
19958537,relation,last_update,8-1-2008,Feature has not been updated in 5 years or more
19964589,relation,last_update,8-1-2008,Feature has not been updated in 5 years or more
19979489,relation,last_update,8-1-2008,Feature has not been updated in 5 years or more
19980714,relation,last_update,8-1-2008,Feature has not been updated in 5 years or more
20029908,relation,last_update,26-5-2020,Feature has not been updated in 5 years or more
20043034,relation,last_update,7-4-2017,Feature has not been updated in 5 years or more
20059459,relation,last_update,22-12-2012,Feature has not been updated in 5 years or more
20060293,relation,last_update,31-12-2012,Feature has not been updated in 5 years or more
20070147,relation,last_update,26-11-2009,Feature has not been updated in 5 years or more
20070148,relation,last_update,1-5-2015,Feature has not been updated in 5 years or more
20079280,relation,last_update,15-7-2021,Feature has not been updated in 5 years or more
20108683,relation,last_update,18-7-2020,Feature has not been updated in 5 years or more
20123790,relation,last_update,22-4-2012,Feature has not been updated in 5 years or more
20147918,relation,last_update,26-12-2012,Feature has not been updated in 5 years or more
20164732,relation,last_update,18-9-2020,Feature has not been updated in 5 years or more
20501147,relation,last_update,12-1-2008,Feature has not been updated in 5 years or more
20501148,relation,last_update,15-4-2009,Feature has not been updated in 5 years or more
20501149,relation,last_update,12-1-2008,Feature has not been updated in 5 years or more
20501150,relation,last_update,15-4-2009,Feature has not been updated in 5 years or more
20660190,relation,last_update,13-10-2018,Feature has not been updated in 5 years or more
20660215,relation,last_update,17-7-2017,Feature has not been updated in 5 years or more
20676529,relation,last_update,21-12-2020,Feature has not been updated in 5 years or more
20679027,relation,last_update,13-7-2017,Feature has not been updated in 5 years or more
20679147,relation,last_update,13-1-2008,Feature has not been updated in 5 years or more
20740158,relation,last_update,20-11-2016,Feature has not been updated in 5 years or more
4519674,way,last_update,14-8-2017,Feature has not been updated in 5 years or more
4519675,way,last_update,14-8-2017,Feature has not been updated in 5 years or more
4928966,way,last_update,20-7-2021,Feature has not been updated in 5 years or more
4928992,way,last_update,1-5-2021,Feature has not been updated in 5 years or more
4929004,way,last_update,8-8-2020,Feature has not been updated in 5 years or more
10892576,way,last_update,30-7-2021,Feature has not been updated in 5 years or more
10893316,way,last_update,1-7-2017,Feature has not been updated in 5 years or more
22821510,way,last_update,28-1-2020,Feature has not been updated in 5 years or more
22821511,way,last_update,28-1-2020,Feature has not been updated in 5 years or more
22821512,way,last_update,4-2-2008,Feature has not been updated in 5 years or more
22821513,way,last_update,7-4-2009,Feature has not been updated in 5 years or more
22821514,way,last_update,28-2-2015,Feature has not been updated in 5 years or more
23100395,way,last_update,2-1-2020,Feature has not been updated in 5 years or more
23153939,way,last_update,13-3-2021,Feature has not been updated in 5 years or more
23198929,way,last_update,28-4-2017,Feature has not been updated in 5 years or more
23227495,way,last_update,1-12-2020,Feature has not been updated in 5 years or more
23300124,way,last_update,11-5-2021,Feature has not been updated in 5 years or more
23396350,way,last_update,23-8-2021,Feature has not been updated in 5 years or more
23396630,way,last_update,3-9-2018,Feature has not been updated in 5 years or more
23429738,way,last_update,6-3-2021,Feature has not been updated in 5 years or more
23430209,way,last_update,28-3-2014,Feature has not been updated in 5 years or more
23653087,way,last_update,21-4-2014,Feature has not been updated in 5 years or more
23963244,way,last_update,19-3-2015,Feature has not been updated in 5 years or more
23963451,way,last_update,12-1-2021,Feature has not been updated in 5 years or more
24009927,way,last_update,29-10-2012,Feature has not been updated in 5 years or more
24025739,way,last_update,26-4-2016,Feature has not been updated in 5 years or more
24025744,way,last_update,5-3-2021,Feature has not been updated in 5 years or more
24025755,way,last_update,20-12-2012,Feature has not been updated in 5 years or more
24025758,way,last_update,20-12-2012,Feature has not been updated in 5 years or more
24025760,way,last_update,20-12-2012,Feature has not been updated in 5 years or more
24025761,way,last_update,20-12-2012,Feature has not been updated in 5 years or more
24387443,way,last_update,2-7-2021,Feature has not been updated in 5 years or more
24632923,way,last_update,27-12-2016,Feature has not been updated in 5 years or more
24642716,way,last_update,27-6-2015,Feature has not been updated in 5 years or more
24642775,way,last_update,16-9-2012,Feature has not been updated in 5 years or more
24642776,way,last_update,4-10-2020,Feature has not been updated in 5 years or more
24643345,way,last_update,7-9-2014,Feature has not been updated in 5 years or more
24643413,way,last_update,5-12-2020,Feature has not been updated in 5 years or more
24643414,way,last_update,5-12-2020,Feature has not been updated in 5 years or more
24643432,way,last_update,16-9-2012,Feature has not been updated in 5 years or more
24643433,way,last_update,1-6-2008,Feature has not been updated in 5 years or more
24643434,way,last_update,28-3-2021,Feature has not been updated in 5 years or more
24643456,way,last_update,1-6-2008,Feature has not been updated in 5 years or more
24643580,way,last_update,24-9-2017,Feature has not been updated in 5 years or more
24643581,way,last_update,28-3-2021,Feature has not been updated in 5 years or more
24643659,way,last_update,26-8-2014,Feature has not been updated in 5 years or more
24643746,way,last_update,26-5-2013,Feature has not been updated in 5 years or more
24643985,way,last_update,5-12-2020,Feature has not been updated in 5 years or more
24650106,way,last_update,31-10-2020,Feature has not been updated in 5 years or more
24650107,way,last_update,23-8-2017,Feature has not been updated in 5 years or more
24651071,way,last_update,28-3-2021,Feature has not been updated in 5 years or more
24728150,way,last_update,7-9-2010,Feature has not been updated in 5 years or more
25526988,way,last_update,17-5-2021,Feature has not been updated in 5 years or more
25526989,way,last_update,19-1-2020,Feature has not been updated in 5 years or more
25526990,way,last_update,19-1-2020,Feature has not been updated in 5 years or more
25526991,way,last_update,19-1-2020,Feature has not been updated in 5 years or more
25526992,way,last_update,19-1-2020,Feature has not been updated in 5 years or more
25526993,way,last_update,19-1-2020,Feature has not been updated in 5 years or more
25664929,way,last_update,15-4-2021,Feature has not been updated in 5 years or more
25666559,way,last_update,15-4-2021,Feature has not been updated in 5 years or more
25666589,way,last_update,15-4-2021,Feature has not been updated in 5 years or more
25667346,way,last_update,15-2-2021,Feature has not been updated in 5 years or more
25667349,way,last_update,23-1-2021,Feature has not been updated in 5 years or more
25765767,way,last_update,25-4-2020,Feature has not been updated in 5 years or more
25801491,way,last_update,24-8-2014,Feature has not been updated in 5 years or more
25801494,way,last_update,16-8-2014,Feature has not been updated in 5 years or more
25801498,way,last_update,7-12-2009,Feature has not been updated in 5 years or more
25802145,way,last_update,14-6-2017,Feature has not been updated in 5 years or more
25802147,way,last_update,11-7-2020,Feature has not been updated in 5 years or more
25802149,way,last_update,16-8-2012,Feature has not been updated in 5 years or more
25802151,way,last_update,14-6-2017,Feature has not been updated in 5 years or more
26191305,way,last_update,24-3-2014,Feature has not been updated in 5 years or more
26191540,way,last_update,28-3-2014,Feature has not been updated in 5 years or more
26685517,way,last_update,9-5-2011,Feature has not been updated in 5 years or more
26685524,way,last_update,12-11-2016,Feature has not been updated in 5 years or more
26685525,way,last_update,9-5-2011,Feature has not been updated in 5 years or more
26685680,way,last_update,16-8-2020,Feature has not been updated in 5 years or more
26687791,way,last_update,12-11-2016,Feature has not been updated in 5 years or more
27745990,way,last_update,28-7-2018,Feature has not been updated in 5 years or more
27940765,way,last_update,30-3-2021,Feature has not been updated in 5 years or more
29987085,way,last_update,28-2-2011,Feature has not been updated in 5 years or more
30214908,way,last_update,12-1-2021,Feature has not been updated in 5 years or more
30341751,way,last_update,12-1-2021,Feature has not been updated in 5 years or more
30453921,way,last_update,19-6-2014,Feature has not been updated in 5 years or more
30633315,way,last_update,28-1-2009,Feature has not been updated in 5 years or more
30633316,way,last_update,12-2-2009,Feature has not been updated in 5 years or more
30802348,way,last_update,8-10-2014,Feature has not been updated in 5 years or more
31898310,way,last_update,28-3-2021,Feature has not been updated in 5 years or more
32780443,way,last_update,14-1-2019,Feature has not been updated in 5 years or more
32780444,way,last_update,1-7-2014,Feature has not been updated in 5 years or more
32780445,way,last_update,1-7-2014,Feature has not been updated in 5 years or more
32780446,way,last_update,1-7-2014,Feature has not been updated in 5 years or more
32780447,way,last_update,1-2-2018,Feature has not been updated in 5 years or more
32780451,way,last_update,1-7-2014,Feature has not been updated in 5 years or more
32914351,way,last_update,28-1-2020,Feature has not been updated in 5 years or more
32914352,way,last_update,28-1-2020,Feature has not been updated in 5 years or more
32914353,way,last_update,7-4-2009,Feature has not been updated in 5 years or more
34696976,way,last_update,4-2-2021,Feature has not been updated in 5 years or more
37335881,way,last_update,14-10-2018,Feature has not been updated in 5 years or more
37697287,way,last_update,10-5-2017,Feature has not been updated in 5 years or more
40491979,way,last_update,28-3-2021,Feature has not been updated in 5 years or more
40491982,way,last_update,28-3-2021,Feature has not been updated in 5 years or more
40491983,way,last_update,28-3-2021,Feature has not been updated in 5 years or more
40491984,way,last_update,28-3-2021,Feature has not been updated in 5 years or more
41954987,way,last_update,3-9-2018,Feature has not been updated in 5 years or more
43015014,way,last_update,28-7-2018,Feature has not been updated in 5 years or more
43015436,way,last_update,28-7-2018,Feature has not been updated in 5 years or more
43015439,way,last_update,1-7-2014,Feature has not been updated in 5 years or more
43071576,way,last_update,24-5-2017,Feature has not been updated in 5 years or more
43072030,way,last_update,24-5-2017,Feature has not been updated in 5 years or more
43915748,way,last_update,28-3-2021,Feature has not been updated in 5 years or more
43915771,way,last_update,28-3-2021,Feature has not been updated in 5 years or more
43915788,way,last_update,28-3-2021,Feature has not been updated in 5 years or more
43915834,way,last_update,28-3-2021,Feature has not been updated in 5 years or more
43916223,way,last_update,10-8-2016,Feature has not been updated in 5 years or more
43916309,way,last_update,28-3-2021,Feature has not been updated in 5 years or more
45325450,way,last_update,30-3-2021,Feature has not been updated in 5 years or more
46347976,way,last_update,11-7-2020,Feature has not been updated in 5 years or more
46607768,way,last_update,8-3-2015,Feature has not been updated in 5 years or more
46607810,way,last_update,25-1-2021,Feature has not been updated in 5 years or more
46845120,way,last_update,8-8-2013,Feature has not been updated in 5 years or more
49357261,way,last_update,3-12-2019,Feature has not been updated in 5 years or more
49711457,way,last_update,1-6-2010,Feature has not been updated in 5 years or more
49711460,way,last_update,6-2-2010,Feature has not been updated in 5 years or more
49932933,way,last_update,28-5-2019,Feature has not been updated in 5 years or more
49942771,way,last_update,10-5-2014,Feature has not been updated in 5 years or more
50010883,way,last_update,10-2-2010,Feature has not been updated in 5 years or more
50010884,way,last_update,28-5-2019,Feature has not been updated in 5 years or more
50010885,way,last_update,10-2-2010,Feature has not been updated in 5 years or more
50845225,way,last_update,22-7-2021,Feature has not been updated in 5 years or more
50855738,way,last_update,20-2-2010,Feature has not been updated in 5 years or more
50855739,way,last_update,20-2-2010,Feature has not been updated in 5 years or more
50855740,way,last_update,20-2-2010,Feature has not been updated in 5 years or more
50951771,way,last_update,7-11-2015,Feature has not been updated in 5 years or more
51039611,way,last_update,10-5-2014,Feature has not been updated in 5 years or more
51039613,way,last_update,10-5-2014,Feature has not been updated in 5 years or more
51039615,way,last_update,10-5-2014,Feature has not been updated in 5 years or more
51039616,way,last_update,10-5-2014,Feature has not been updated in 5 years or more
51039617,way,last_update,10-5-2014,Feature has not been updated in 5 years or more
51039618,way,last_update,10-5-2014,Feature has not been updated in 5 years or more
51311930,way,last_update,16-4-2014,Feature has not been updated in 5 years or more
51357026,way,last_update,28-9-2016,Feature has not been updated in 5 years or more
51357027,way,last_update,28-9-2016,Feature has not been updated in 5 years or more
51357028,way,last_update,28-9-2016,Feature has not been updated in 5 years or more
51357030,way,last_update,27-2-2010,Feature has not been updated in 5 years or more
51357031,way,last_update,27-2-2010,Feature has not been updated in 5 years or more
51357032,way,last_update,22-3-2016,Feature has not been updated in 5 years or more
51357034,way,last_update,27-2-2010,Feature has not been updated in 5 years or more
51357035,way,last_update,27-2-2010,Feature has not been updated in 5 years or more
51357042,way,last_update,4-6-2021,Feature has not been updated in 5 years or more
51357058,way,last_update,4-6-2021,Feature has not been updated in 5 years or more
52121298,way,last_update,11-3-2010,Feature has not been updated in 5 years or more
52121299,way,last_update,11-3-2010,Feature has not been updated in 5 years or more
52121300,way,last_update,11-3-2010,Feature has not been updated in 5 years or more
52121301,way,last_update,21-5-2011,Feature has not been updated in 5 years or more
52121302,way,last_update,21-5-2011,Feature has not been updated in 5 years or more
52121321,way,last_update,14-11-2019,Feature has not been updated in 5 years or more
52491466,way,last_update,6-8-2021,Feature has not been updated in 5 years or more
52491469,way,last_update,6-10-2019,Feature has not been updated in 5 years or more
52520642,way,last_update,21-5-2011,Feature has not been updated in 5 years or more
52781961,way,last_update,17-6-2014,Feature has not been updated in 5 years or more
53141890,way,last_update,8-10-2016,Feature has not been updated in 5 years or more
53141896,way,last_update,20-3-2014,Feature has not been updated in 5 years or more
53141914,way,last_update,8-10-2016,Feature has not been updated in 5 years or more
53141939,way,last_update,20-3-2014,Feature has not been updated in 5 years or more
53141940,way,last_update,8-10-2016,Feature has not been updated in 5 years or more
53141942,way,last_update,20-3-2014,Feature has not been updated in 5 years or more
53141945,way,last_update,20-3-2014,Feature has not been updated in 5 years or more
54254385,way,last_update,23-3-2014,Feature has not been updated in 5 years or more
54909727,way,last_update,16-5-2010,Feature has not been updated in 5 years or more
54912908,way,last_update,27-4-2018,Feature has not been updated in 5 years or more
57742685,way,last_update,19-5-2011,Feature has not been updated in 5 years or more
58730946,way,last_update,27-3-2018,Feature has not been updated in 5 years or more
58730947,way,last_update,20-12-2017,Feature has not been updated in 5 years or more
58730949,way,last_update,28-8-2015,Feature has not been updated in 5 years or more
58730950,way,last_update,5-12-2017,Feature has not been updated in 5 years or more
59170807,way,last_update,1-7-2017,Feature has not been updated in 5 years or more
59171982,way,last_update,1-7-2017,Feature has not been updated in 5 years or more
59424743,way,last_update,3-10-2012,Feature has not been updated in 5 years or more
59461452,way,last_update,19-3-2014,Feature has not been updated in 5 years or more
59612756,way,last_update,20-7-2021,Feature has not been updated in 5 years or more
59995425,way,last_update,14-4-2014,Feature has not been updated in 5 years or more
60139889,way,last_update,5-4-2014,Feature has not been updated in 5 years or more
60807717,way,last_update,27-11-2016,Feature has not been updated in 5 years or more
60807721,way,last_update,1-6-2010,Feature has not been updated in 5 years or more
60807733,way,last_update,27-11-2016,Feature has not been updated in 5 years or more
61278472,way,last_update,6-11-2020,Feature has not been updated in 5 years or more
61319384,way,last_update,3-7-2014,Feature has not been updated in 5 years or more
61319385,way,last_update,3-7-2014,Feature has not been updated in 5 years or more
61319386,way,last_update,3-7-2014,Feature has not been updated in 5 years or more
61319387,way,last_update,3-7-2014,Feature has not been updated in 5 years or more
62091788,way,last_update,28-3-2021,Feature has not been updated in 5 years or more
62091789,way,last_update,9-3-2020,Feature has not been updated in 5 years or more
62091792,way,last_update,28-3-2021,Feature has not been updated in 5 years or more
62232915,way,last_update,31-8-2015,Feature has not been updated in 5 years or more
62232916,way,last_update,8-7-2014,Feature has not been updated in 5 years or more
65617805,way,last_update,13-6-2019,Feature has not been updated in 5 years or more
68456884,way,last_update,18-7-2010,Feature has not been updated in 5 years or more
72249584,way,last_update,14-7-2019,Feature has not been updated in 5 years or more
75113305,way,last_update,29-8-2010,Feature has not been updated in 5 years or more
75113310,way,last_update,12-7-2015,Feature has not been updated in 5 years or more
75684286,way,last_update,14-3-2021,Feature has not been updated in 5 years or more
75684289,way,last_update,2-9-2010,Feature has not been updated in 5 years or more
75684290,way,last_update,14-3-2021,Feature has not been updated in 5 years or more
75732385,way,last_update,3-9-2010,Feature has not been updated in 5 years or more
75732386,way,last_update,14-3-2021,Feature has not been updated in 5 years or more
75802708,way,last_update,30-8-2013,Feature has not been updated in 5 years or more
75839193,way,last_update,14-3-2021,Feature has not been updated in 5 years or more
75869668,way,last_update,4-9-2010,Feature has not been updated in 5 years or more
80182303,way,last_update,2-10-2010,Feature has not been updated in 5 years or more
81646445,way,last_update,14-4-2014,Feature has not been updated in 5 years or more
82857347,way,last_update,22-2-2015,Feature has not been updated in 5 years or more
82857349,way,last_update,18-3-2014,Feature has not been updated in 5 years or more
82857350,way,last_update,18-3-2014,Feature has not been updated in 5 years or more
84514466,way,last_update,9-9-2018,Feature has not been updated in 5 years or more
84599630,way,last_update,22-9-2012,Feature has not been updated in 5 years or more
84765763,way,last_update,5-12-2013,Feature has not been updated in 5 years or more
84765775,way,last_update,9-7-2012,Feature has not been updated in 5 years or more
84803575,way,last_update,10-11-2010,Feature has not been updated in 5 years or more
85773165,way,last_update,7-1-2018,Feature has not been updated in 5 years or more
85876632,way,last_update,21-6-2021,Feature has not been updated in 5 years or more
86573304,way,last_update,9-9-2018,Feature has not been updated in 5 years or more
86573321,way,last_update,9-9-2018,Feature has not been updated in 5 years or more
86768841,way,last_update,2-7-2014,Feature has not been updated in 5 years or more
87080825,way,last_update,1-9-2015,Feature has not been updated in 5 years or more
88683742,way,last_update,9-12-2010,Feature has not been updated in 5 years or more
89129597,way,last_update,6-7-2021,Feature has not been updated in 5 years or more
89129599,way,last_update,13-1-2017,Feature has not been updated in 5 years or more
89129601,way,last_update,27-12-2016,Feature has not been updated in 5 years or more
89129602,way,last_update,27-12-2016,Feature has not been updated in 5 years or more
89444175,way,last_update,13-12-2010,Feature has not been updated in 5 years or more
91591710,way,last_update,25-12-2010,Feature has not been updated in 5 years or more
91591720,way,last_update,25-12-2010,Feature has not been updated in 5 years or more
91591724,way,last_update,3-8-2013,Feature has not been updated in 5 years or more
97747338,way,last_update,13-3-2021,Feature has not been updated in 5 years or more
100183088,way,last_update,6-2-2021,Feature has not been updated in 5 years or more
102183336,way,last_update,7-12-2013,Feature has not been updated in 5 years or more
102183339,way,last_update,28-2-2011,Feature has not been updated in 5 years or more
107604391,way,last_update,25-3-2014,Feature has not been updated in 5 years or more
107604392,way,last_update,7-4-2011,Feature has not been updated in 5 years or more
107604394,way,last_update,7-4-2011,Feature has not been updated in 5 years or more
107604396,way,last_update,7-4-2012,Feature has not been updated in 5 years or more
107604397,way,last_update,30-3-2021,Feature has not been updated in 5 years or more
107833457,way,last_update,9-4-2011,Feature has not been updated in 5 years or more
112426163,way,last_update,9-5-2011,Feature has not been updated in 5 years or more
112426166,way,last_update,9-5-2011,Feature has not been updated in 5 years or more
112426181,way,last_update,9-5-2011,Feature has not been updated in 5 years or more
112517797,way,last_update,17-1-2021,Feature has not been updated in 5 years or more
112610985,way,last_update,15-10-2016,Feature has not been updated in 5 years or more
112631957,way,last_update,10-5-2011,Feature has not been updated in 5 years or more
112631969,way,last_update,10-5-2014,Feature has not been updated in 5 years or more
113517744,way,last_update,20-2-2015,Feature has not been updated in 5 years or more
113968826,way,last_update,16-7-2016,Feature has not been updated in 5 years or more
113968829,way,last_update,16-7-2016,Feature has not been updated in 5 years or more
114354950,way,last_update,11-5-2021,Feature has not been updated in 5 years or more
115896296,way,last_update,15-10-2017,Feature has not been updated in 5 years or more
116047033,way,last_update,2-6-2011,Feature has not been updated in 5 years or more
117084985,way,last_update,5-10-2019,Feature has not been updated in 5 years or more
117563880,way,last_update,26-12-2020,Feature has not been updated in 5 years or more
119198164,way,last_update,5-3-2021,Feature has not been updated in 5 years or more
119912319,way,last_update,23-8-2012,Feature has not been updated in 5 years or more
121668213,way,last_update,14-7-2011,Feature has not been updated in 5 years or more
122297250,way,last_update,17-6-2014,Feature has not been updated in 5 years or more
122297251,way,last_update,17-6-2014,Feature has not been updated in 5 years or more
123433704,way,last_update,23-4-2015,Feature has not been updated in 5 years or more
124251105,way,last_update,1-6-2015,Feature has not been updated in 5 years or more
124253059,way,last_update,10-1-2021,Feature has not been updated in 5 years or more
124253063,way,last_update,10-1-2021,Feature has not been updated in 5 years or more
124253064,way,last_update,7-4-2012,Feature has not been updated in 5 years or more
124253066,way,last_update,10-1-2021,Feature has not been updated in 5 years or more
124253067,way,last_update,10-1-2021,Feature has not been updated in 5 years or more
124253069,way,last_update,17-4-2012,Feature has not been updated in 5 years or more
124253301,way,last_update,10-1-2021,Feature has not been updated in 5 years or more
124253874,way,last_update,10-1-2021,Feature has not been updated in 5 years or more
125570947,way,last_update,7-3-2014,Feature has not been updated in 5 years or more
125570956,way,last_update,23-4-2015,Feature has not been updated in 5 years or more
125835757,way,last_update,3-4-2014,Feature has not been updated in 5 years or more
125835758,way,last_update,13-8-2011,Feature has not been updated in 5 years or more
125835760,way,last_update,13-8-2011,Feature has not been updated in 5 years or more
125835761,way,last_update,22-11-2012,Feature has not been updated in 5 years or more
127533135,way,last_update,8-5-2020,Feature has not been updated in 5 years or more
129032120,way,last_update,9-3-2020,Feature has not been updated in 5 years or more
129878517,way,last_update,13-9-2011,Feature has not been updated in 5 years or more
129878519,way,last_update,13-9-2011,Feature has not been updated in 5 years or more
129878520,way,last_update,13-9-2011,Feature has not been updated in 5 years or more
129878523,way,last_update,13-9-2011,Feature has not been updated in 5 years or more
129878524,way,last_update,9-3-2014,Feature has not been updated in 5 years or more
129878525,way,last_update,13-9-2011,Feature has not been updated in 5 years or more
129878527,way,last_update,13-9-2011,Feature has not been updated in 5 years or more
129878529,way,last_update,13-9-2011,Feature has not been updated in 5 years or more
129881291,way,last_update,21-3-2013,Feature has not been updated in 5 years or more
129881388,way,last_update,21-3-2013,Feature has not been updated in 5 years or more
129881389,way,last_update,21-3-2013,Feature has not been updated in 5 years or more
129881390,way,last_update,21-3-2013,Feature has not been updated in 5 years or more
129881391,way,last_update,21-3-2013,Feature has not been updated in 5 years or more
129881392,way,last_update,21-3-2013,Feature has not been updated in 5 years or more
129881393,way,last_update,2-9-2013,Feature has not been updated in 5 years or more
130751962,way,last_update,27-5-2021,Feature has not been updated in 5 years or more
131475836,way,last_update,27-9-2011,Feature has not been updated in 5 years or more
131476960,way,last_update,26-3-2014,Feature has not been updated in 5 years or more
131477549,way,last_update,12-8-2014,Feature has not been updated in 5 years or more
131477599,way,last_update,27-9-2011,Feature has not been updated in 5 years or more
131477600,way,last_update,26-3-2014,Feature has not been updated in 5 years or more
131477601,way,last_update,26-3-2014,Feature has not been updated in 5 years or more
131477602,way,last_update,26-3-2014,Feature has not been updated in 5 years or more
132561938,way,last_update,26-4-2016,Feature has not been updated in 5 years or more
132561959,way,last_update,4-6-2015,Feature has not been updated in 5 years or more
132647475,way,last_update,8-10-2011,Feature has not been updated in 5 years or more
132647479,way,last_update,19-12-2012,Feature has not been updated in 5 years or more
132647480,way,last_update,8-10-2011,Feature has not been updated in 5 years or more
132647482,way,last_update,5-3-2021,Feature has not been updated in 5 years or more
132647484,way,last_update,26-4-2016,Feature has not been updated in 5 years or more
133546717,way,last_update,14-2-2018,Feature has not been updated in 5 years or more
133546718,way,last_update,8-2-2018,Feature has not been updated in 5 years or more
133877624,way,last_update,2-6-2012,Feature has not been updated in 5 years or more
133877626,way,last_update,3-6-2012,Feature has not been updated in 5 years or more
134536944,way,last_update,2-2-2018,Feature has not been updated in 5 years or more
134536946,way,last_update,1-7-2014,Feature has not been updated in 5 years or more
134572424,way,last_update,3-2-2021,Feature has not been updated in 5 years or more
134572425,way,last_update,3-2-2021,Feature has not been updated in 5 years or more
134573252,way,last_update,3-3-2013,Feature has not been updated in 5 years or more
134573257,way,last_update,6-1-2020,Feature has not been updated in 5 years or more
134573442,way,last_update,10-6-2014,Feature has not been updated in 5 years or more
134938385,way,last_update,31-7-2021,Feature has not been updated in 5 years or more
134938386,way,last_update,27-6-2021,Feature has not been updated in 5 years or more
135029118,way,last_update,28-10-2011,Feature has not been updated in 5 years or more
135029120,way,last_update,28-10-2011,Feature has not been updated in 5 years or more
135029122,way,last_update,28-10-2011,Feature has not been updated in 5 years or more
135029133,way,last_update,28-10-2011,Feature has not been updated in 5 years or more
135029134,way,last_update,28-10-2011,Feature has not been updated in 5 years or more
135032316,way,last_update,30-1-2016,Feature has not been updated in 5 years or more
135303599,way,last_update,17-5-2021,Feature has not been updated in 5 years or more
135303600,way,last_update,19-1-2020,Feature has not been updated in 5 years or more
135303601,way,last_update,19-1-2020,Feature has not been updated in 5 years or more
135303602,way,last_update,19-1-2020,Feature has not been updated in 5 years or more
135303603,way,last_update,17-5-2021,Feature has not been updated in 5 years or more
135342755,way,last_update,16-4-2021,Feature has not been updated in 5 years or more
135342756,way,last_update,28-3-2014,Feature has not been updated in 5 years or more
135342757,way,last_update,22-11-2018,Feature has not been updated in 5 years or more
136114622,way,last_update,3-9-2018,Feature has not been updated in 5 years or more
137158662,way,last_update,19-6-2014,Feature has not been updated in 5 years or more
137193898,way,last_update,16-11-2011,Feature has not been updated in 5 years or more
137193905,way,last_update,16-11-2011,Feature has not been updated in 5 years or more
137479644,way,last_update,5-4-2014,Feature has not been updated in 5 years or more
138138005,way,last_update,23-6-2018,Feature has not been updated in 5 years or more
138138006,way,last_update,16-9-2020,Feature has not been updated in 5 years or more
138138007,way,last_update,23-6-2018,Feature has not been updated in 5 years or more
138138199,way,last_update,23-8-2021,Feature has not been updated in 5 years or more
138138465,way,last_update,19-8-2021,Feature has not been updated in 5 years or more
138138467,way,last_update,12-10-2020,Feature has not been updated in 5 years or more
138138468,way,last_update,19-8-2021,Feature has not been updated in 5 years or more
138138470,way,last_update,19-8-2021,Feature has not been updated in 5 years or more
138138471,way,last_update,3-9-2015,Feature has not been updated in 5 years or more
138138473,way,last_update,12-10-2020,Feature has not been updated in 5 years or more
138138474,way,last_update,23-11-2011,Feature has not been updated in 5 years or more
138138475,way,last_update,21-9-2020,Feature has not been updated in 5 years or more
138138476,way,last_update,23-11-2011,Feature has not been updated in 5 years or more
138138477,way,last_update,19-8-2021,Feature has not been updated in 5 years or more
138342793,way,last_update,22-1-2012,Feature has not been updated in 5 years or more
138924271,way,last_update,28-1-2021,Feature has not been updated in 5 years or more
138924279,way,last_update,1-4-2021,Feature has not been updated in 5 years or more
138924281,way,last_update,28-1-2021,Feature has not been updated in 5 years or more
138942962,way,last_update,29-11-2011,Feature has not been updated in 5 years or more
140424837,way,last_update,22-9-2014,Feature has not been updated in 5 years or more
141520526,way,last_update,28-1-2021,Feature has not been updated in 5 years or more
141523995,way,last_update,10-10-2015,Feature has not been updated in 5 years or more
141708022,way,last_update,22-9-2012,Feature has not been updated in 5 years or more
141922111,way,last_update,23-1-2021,Feature has not been updated in 5 years or more
142378706,way,last_update,28-5-2021,Feature has not been updated in 5 years or more
142378880,way,last_update,22-12-2011,Feature has not been updated in 5 years or more
144589981,way,last_update,30-8-2021,Feature has not been updated in 5 years or more
144589987,way,last_update,30-8-2021,Feature has not been updated in 5 years or more
144589990,way,last_update,30-8-2021,Feature has not been updated in 5 years or more
144589997,way,last_update,7-10-2012,Feature has not been updated in 5 years or more
145240273,way,last_update,26-12-2020,Feature has not been updated in 5 years or more
145240652,way,last_update,30-8-2021,Feature has not been updated in 5 years or more
145251400,way,last_update,4-7-2014,Feature has not been updated in 5 years or more
145682365,way,last_update,15-1-2012,Feature has not been updated in 5 years or more
145682366,way,last_update,15-1-2012,Feature has not been updated in 5 years or more
145802333,way,last_update,2-7-2014,Feature has not been updated in 5 years or more
145802341,way,last_update,2-7-2014,Feature has not been updated in 5 years or more
146903390,way,last_update,22-1-2012,Feature has not been updated in 5 years or more
146903393,way,last_update,22-1-2012,Feature has not been updated in 5 years or more
146913081,way,last_update,11-7-2020,Feature has not been updated in 5 years or more
146913082,way,last_update,11-7-2020,Feature has not been updated in 5 years or more
146913083,way,last_update,14-6-2017,Feature has not been updated in 5 years or more
146913084,way,last_update,22-1-2012,Feature has not been updated in 5 years or more
146913087,way,last_update,16-8-2012,Feature has not been updated in 5 years or more
147187486,way,last_update,17-2-2017,Feature has not been updated in 5 years or more
147187488,way,last_update,17-2-2017,Feature has not been updated in 5 years or more
147187489,way,last_update,17-2-2017,Feature has not been updated in 5 years or more
147187585,way,last_update,17-2-2017,Feature has not been updated in 5 years or more
147205804,way,last_update,24-1-2012,Feature has not been updated in 5 years or more
149792693,way,last_update,2-6-2012,Feature has not been updated in 5 years or more
149797879,way,last_update,23-6-2019,Feature has not been updated in 5 years or more
149797885,way,last_update,10-2-2012,Feature has not been updated in 5 years or more
149797889,way,last_update,10-2-2012,Feature has not been updated in 5 years or more
151465284,way,last_update,9-10-2020,Feature has not been updated in 5 years or more
151465285,way,last_update,1-6-2015,Feature has not been updated in 5 years or more
151465288,way,last_update,24-3-2014,Feature has not been updated in 5 years or more
151849877,way,last_update,31-8-2021,Feature has not been updated in 5 years or more
151880201,way,last_update,28-1-2018,Feature has not been updated in 5 years or more
153869625,way,last_update,9-3-2021,Feature has not been updated in 5 years or more
153869639,way,last_update,19-3-2015,Feature has not been updated in 5 years or more
153869699,way,last_update,19-3-2015,Feature has not been updated in 5 years or more
156996320,way,last_update,26-3-2012,Feature has not been updated in 5 years or more
158193781,way,last_update,18-1-2020,Feature has not been updated in 5 years or more
158193782,way,last_update,18-1-2020,Feature has not been updated in 5 years or more
158193783,way,last_update,18-1-2020,Feature has not been updated in 5 years or more
158301651,way,last_update,2-4-2014,Feature has not been updated in 5 years or more
158301654,way,last_update,30-3-2021,Feature has not been updated in 5 years or more
158301655,way,last_update,7-4-2012,Feature has not been updated in 5 years or more
160015989,way,last_update,17-4-2012,Feature has not been updated in 5 years or more
160015990,way,last_update,17-4-2012,Feature has not been updated in 5 years or more
160015996,way,last_update,17-4-2012,Feature has not been updated in 5 years or more
160324985,way,last_update,25-9-2015,Feature has not been updated in 5 years or more
162948004,way,last_update,10-5-2012,Feature has not been updated in 5 years or more
162948005,way,last_update,24-1-2014,Feature has not been updated in 5 years or more
162948008,way,last_update,24-1-2014,Feature has not been updated in 5 years or more
162948012,way,last_update,10-5-2012,Feature has not been updated in 5 years or more
162948013,way,last_update,5-4-2021,Feature has not been updated in 5 years or more
162948018,way,last_update,10-5-2012,Feature has not been updated in 5 years or more
165079773,way,last_update,28-3-2014,Feature has not been updated in 5 years or more
165079776,way,last_update,31-7-2016,Feature has not been updated in 5 years or more
165080554,way,last_update,3-3-2019,Feature has not been updated in 5 years or more
165080555,way,last_update,3-3-2019,Feature has not been updated in 5 years or more
165080556,way,last_update,3-3-2019,Feature has not been updated in 5 years or more
165080557,way,last_update,2-1-2019,Feature has not been updated in 5 years or more
165380956,way,last_update,31-7-2018,Feature has not been updated in 5 years or more
165380962,way,last_update,31-7-2018,Feature has not been updated in 5 years or more
165419180,way,last_update,16-9-2019,Feature has not been updated in 5 years or more
165589768,way,last_update,18-1-2020,Feature has not been updated in 5 years or more
165589769,way,last_update,17-1-2020,Feature has not been updated in 5 years or more
165589771,way,last_update,25-5-2021,Feature has not been updated in 5 years or more
165635585,way,last_update,31-5-2012,Feature has not been updated in 5 years or more
165635586,way,last_update,31-5-2012,Feature has not been updated in 5 years or more
165635590,way,last_update,31-5-2012,Feature has not been updated in 5 years or more
165635592,way,last_update,31-5-2012,Feature has not been updated in 5 years or more
165711857,way,last_update,28-1-2021,Feature has not been updated in 5 years or more
165713355,way,last_update,14-5-2021,Feature has not been updated in 5 years or more
165713361,way,last_update,19-8-2018,Feature has not been updated in 5 years or more
165713848,way,last_update,3-3-2013,Feature has not been updated in 5 years or more
165846333,way,last_update,24-7-2012,Feature has not been updated in 5 years or more
165846336,way,last_update,24-7-2012,Feature has not been updated in 5 years or more
165846341,way,last_update,24-7-2012,Feature has not been updated in 5 years or more
165886977,way,last_update,28-6-2012,Feature has not been updated in 5 years or more
165886990,way,last_update,2-6-2012,Feature has not been updated in 5 years or more
165893095,way,last_update,16-8-2020,Feature has not been updated in 5 years or more
165893098,way,last_update,2-6-2012,Feature has not been updated in 5 years or more
165893488,way,last_update,5-4-2013,Feature has not been updated in 5 years or more
165893492,way,last_update,24-1-2014,Feature has not been updated in 5 years or more
165893494,way,last_update,24-1-2014,Feature has not been updated in 5 years or more
165893495,way,last_update,24-1-2014,Feature has not been updated in 5 years or more
165898379,way,last_update,2-6-2012,Feature has not been updated in 5 years or more
165898380,way,last_update,2-6-2012,Feature has not been updated in 5 years or more
165898386,way,last_update,2-6-2012,Feature has not been updated in 5 years or more
165901188,way,last_update,2-6-2012,Feature has not been updated in 5 years or more
165902789,way,last_update,2-6-2012,Feature has not been updated in 5 years or more
165904042,way,last_update,2-6-2012,Feature has not been updated in 5 years or more
165904276,way,last_update,2-6-2012,Feature has not been updated in 5 years or more
165904277,way,last_update,7-6-2012,Feature has not been updated in 5 years or more
165910255,way,last_update,24-1-2014,Feature has not been updated in 5 years or more
165910256,way,last_update,24-1-2014,Feature has not been updated in 5 years or more
165910258,way,last_update,2-6-2012,Feature has not been updated in 5 years or more
165936228,way,last_update,3-6-2012,Feature has not been updated in 5 years or more
165936229,way,last_update,3-6-2012,Feature has not been updated in 5 years or more
165936230,way,last_update,3-6-2012,Feature has not been updated in 5 years or more
165936231,way,last_update,3-6-2012,Feature has not been updated in 5 years or more
165936232,way,last_update,3-6-2012,Feature has not been updated in 5 years or more
165936233,way,last_update,27-3-2018,Feature has not been updated in 5 years or more
165936236,way,last_update,16-8-2020,Feature has not been updated in 5 years or more
165936237,way,last_update,11-6-2014,Feature has not been updated in 5 years or more
165936238,way,last_update,3-6-2012,Feature has not been updated in 5 years or more
165936239,way,last_update,29-6-2012,Feature has not been updated in 5 years or more
165936240,way,last_update,3-6-2012,Feature has not been updated in 5 years or more
165936241,way,last_update,13-10-2013,Feature has not been updated in 5 years or more
165936242,way,last_update,3-6-2012,Feature has not been updated in 5 years or more
165936245,way,last_update,3-6-2012,Feature has not been updated in 5 years or more
165936248,way,last_update,3-6-2012,Feature has not been updated in 5 years or more
165936250,way,last_update,3-6-2012,Feature has not been updated in 5 years or more
165936251,way,last_update,3-6-2012,Feature has not been updated in 5 years or more
165936252,way,last_update,3-6-2012,Feature has not been updated in 5 years or more
166696283,way,last_update,27-6-2021,Feature has not been updated in 5 years or more
166696284,way,last_update,27-6-2021,Feature has not been updated in 5 years or more
166696285,way,last_update,27-6-2021,Feature has not been updated in 5 years or more
166696287,way,last_update,27-6-2021,Feature has not been updated in 5 years or more
168045313,way,last_update,5-9-2015,Feature has not been updated in 5 years or more
168319445,way,last_update,11-12-2012,Feature has not been updated in 5 years or more
168319450,way,last_update,11-12-2012,Feature has not been updated in 5 years or more
168319453,way,last_update,11-12-2012,Feature has not been updated in 5 years or more
168319454,way,last_update,11-12-2012,Feature has not been updated in 5 years or more
168319455,way,last_update,11-12-2012,Feature has not been updated in 5 years or more
168319456,way,last_update,11-12-2012,Feature has not been updated in 5 years or more
168319457,way,last_update,11-12-2012,Feature has not been updated in 5 years or more
168319459,way,last_update,11-12-2012,Feature has not been updated in 5 years or more
168319460,way,last_update,11-12-2012,Feature has not been updated in 5 years or more
168840421,way,last_update,15-1-2021,Feature has not been updated in 5 years or more
168937678,way,last_update,8-5-2021,Feature has not been updated in 5 years or more
169117176,way,last_update,12-4-2014,Feature has not been updated in 5 years or more
169117178,way,last_update,16-4-2014,Feature has not been updated in 5 years or more
169117182,way,last_update,5-5-2014,Feature has not been updated in 5 years or more
169324994,way,last_update,18-7-2012,Feature has not been updated in 5 years or more
169324996,way,last_update,18-7-2012,Feature has not been updated in 5 years or more
169325000,way,last_update,1-10-2012,Feature has not been updated in 5 years or more
169463204,way,last_update,29-6-2012,Feature has not been updated in 5 years or more
169463235,way,last_update,29-6-2012,Feature has not been updated in 5 years or more
169463236,way,last_update,29-6-2012,Feature has not been updated in 5 years or more
169468238,way,last_update,29-6-2012,Feature has not been updated in 5 years or more
169470752,way,last_update,30-8-2013,Feature has not been updated in 5 years or more
169470756,way,last_update,10-1-2014,Feature has not been updated in 5 years or more
170873553,way,last_update,3-6-2021,Feature has not been updated in 5 years or more
170873556,way,last_update,14-5-2020,Feature has not been updated in 5 years or more
170873568,way,last_update,3-6-2021,Feature has not been updated in 5 years or more
170873581,way,last_update,3-6-2021,Feature has not been updated in 5 years or more
170873583,way,last_update,13-5-2020,Feature has not been updated in 5 years or more
171038225,way,last_update,11-7-2012,Feature has not been updated in 5 years or more
171038232,way,last_update,25-4-2020,Feature has not been updated in 5 years or more
171269671,way,last_update,31-3-2021,Feature has not been updated in 5 years or more
171269672,way,last_update,31-3-2021,Feature has not been updated in 5 years or more
171661009,way,last_update,6-9-2015,Feature has not been updated in 5 years or more
172077302,way,last_update,18-7-2012,Feature has not been updated in 5 years or more
172077305,way,last_update,18-7-2012,Feature has not been updated in 5 years or more
172129477,way,last_update,27-5-2021,Feature has not been updated in 5 years or more
172209060,way,last_update,8-5-2021,Feature has not been updated in 5 years or more
172261245,way,last_update,1-7-2014,Feature has not been updated in 5 years or more
172398658,way,last_update,21-7-2012,Feature has not been updated in 5 years or more
172678134,way,last_update,30-4-2019,Feature has not been updated in 5 years or more
172782292,way,last_update,24-7-2012,Feature has not been updated in 5 years or more
172803350,way,last_update,24-7-2012,Feature has not been updated in 5 years or more
172808185,way,last_update,9-3-2014,Feature has not been updated in 5 years or more
172808186,way,last_update,21-3-2013,Feature has not been updated in 5 years or more
172918436,way,last_update,12-10-2020,Feature has not been updated in 5 years or more
173047247,way,last_update,1-7-2014,Feature has not been updated in 5 years or more
173164695,way,last_update,20-12-2018,Feature has not been updated in 5 years or more
173173681,way,last_update,6-7-2021,Feature has not been updated in 5 years or more
174923208,way,last_update,9-3-2020,Feature has not been updated in 5 years or more
174923215,way,last_update,9-3-2020,Feature has not been updated in 5 years or more
174923223,way,last_update,14-5-2016,Feature has not been updated in 5 years or more
174976796,way,last_update,19-3-2015,Feature has not been updated in 5 years or more
175590386,way,last_update,17-6-2014,Feature has not been updated in 5 years or more
176194056,way,last_update,3-2-2013,Feature has not been updated in 5 years or more
176293192,way,last_update,11-7-2020,Feature has not been updated in 5 years or more
176293194,way,last_update,10-8-2020,Feature has not been updated in 5 years or more
177514938,way,last_update,23-8-2012,Feature has not been updated in 5 years or more
178284781,way,last_update,12-5-2019,Feature has not been updated in 5 years or more
178284782,way,last_update,12-5-2019,Feature has not been updated in 5 years or more
178285536,way,last_update,12-5-2019,Feature has not been updated in 5 years or more
179375638,way,last_update,3-9-2012,Feature has not been updated in 5 years or more
179408986,way,last_update,9-1-2017,Feature has not been updated in 5 years or more
179408988,way,last_update,9-1-2017,Feature has not been updated in 5 years or more
179409000,way,last_update,4-9-2012,Feature has not been updated in 5 years or more
180818743,way,last_update,6-5-2021,Feature has not been updated in 5 years or more
181269813,way,last_update,13-1-2021,Feature has not been updated in 5 years or more
181269817,way,last_update,13-1-2021,Feature has not been updated in 5 years or more
181269819,way,last_update,13-1-2021,Feature has not been updated in 5 years or more
181269820,way,last_update,25-4-2020,Feature has not been updated in 5 years or more
181269822,way,last_update,25-4-2020,Feature has not been updated in 5 years or more
181269823,way,last_update,13-1-2021,Feature has not been updated in 5 years or more
181269824,way,last_update,13-1-2021,Feature has not been updated in 5 years or more
181269825,way,last_update,25-4-2020,Feature has not been updated in 5 years or more
181269829,way,last_update,13-1-2021,Feature has not been updated in 5 years or more
181365873,way,last_update,16-9-2012,Feature has not been updated in 5 years or more
181365875,way,last_update,16-9-2012,Feature has not been updated in 5 years or more
181365877,way,last_update,16-9-2012,Feature has not been updated in 5 years or more
181365878,way,last_update,16-9-2012,Feature has not been updated in 5 years or more
181365879,way,last_update,16-9-2012,Feature has not been updated in 5 years or more
181365880,way,last_update,16-9-2012,Feature has not been updated in 5 years or more
181365881,way,last_update,16-9-2012,Feature has not been updated in 5 years or more
181365882,way,last_update,25-4-2020,Feature has not been updated in 5 years or more
181365883,way,last_update,2-1-2020,Feature has not been updated in 5 years or more
181365884,way,last_update,2-1-2020,Feature has not been updated in 5 years or more
181365885,way,last_update,16-9-2012,Feature has not been updated in 5 years or more
181365886,way,last_update,16-9-2012,Feature has not been updated in 5 years or more
181365887,way,last_update,5-12-2020,Feature has not been updated in 5 years or more
181365888,way,last_update,16-9-2012,Feature has not been updated in 5 years or more
181365892,way,last_update,26-8-2014,Feature has not been updated in 5 years or more
181365894,way,last_update,16-9-2012,Feature has not been updated in 5 years or more
181365895,way,last_update,16-9-2012,Feature has not been updated in 5 years or more
181365896,way,last_update,16-9-2012,Feature has not been updated in 5 years or more
181365897,way,last_update,16-9-2012,Feature has not been updated in 5 years or more
181365898,way,last_update,16-9-2012,Feature has not been updated in 5 years or more
181365901,way,last_update,16-9-2012,Feature has not been updated in 5 years or more
181365903,way,last_update,2-4-2021,Feature has not been updated in 5 years or more
181367187,way,last_update,25-4-2020,Feature has not been updated in 5 years or more
181371191,way,last_update,16-9-2012,Feature has not been updated in 5 years or more
181927376,way,last_update,31-1-2021,Feature has not been updated in 5 years or more
182033836,way,last_update,27-6-2021,Feature has not been updated in 5 years or more
182692260,way,last_update,24-9-2012,Feature has not been updated in 5 years or more
182692261,way,last_update,24-9-2012,Feature has not been updated in 5 years or more
182692262,way,last_update,24-9-2012,Feature has not been updated in 5 years or more
182692612,way,last_update,24-9-2012,Feature has not been updated in 5 years or more
182849661,way,last_update,16-3-2014,Feature has not been updated in 5 years or more
182849664,way,last_update,25-9-2012,Feature has not been updated in 5 years or more
182849665,way,last_update,25-9-2012,Feature has not been updated in 5 years or more
182849668,way,last_update,25-9-2012,Feature has not been updated in 5 years or more
182850002,way,last_update,10-7-2021,Feature has not been updated in 5 years or more
182850003,way,last_update,25-6-2014,Feature has not been updated in 5 years or more
182850004,way,last_update,10-7-2021,Feature has not been updated in 5 years or more
182850006,way,last_update,25-6-2014,Feature has not been updated in 5 years or more
182850008,way,last_update,10-7-2021,Feature has not been updated in 5 years or more
182850009,way,last_update,25-6-2014,Feature has not been updated in 5 years or more
182850010,way,last_update,23-11-2019,Feature has not been updated in 5 years or more
182850811,way,last_update,14-3-2021,Feature has not been updated in 5 years or more
182850819,way,last_update,25-9-2012,Feature has not been updated in 5 years or more
182850822,way,last_update,25-9-2012,Feature has not been updated in 5 years or more
183503368,way,last_update,18-6-2014,Feature has not been updated in 5 years or more
183503372,way,last_update,18-6-2014,Feature has not been updated in 5 years or more
183503373,way,last_update,8-2-2018,Feature has not been updated in 5 years or more
183503377,way,last_update,18-6-2014,Feature has not been updated in 5 years or more
183632417,way,last_update,8-2-2018,Feature has not been updated in 5 years or more
183632420,way,last_update,18-6-2014,Feature has not been updated in 5 years or more
183632422,way,last_update,18-6-2014,Feature has not been updated in 5 years or more
183656938,way,last_update,16-3-2014,Feature has not been updated in 5 years or more
183656939,way,last_update,18-6-2014,Feature has not been updated in 5 years or more
183656940,way,last_update,18-6-2014,Feature has not been updated in 5 years or more
184001001,way,last_update,3-10-2012,Feature has not been updated in 5 years or more
184001003,way,last_update,3-10-2012,Feature has not been updated in 5 years or more
184006489,way,last_update,3-10-2012,Feature has not been updated in 5 years or more
184006493,way,last_update,3-10-2012,Feature has not been updated in 5 years or more
184006499,way,last_update,27-12-2018,Feature has not been updated in 5 years or more
184007102,way,last_update,27-12-2018,Feature has not been updated in 5 years or more
184007190,way,last_update,11-6-2021,Feature has not been updated in 5 years or more
184007192,way,last_update,3-10-2012,Feature has not been updated in 5 years or more
184335643,way,last_update,21-7-2021,Feature has not been updated in 5 years or more
184618380,way,last_update,30-8-2021,Feature has not been updated in 5 years or more
184629267,way,last_update,26-3-2014,Feature has not been updated in 5 years or more
185310362,way,last_update,26-5-2021,Feature has not been updated in 5 years or more
186121494,way,last_update,25-11-2014,Feature has not been updated in 5 years or more
186121495,way,last_update,1-1-2021,Feature has not been updated in 5 years or more
186121499,way,last_update,2-5-2014,Feature has not been updated in 5 years or more
186121500,way,last_update,20-11-2014,Feature has not been updated in 5 years or more
186121501,way,last_update,29-10-2012,Feature has not been updated in 5 years or more
186121502,way,last_update,12-1-2021,Feature has not been updated in 5 years or more
186524170,way,last_update,23-6-2019,Feature has not been updated in 5 years or more
186886047,way,last_update,26-3-2014,Feature has not been updated in 5 years or more
186886050,way,last_update,21-10-2012,Feature has not been updated in 5 years or more
186886051,way,last_update,30-8-2021,Feature has not been updated in 5 years or more
187000333,way,last_update,14-4-2014,Feature has not been updated in 5 years or more
187000338,way,last_update,19-3-2015,Feature has not been updated in 5 years or more
187000341,way,last_update,22-10-2012,Feature has not been updated in 5 years or more
188745803,way,last_update,27-12-2016,Feature has not been updated in 5 years or more
189404126,way,last_update,11-7-2020,Feature has not been updated in 5 years or more
189404128,way,last_update,6-11-2012,Feature has not been updated in 5 years or more
189404129,way,last_update,6-11-2012,Feature has not been updated in 5 years or more
189404131,way,last_update,11-7-2020,Feature has not been updated in 5 years or more
190443521,way,last_update,21-4-2021,Feature has not been updated in 5 years or more
190443524,way,last_update,31-7-2018,Feature has not been updated in 5 years or more
190443527,way,last_update,31-7-2018,Feature has not been updated in 5 years or more
190443535,way,last_update,21-4-2021,Feature has not been updated in 5 years or more
190443537,way,last_update,29-4-2021,Feature has not been updated in 5 years or more
190443553,way,last_update,21-4-2021,Feature has not been updated in 5 years or more
190443555,way,last_update,21-4-2021,Feature has not been updated in 5 years or more
190443562,way,last_update,6-5-2021,Feature has not been updated in 5 years or more
190443567,way,last_update,21-4-2021,Feature has not been updated in 5 years or more
190443569,way,last_update,21-4-2021,Feature has not been updated in 5 years or more
192107474,way,last_update,22-11-2012,Feature has not been updated in 5 years or more
192223815,way,last_update,23-11-2012,Feature has not been updated in 5 years or more
192223816,way,last_update,6-8-2021,Feature has not been updated in 5 years or more
192224935,way,last_update,6-3-2021,Feature has not been updated in 5 years or more
192224936,way,last_update,6-3-2021,Feature has not been updated in 5 years or more
192224937,way,last_update,6-3-2021,Feature has not been updated in 5 years or more
192224938,way,last_update,6-3-2021,Feature has not been updated in 5 years or more
192224939,way,last_update,6-3-2021,Feature has not been updated in 5 years or more
192224940,way,last_update,6-3-2021,Feature has not been updated in 5 years or more
192224941,way,last_update,6-3-2021,Feature has not been updated in 5 years or more
192225483,way,last_update,6-3-2021,Feature has not been updated in 5 years or more
192315499,way,last_update,23-11-2012,Feature has not been updated in 5 years or more
192449694,way,last_update,27-5-2021,Feature has not been updated in 5 years or more
195282026,way,last_update,9-12-2012,Feature has not been updated in 5 years or more
195740270,way,last_update,1-12-2020,Feature has not been updated in 5 years or more
196123865,way,last_update,15-1-2020,Feature has not been updated in 5 years or more
196123869,way,last_update,13-1-2020,Feature has not been updated in 5 years or more
196527925,way,last_update,26-3-2014,Feature has not been updated in 5 years or more
196527926,way,last_update,5-4-2021,Feature has not been updated in 5 years or more
196527927,way,last_update,25-3-2014,Feature has not been updated in 5 years or more
196527928,way,last_update,8-5-2016,Feature has not been updated in 5 years or more
196527929,way,last_update,26-3-2014,Feature has not been updated in 5 years or more
197246293,way,last_update,5-3-2021,Feature has not been updated in 5 years or more
197246294,way,last_update,5-3-2021,Feature has not been updated in 5 years or more
197246295,way,last_update,5-3-2021,Feature has not been updated in 5 years or more
197246297,way,last_update,5-3-2021,Feature has not been updated in 5 years or more
197250031,way,last_update,19-12-2012,Feature has not been updated in 5 years or more
197250034,way,last_update,20-10-2015,Feature has not been updated in 5 years or more
197450335,way,last_update,26-4-2016,Feature has not been updated in 5 years or more
197450338,way,last_update,20-12-2012,Feature has not been updated in 5 years or more
198277537,way,last_update,10-1-2014,Feature has not been updated in 5 years or more
198277538,way,last_update,10-1-2014,Feature has not been updated in 5 years or more
198650576,way,last_update,30-8-2013,Feature has not been updated in 5 years or more
198652191,way,last_update,21-2-2018,Feature has not been updated in 5 years or more
199526615,way,last_update,29-4-2017,Feature has not been updated in 5 years or more
199570616,way,last_update,31-7-2018,Feature has not been updated in 5 years or more
199570619,way,last_update,31-7-2018,Feature has not been updated in 5 years or more
199570623,way,last_update,31-7-2018,Feature has not been updated in 5 years or more
199570637,way,last_update,31-7-2018,Feature has not been updated in 5 years or more
199570650,way,last_update,31-7-2018,Feature has not been updated in 5 years or more
199572291,way,last_update,9-2-2014,Feature has not been updated in 5 years or more
199684183,way,last_update,19-5-2019,Feature has not been updated in 5 years or more
199838847,way,last_update,10-1-2017,Feature has not been updated in 5 years or more
200080241,way,last_update,31-7-2018,Feature has not been updated in 5 years or more
200080242,way,last_update,31-7-2018,Feature has not been updated in 5 years or more
200160085,way,last_update,22-1-2016,Feature has not been updated in 5 years or more
200501463,way,last_update,31-7-2018,Feature has not been updated in 5 years or more
200660347,way,last_update,31-7-2018,Feature has not been updated in 5 years or more
200660348,way,last_update,31-7-2018,Feature has not been updated in 5 years or more
200660349,way,last_update,31-7-2018,Feature has not been updated in 5 years or more
200660351,way,last_update,31-7-2018,Feature has not been updated in 5 years or more
200660352,way,last_update,31-7-2018,Feature has not been updated in 5 years or more
200660353,way,last_update,31-7-2018,Feature has not been updated in 5 years or more
200660355,way,last_update,31-7-2018,Feature has not been updated in 5 years or more
200660356,way,last_update,31-7-2018,Feature has not been updated in 5 years or more
201997996,way,last_update,8-1-2017,Feature has not been updated in 5 years or more
202985986,way,last_update,5-9-2014,Feature has not been updated in 5 years or more
202988022,way,last_update,26-1-2013,Feature has not been updated in 5 years or more
202988023,way,last_update,31-5-2016,Feature has not been updated in 5 years or more
202988987,way,last_update,12-10-2013,Feature has not been updated in 5 years or more
202988990,way,last_update,17-2-2019,Feature has not been updated in 5 years or more
202989015,way,last_update,12-10-2013,Feature has not been updated in 5 years or more
202989022,way,last_update,15-2-2019,Feature has not been updated in 5 years or more
204058219,way,last_update,6-2-2015,Feature has not been updated in 5 years or more
206111237,way,last_update,21-2-2020,Feature has not been updated in 5 years or more
206749952,way,last_update,13-1-2020,Feature has not been updated in 5 years or more
206749953,way,last_update,13-1-2020,Feature has not been updated in 5 years or more
206753479,way,last_update,31-7-2018,Feature has not been updated in 5 years or more
206753480,way,last_update,31-7-2018,Feature has not been updated in 5 years or more
206753482,way,last_update,31-8-2021,Feature has not been updated in 5 years or more
206756276,way,last_update,31-7-2018,Feature has not been updated in 5 years or more
206756278,way,last_update,31-7-2018,Feature has not been updated in 5 years or more
206763875,way,last_update,31-7-2018,Feature has not been updated in 5 years or more
206763876,way,last_update,21-8-2021,Feature has not been updated in 5 years or more
206763877,way,last_update,31-7-2018,Feature has not been updated in 5 years or more
206763881,way,last_update,31-7-2018,Feature has not been updated in 5 years or more
206763882,way,last_update,31-7-2018,Feature has not been updated in 5 years or more
206763884,way,last_update,31-7-2018,Feature has not been updated in 5 years or more
206763886,way,last_update,31-7-2018,Feature has not been updated in 5 years or more
206763887,way,last_update,31-7-2018,Feature has not been updated in 5 years or more
206763888,way,last_update,31-7-2018,Feature has not been updated in 5 years or more
206763889,way,last_update,21-8-2021,Feature has not been updated in 5 years or more
206763890,way,last_update,31-7-2018,Feature has not been updated in 5 years or more
206763891,way,last_update,8-8-2021,Feature has not been updated in 5 years or more
206763892,way,last_update,31-7-2018,Feature has not been updated in 5 years or more
206763893,way,last_update,31-7-2018,Feature has not been updated in 5 years or more
206763894,way,last_update,31-7-2018,Feature has not been updated in 5 years or more
206763895,way,last_update,31-7-2018,Feature has not been updated in 5 years or more
206763897,way,last_update,31-7-2018,Feature has not been updated in 5 years or more
206763901,way,last_update,2-5-2019,Feature has not been updated in 5 years or more
206763903,way,last_update,24-9-2020,Feature has not been updated in 5 years or more
206763905,way,last_update,8-8-2021,Feature has not been updated in 5 years or more
206763906,way,last_update,31-7-2018,Feature has not been updated in 5 years or more
206763909,way,last_update,31-7-2018,Feature has not been updated in 5 years or more
206763912,way,last_update,31-7-2018,Feature has not been updated in 5 years or more
206763914,way,last_update,21-8-2021,Feature has not been updated in 5 years or more
206763917,way,last_update,31-7-2018,Feature has not been updated in 5 years or more
206763948,way,last_update,31-7-2018,Feature has not been updated in 5 years or more
207884402,way,last_update,31-7-2018,Feature has not been updated in 5 years or more
207884412,way,last_update,31-7-2018,Feature has not been updated in 5 years or more
207884413,way,last_update,31-7-2018,Feature has not been updated in 5 years or more
207884414,way,last_update,31-7-2018,Feature has not been updated in 5 years or more
207907316,way,last_update,31-7-2018,Feature has not been updated in 5 years or more
207907317,way,last_update,31-7-2018,Feature has not been updated in 5 years or more
207907318,way,last_update,31-7-2018,Feature has not been updated in 5 years or more
207907319,way,last_update,31-7-2018,Feature has not been updated in 5 years or more
207909445,way,last_update,31-7-2018,Feature has not been updated in 5 years or more
208091044,way,last_update,18-12-2020,Feature has not been updated in 5 years or more
208091049,way,last_update,10-6-2014,Feature has not been updated in 5 years or more
208091053,way,last_update,22-11-2020,Feature has not been updated in 5 years or more
208091055,way,last_update,3-3-2013,Feature has not been updated in 5 years or more
208091057,way,last_update,3-3-2013,Feature has not been updated in 5 years or more
208091066,way,last_update,10-6-2014,Feature has not been updated in 5 years or more
208091072,way,last_update,19-3-2015,Feature has not been updated in 5 years or more
208139456,way,last_update,19-6-2014,Feature has not been updated in 5 years or more
208139457,way,last_update,3-3-2013,Feature has not been updated in 5 years or more
208251482,way,last_update,9-7-2021,Feature has not been updated in 5 years or more
208385144,way,last_update,28-2-2021,Feature has not been updated in 5 years or more
208733547,way,last_update,7-3-2013,Feature has not been updated in 5 years or more
208733554,way,last_update,7-3-2013,Feature has not been updated in 5 years or more
208733556,way,last_update,7-3-2013,Feature has not been updated in 5 years or more
209166652,way,last_update,21-3-2021,Feature has not been updated in 5 years or more
209350920,way,last_update,31-7-2018,Feature has not been updated in 5 years or more
209350921,way,last_update,31-7-2018,Feature has not been updated in 5 years or more
209350922,way,last_update,31-7-2018,Feature has not been updated in 5 years or more
209350923,way,last_update,31-7-2018,Feature has not been updated in 5 years or more
209355622,way,last_update,27-5-2021,Feature has not been updated in 5 years or more
209817020,way,last_update,31-7-2018,Feature has not been updated in 5 years or more
209817021,way,last_update,31-7-2018,Feature has not been updated in 5 years or more
209823187,way,last_update,31-7-2018,Feature has not been updated in 5 years or more
210459577,way,last_update,14-5-2018,Feature has not been updated in 5 years or more
210459578,way,last_update,14-5-2018,Feature has not been updated in 5 years or more
210624535,way,last_update,16-4-2014,Feature has not been updated in 5 years or more
210752349,way,last_update,18-3-2013,Feature has not been updated in 5 years or more
210815816,way,last_update,18-3-2013,Feature has not been updated in 5 years or more
211245924,way,last_update,21-3-2013,Feature has not been updated in 5 years or more
211284738,way,last_update,21-5-2014,Feature has not been updated in 5 years or more
211721845,way,last_update,2-6-2021,Feature has not been updated in 5 years or more
211721851,way,last_update,14-12-2015,Feature has not been updated in 5 years or more
211724990,way,last_update,2-6-2021,Feature has not been updated in 5 years or more
211728908,way,last_update,29-6-2014,Feature has not been updated in 5 years or more
211730879,way,last_update,20-5-2017,Feature has not been updated in 5 years or more
211730880,way,last_update,23-3-2013,Feature has not been updated in 5 years or more
215634356,way,last_update,18-5-2021,Feature has not been updated in 5 years or more
215634409,way,last_update,18-5-2021,Feature has not been updated in 5 years or more
215634551,way,last_update,5-4-2013,Feature has not been updated in 5 years or more
215634554,way,last_update,31-3-2021,Feature has not been updated in 5 years or more
215634557,way,last_update,17-2-2017,Feature has not been updated in 5 years or more
215634559,way,last_update,18-5-2021,Feature has not been updated in 5 years or more
216086143,way,last_update,21-3-2021,Feature has not been updated in 5 years or more
216091540,way,last_update,26-3-2014,Feature has not been updated in 5 years or more
216094588,way,last_update,26-3-2014,Feature has not been updated in 5 years or more
217338344,way,last_update,16-8-2016,Feature has not been updated in 5 years or more
217338767,way,last_update,13-4-2013,Feature has not been updated in 5 years or more
217338768,way,last_update,13-4-2013,Feature has not been updated in 5 years or more
217339661,way,last_update,13-4-2013,Feature has not been updated in 5 years or more
217403040,way,last_update,14-4-2013,Feature has not been updated in 5 years or more
217403043,way,last_update,14-4-2013,Feature has not been updated in 5 years or more
217403045,way,last_update,14-4-2013,Feature has not been updated in 5 years or more
217403047,way,last_update,14-4-2013,Feature has not been updated in 5 years or more
217566564,way,last_update,15-4-2013,Feature has not been updated in 5 years or more
217566567,way,last_update,15-4-2013,Feature has not been updated in 5 years or more
217566568,way,last_update,15-4-2013,Feature has not been updated in 5 years or more
217566569,way,last_update,26-7-2015,Feature has not been updated in 5 years or more
217566580,way,last_update,15-4-2013,Feature has not been updated in 5 years or more
217566584,way,last_update,15-4-2013,Feature has not been updated in 5 years or more
217566585,way,last_update,15-4-2013,Feature has not been updated in 5 years or more
217566586,way,last_update,15-4-2013,Feature has not been updated in 5 years or more
217566635,way,last_update,15-4-2013,Feature has not been updated in 5 years or more
218520532,way,last_update,4-7-2014,Feature has not been updated in 5 years or more
218520533,way,last_update,4-7-2014,Feature has not been updated in 5 years or more
218520535,way,last_update,4-7-2014,Feature has not been updated in 5 years or more
218520537,way,last_update,9-7-2020,Feature has not been updated in 5 years or more
220740007,way,last_update,10-5-2013,Feature has not been updated in 5 years or more
220740815,way,last_update,10-5-2013,Feature has not been updated in 5 years or more
220741259,way,last_update,10-5-2013,Feature has not been updated in 5 years or more
222611672,way,last_update,14-5-2021,Feature has not been updated in 5 years or more
222783165,way,last_update,7-6-2021,Feature has not been updated in 5 years or more
222783800,way,last_update,7-6-2021,Feature has not been updated in 5 years or more
223479144,way,last_update,17-11-2016,Feature has not been updated in 5 years or more
224137804,way,last_update,4-7-2014,Feature has not been updated in 5 years or more
224226354,way,last_update,3-6-2013,Feature has not been updated in 5 years or more
224226355,way,last_update,3-6-2013,Feature has not been updated in 5 years or more
224226357,way,last_update,3-6-2013,Feature has not been updated in 5 years or more
224226359,way,last_update,6-4-2014,Feature has not been updated in 5 years or more
224226361,way,last_update,3-6-2013,Feature has not been updated in 5 years or more
224226364,way,last_update,3-6-2013,Feature has not been updated in 5 years or more
224421031,way,last_update,31-7-2018,Feature has not been updated in 5 years or more
226924324,way,last_update,15-2-2021,Feature has not been updated in 5 years or more
227104750,way,last_update,3-7-2014,Feature has not been updated in 5 years or more
227793367,way,last_update,26-11-2020,Feature has not been updated in 5 years or more
228136657,way,last_update,26-3-2014,Feature has not been updated in 5 years or more
228136662,way,last_update,26-3-2014,Feature has not been updated in 5 years or more
228366407,way,last_update,16-3-2014,Feature has not been updated in 5 years or more
228366420,way,last_update,16-3-2014,Feature has not been updated in 5 years or more
228848531,way,last_update,11-3-2021,Feature has not been updated in 5 years or more
228848532,way,last_update,11-3-2021,Feature has not been updated in 5 years or more
228848533,way,last_update,11-3-2021,Feature has not been updated in 5 years or more
228848534,way,last_update,11-3-2021,Feature has not been updated in 5 years or more
228848535,way,last_update,11-3-2021,Feature has not been updated in 5 years or more
230213767,way,last_update,28-11-2019,Feature has not been updated in 5 years or more
230213769,way,last_update,28-11-2019,Feature has not been updated in 5 years or more
230213771,way,last_update,28-11-2019,Feature has not been updated in 5 years or more
230213772,way,last_update,28-11-2019,Feature has not been updated in 5 years or more
230213774,way,last_update,28-11-2019,Feature has not been updated in 5 years or more
230213775,way,last_update,8-5-2017,Feature has not been updated in 5 years or more
230213776,way,last_update,10-5-2017,Feature has not been updated in 5 years or more
230511682,way,last_update,19-7-2013,Feature has not been updated in 5 years or more
230511688,way,last_update,19-7-2013,Feature has not been updated in 5 years or more
231609844,way,last_update,31-7-2018,Feature has not been updated in 5 years or more
231609850,way,last_update,31-7-2018,Feature has not been updated in 5 years or more
231609861,way,last_update,31-7-2018,Feature has not been updated in 5 years or more
232028063,way,last_update,31-7-2018,Feature has not been updated in 5 years or more
232028064,way,last_update,31-7-2018,Feature has not been updated in 5 years or more
232028066,way,last_update,31-7-2018,Feature has not been updated in 5 years or more
232028068,way,last_update,31-7-2018,Feature has not been updated in 5 years or more
232028070,way,last_update,31-7-2018,Feature has not been updated in 5 years or more
232028074,way,last_update,31-7-2018,Feature has not been updated in 5 years or more
232703090,way,last_update,2-12-2019,Feature has not been updated in 5 years or more
232703092,way,last_update,20-1-2018,Feature has not been updated in 5 years or more
232834347,way,last_update,8-8-2013,Feature has not been updated in 5 years or more
232834350,way,last_update,8-8-2013,Feature has not been updated in 5 years or more
232834352,way,last_update,8-8-2013,Feature has not been updated in 5 years or more
233038280,way,last_update,10-8-2013,Feature has not been updated in 5 years or more
233038281,way,last_update,10-8-2013,Feature has not been updated in 5 years or more
233038282,way,last_update,10-8-2013,Feature has not been updated in 5 years or more
233150356,way,last_update,27-12-2016,Feature has not been updated in 5 years or more
233150358,way,last_update,25-3-2014,Feature has not been updated in 5 years or more
233150363,way,last_update,25-3-2014,Feature has not been updated in 5 years or more
233150979,way,last_update,11-8-2013,Feature has not been updated in 5 years or more
233150980,way,last_update,9-8-2014,Feature has not been updated in 5 years or more
233150981,way,last_update,11-8-2013,Feature has not been updated in 5 years or more
233342329,way,last_update,4-11-2015,Feature has not been updated in 5 years or more
233640615,way,last_update,15-8-2013,Feature has not been updated in 5 years or more
233756186,way,last_update,21-4-2021,Feature has not been updated in 5 years or more
235455806,way,last_update,23-9-2020,Feature has not been updated in 5 years or more
235474421,way,last_update,29-4-2019,Feature has not been updated in 5 years or more
235820225,way,last_update,1-4-2021,Feature has not been updated in 5 years or more
235820227,way,last_update,30-8-2013,Feature has not been updated in 5 years or more
235820733,way,last_update,30-8-2013,Feature has not been updated in 5 years or more
236392315,way,last_update,6-3-2021,Feature has not been updated in 5 years or more
236558747,way,last_update,4-9-2013,Feature has not been updated in 5 years or more
236558888,way,last_update,28-3-2014,Feature has not been updated in 5 years or more
236821539,way,last_update,26-3-2014,Feature has not been updated in 5 years or more
237521219,way,last_update,16-7-2016,Feature has not been updated in 5 years or more
237521220,way,last_update,16-7-2016,Feature has not been updated in 5 years or more
237521221,way,last_update,16-7-2016,Feature has not been updated in 5 years or more
237521223,way,last_update,23-2-2019,Feature has not been updated in 5 years or more
238083099,way,last_update,15-9-2013,Feature has not been updated in 5 years or more
238083100,way,last_update,31-7-2018,Feature has not been updated in 5 years or more
238083105,way,last_update,15-9-2013,Feature has not been updated in 5 years or more
239417113,way,last_update,25-1-2018,Feature has not been updated in 5 years or more
239970323,way,last_update,30-9-2013,Feature has not been updated in 5 years or more
239980634,way,last_update,30-9-2013,Feature has not been updated in 5 years or more
239980637,way,last_update,30-9-2013,Feature has not been updated in 5 years or more
240290414,way,last_update,16-12-2014,Feature has not been updated in 5 years or more
240865839,way,last_update,8-5-2019,Feature has not been updated in 5 years or more
240990527,way,last_update,7-10-2013,Feature has not been updated in 5 years or more
240990530,way,last_update,23-5-2016,Feature has not been updated in 5 years or more
240990539,way,last_update,29-11-2013,Feature has not been updated in 5 years or more
241549047,way,last_update,10-10-2013,Feature has not been updated in 5 years or more
241550269,way,last_update,9-12-2016,Feature has not been updated in 5 years or more
241550272,way,last_update,28-9-2020,Feature has not been updated in 5 years or more
241550274,way,last_update,9-12-2016,Feature has not been updated in 5 years or more
241550276,way,last_update,10-10-2013,Feature has not been updated in 5 years or more
241792951,way,last_update,3-11-2013,Feature has not been updated in 5 years or more
241792953,way,last_update,12-10-2013,Feature has not been updated in 5 years or more
241792954,way,last_update,3-11-2013,Feature has not been updated in 5 years or more
241792956,way,last_update,12-10-2013,Feature has not been updated in 5 years or more
241792960,way,last_update,12-10-2013,Feature has not been updated in 5 years or more
241792961,way,last_update,12-10-2013,Feature has not been updated in 5 years or more
241792964,way,last_update,12-10-2013,Feature has not been updated in 5 years or more
241792970,way,last_update,12-10-2013,Feature has not been updated in 5 years or more
241792971,way,last_update,21-1-2020,Feature has not been updated in 5 years or more
241901988,way,last_update,20-12-2017,Feature has not been updated in 5 years or more
241901989,way,last_update,20-12-2017,Feature has not been updated in 5 years or more
242708140,way,last_update,1-8-2014,Feature has not been updated in 5 years or more
242708143,way,last_update,16-11-2013,Feature has not been updated in 5 years or more
242708160,way,last_update,19-10-2013,Feature has not been updated in 5 years or more
242708161,way,last_update,19-10-2013,Feature has not been updated in 5 years or more
242708162,way,last_update,19-10-2013,Feature has not been updated in 5 years or more
242711185,way,last_update,19-10-2013,Feature has not been updated in 5 years or more
242711188,way,last_update,27-6-2021,Feature has not been updated in 5 years or more
242711190,way,last_update,27-6-2021,Feature has not been updated in 5 years or more
242712535,way,last_update,16-11-2013,Feature has not been updated in 5 years or more
242712542,way,last_update,19-10-2013,Feature has not been updated in 5 years or more
243479297,way,last_update,12-3-2014,Feature has not been updated in 5 years or more
244071215,way,last_update,9-1-2014,Feature has not been updated in 5 years or more
244071216,way,last_update,30-10-2013,Feature has not been updated in 5 years or more
244130590,way,last_update,10-4-2016,Feature has not been updated in 5 years or more
244130601,way,last_update,17-6-2014,Feature has not been updated in 5 years or more
244130602,way,last_update,17-6-2014,Feature has not been updated in 5 years or more
244130606,way,last_update,17-6-2014,Feature has not been updated in 5 years or more
244130608,way,last_update,17-6-2014,Feature has not been updated in 5 years or more
244130610,way,last_update,17-6-2014,Feature has not been updated in 5 years or more
244143535,way,last_update,16-8-2020,Feature has not been updated in 5 years or more
244597683,way,last_update,3-11-2013,Feature has not been updated in 5 years or more
244600560,way,last_update,3-11-2013,Feature has not been updated in 5 years or more
244600563,way,last_update,20-11-2013,Feature has not been updated in 5 years or more
245232311,way,last_update,26-11-2019,Feature has not been updated in 5 years or more
245232312,way,last_update,25-11-2018,Feature has not been updated in 5 years or more
245857621,way,last_update,26-11-2013,Feature has not been updated in 5 years or more
245857627,way,last_update,12-11-2013,Feature has not been updated in 5 years or more
245857630,way,last_update,26-11-2013,Feature has not been updated in 5 years or more
245858858,way,last_update,12-11-2013,Feature has not been updated in 5 years or more
245870795,way,last_update,12-11-2013,Feature has not been updated in 5 years or more
246289394,way,last_update,11-12-2016,Feature has not been updated in 5 years or more
246289410,way,last_update,11-12-2016,Feature has not been updated in 5 years or more
246289599,way,last_update,1-7-2017,Feature has not been updated in 5 years or more
246292074,way,last_update,29-8-2021,Feature has not been updated in 5 years or more
246299778,way,last_update,3-5-2015,Feature has not been updated in 5 years or more
246300195,way,last_update,17-8-2018,Feature has not been updated in 5 years or more
246301354,way,last_update,15-11-2013,Feature has not been updated in 5 years or more
246301358,way,last_update,15-11-2013,Feature has not been updated in 5 years or more
246302140,way,last_update,15-11-2013,Feature has not been updated in 5 years or more
246302142,way,last_update,15-11-2013,Feature has not been updated in 5 years or more
246302143,way,last_update,15-11-2013,Feature has not been updated in 5 years or more
246302144,way,last_update,15-11-2013,Feature has not been updated in 5 years or more
246302145,way,last_update,15-11-2013,Feature has not been updated in 5 years or more
246302205,way,last_update,15-11-2013,Feature has not been updated in 5 years or more
246313109,way,last_update,22-12-2017,Feature has not been updated in 5 years or more
246485586,way,last_update,16-11-2013,Feature has not been updated in 5 years or more
246485587,way,last_update,20-10-2014,Feature has not been updated in 5 years or more
246485588,way,last_update,20-10-2014,Feature has not been updated in 5 years or more
246485590,way,last_update,7-12-2013,Feature has not been updated in 5 years or more
246485594,way,last_update,20-10-2014,Feature has not been updated in 5 years or more
246485602,way,last_update,16-11-2013,Feature has not been updated in 5 years or more
246498393,way,last_update,16-11-2013,Feature has not been updated in 5 years or more
246498395,way,last_update,16-11-2013,Feature has not been updated in 5 years or more
246505622,way,last_update,16-11-2013,Feature has not been updated in 5 years or more
246505623,way,last_update,16-11-2013,Feature has not been updated in 5 years or more
246505624,way,last_update,16-11-2013,Feature has not been updated in 5 years or more
246505625,way,last_update,16-11-2013,Feature has not been updated in 5 years or more
246505626,way,last_update,16-11-2013,Feature has not been updated in 5 years or more
247276606,way,last_update,20-11-2013,Feature has not been updated in 5 years or more
247276607,way,last_update,20-11-2013,Feature has not been updated in 5 years or more
247276608,way,last_update,20-11-2013,Feature has not been updated in 5 years or more
247276609,way,last_update,20-11-2013,Feature has not been updated in 5 years or more
247276610,way,last_update,20-11-2013,Feature has not been updated in 5 years or more
247276611,way,last_update,20-11-2013,Feature has not been updated in 5 years or more
247276613,way,last_update,20-12-2013,Feature has not been updated in 5 years or more
247586239,way,last_update,22-11-2013,Feature has not been updated in 5 years or more
247586244,way,last_update,22-11-2013,Feature has not been updated in 5 years or more
247586246,way,last_update,22-11-2013,Feature has not been updated in 5 years or more
247586247,way,last_update,22-11-2013,Feature has not been updated in 5 years or more
247586249,way,last_update,22-11-2013,Feature has not been updated in 5 years or more
247586250,way,last_update,22-11-2013,Feature has not been updated in 5 years or more
247586251,way,last_update,22-11-2013,Feature has not been updated in 5 years or more
247586252,way,last_update,22-11-2013,Feature has not been updated in 5 years or more
247586254,way,last_update,22-11-2013,Feature has not been updated in 5 years or more
247586255,way,last_update,22-11-2013,Feature has not been updated in 5 years or more
248309791,way,last_update,13-7-2020,Feature has not been updated in 5 years or more
248592096,way,last_update,26-11-2013,Feature has not been updated in 5 years or more
248592098,way,last_update,26-11-2013,Feature has not been updated in 5 years or more
248592099,way,last_update,26-11-2013,Feature has not been updated in 5 years or more
248592101,way,last_update,26-11-2013,Feature has not been updated in 5 years or more
248592102,way,last_update,26-11-2013,Feature has not been updated in 5 years or more
248592103,way,last_update,26-11-2013,Feature has not been updated in 5 years or more
248592105,way,last_update,26-11-2013,Feature has not been updated in 5 years or more
248592106,way,last_update,26-11-2013,Feature has not been updated in 5 years or more
248592107,way,last_update,26-11-2013,Feature has not been updated in 5 years or more
248977535,way,last_update,29-11-2013,Feature has not been updated in 5 years or more
248977542,way,last_update,29-11-2013,Feature has not been updated in 5 years or more
248977544,way,last_update,29-11-2013,Feature has not been updated in 5 years or more
248981599,way,last_update,29-11-2013,Feature has not been updated in 5 years or more
249186115,way,last_update,19-8-2018,Feature has not been updated in 5 years or more
249186116,way,last_update,10-3-2016,Feature has not been updated in 5 years or more
249186117,way,last_update,10-3-2016,Feature has not been updated in 5 years or more
249186118,way,last_update,10-3-2016,Feature has not been updated in 5 years or more
249186119,way,last_update,10-3-2016,Feature has not been updated in 5 years or more
249186120,way,last_update,19-8-2018,Feature has not been updated in 5 years or more
249186121,way,last_update,10-3-2016,Feature has not been updated in 5 years or more
249186122,way,last_update,19-8-2018,Feature has not been updated in 5 years or more
249278518,way,last_update,30-11-2013,Feature has not been updated in 5 years or more
249278840,way,last_update,8-5-2020,Feature has not been updated in 5 years or more
250159901,way,last_update,9-10-2020,Feature has not been updated in 5 years or more
250159902,way,last_update,12-12-2018,Feature has not been updated in 5 years or more
250159903,way,last_update,12-12-2018,Feature has not been updated in 5 years or more
250323875,way,last_update,6-12-2013,Feature has not been updated in 5 years or more
250457382,way,last_update,6-12-2013,Feature has not been updated in 5 years or more
250549189,way,last_update,20-10-2014,Feature has not been updated in 5 years or more
250549190,way,last_update,20-10-2014,Feature has not been updated in 5 years or more
251312648,way,last_update,2-12-2014,Feature has not been updated in 5 years or more
251653596,way,last_update,31-7-2018,Feature has not been updated in 5 years or more
251653599,way,last_update,31-7-2018,Feature has not been updated in 5 years or more
253018906,way,last_update,14-5-2021,Feature has not been updated in 5 years or more
253018907,way,last_update,14-5-2021,Feature has not been updated in 5 years or more
253018911,way,last_update,14-5-2021,Feature has not been updated in 5 years or more
253018912,way,last_update,14-5-2021,Feature has not been updated in 5 years or more
253018914,way,last_update,26-8-2021,Feature has not been updated in 5 years or more
253477793,way,last_update,25-12-2013,Feature has not been updated in 5 years or more
254552433,way,last_update,2-6-2017,Feature has not been updated in 5 years or more
254609537,way,last_update,9-7-2021,Feature has not been updated in 5 years or more
254809753,way,last_update,7-1-2014,Feature has not been updated in 5 years or more
254810006,way,last_update,14-3-2014,Feature has not been updated in 5 years or more
254838954,way,last_update,18-3-2014,Feature has not been updated in 5 years or more
255070609,way,last_update,3-1-2014,Feature has not been updated in 5 years or more
255070615,way,last_update,3-1-2014,Feature has not been updated in 5 years or more
255070835,way,last_update,3-1-2014,Feature has not been updated in 5 years or more
255070837,way,last_update,3-1-2014,Feature has not been updated in 5 years or more
255073523,way,last_update,3-1-2014,Feature has not been updated in 5 years or more
255073525,way,last_update,3-1-2014,Feature has not been updated in 5 years or more
255533582,way,last_update,19-6-2015,Feature has not been updated in 5 years or more
255543990,way,last_update,12-4-2014,Feature has not been updated in 5 years or more
255696951,way,last_update,21-7-2021,Feature has not been updated in 5 years or more
255696960,way,last_update,21-7-2021,Feature has not been updated in 5 years or more
255696968,way,last_update,21-7-2021,Feature has not been updated in 5 years or more
255789578,way,last_update,8-1-2014,Feature has not been updated in 5 years or more
255789579,way,last_update,8-1-2014,Feature has not been updated in 5 years or more
255789580,way,last_update,21-7-2021,Feature has not been updated in 5 years or more
255789581,way,last_update,8-1-2014,Feature has not been updated in 5 years or more
255789582,way,last_update,8-1-2014,Feature has not been updated in 5 years or more
255803840,way,last_update,11-3-2020,Feature has not been updated in 5 years or more
255803841,way,last_update,10-3-2016,Feature has not been updated in 5 years or more
255803842,way,last_update,10-3-2016,Feature has not been updated in 5 years or more
256056074,way,last_update,10-1-2014,Feature has not been updated in 5 years or more
256056075,way,last_update,10-1-2014,Feature has not been updated in 5 years or more
256708343,way,last_update,12-4-2014,Feature has not been updated in 5 years or more
256916605,way,last_update,16-1-2014,Feature has not been updated in 5 years or more
256998632,way,last_update,4-2-2014,Feature has not been updated in 5 years or more
257903777,way,last_update,23-1-2014,Feature has not been updated in 5 years or more
258076963,way,last_update,24-1-2014,Feature has not been updated in 5 years or more
258079464,way,last_update,24-1-2014,Feature has not been updated in 5 years or more
258079465,way,last_update,24-1-2014,Feature has not been updated in 5 years or more
258079847,way,last_update,24-1-2014,Feature has not been updated in 5 years or more
258079848,way,last_update,24-1-2014,Feature has not been updated in 5 years or more
258079849,way,last_update,24-1-2014,Feature has not been updated in 5 years or more
258079850,way,last_update,24-1-2014,Feature has not been updated in 5 years or more
258079851,way,last_update,24-1-2014,Feature has not been updated in 5 years or more
258081086,way,last_update,24-1-2014,Feature has not been updated in 5 years or more
258081371,way,last_update,24-1-2014,Feature has not been updated in 5 years or more
258081373,way,last_update,24-1-2014,Feature has not been updated in 5 years or more
258086303,way,last_update,24-1-2014,Feature has not been updated in 5 years or more
258086848,way,last_update,24-1-2014,Feature has not been updated in 5 years or more
258088643,way,last_update,24-1-2014,Feature has not been updated in 5 years or more
258088967,way,last_update,24-1-2014,Feature has not been updated in 5 years or more
258090388,way,last_update,24-1-2014,Feature has not been updated in 5 years or more
258090391,way,last_update,24-1-2014,Feature has not been updated in 5 years or more
258090396,way,last_update,24-1-2014,Feature has not been updated in 5 years or more
258090397,way,last_update,24-1-2014,Feature has not been updated in 5 years or more
258096662,way,last_update,24-1-2014,Feature has not been updated in 5 years or more
258099527,way,last_update,24-1-2014,Feature has not been updated in 5 years or more
258099603,way,last_update,24-1-2014,Feature has not been updated in 5 years or more
258109037,way,last_update,25-1-2014,Feature has not been updated in 5 years or more
258109090,way,last_update,24-5-2014,Feature has not been updated in 5 years or more
258109729,way,last_update,24-1-2014,Feature has not been updated in 5 years or more
258109730,way,last_update,24-1-2014,Feature has not been updated in 5 years or more
258109731,way,last_update,16-8-2020,Feature has not been updated in 5 years or more
258247784,way,last_update,19-8-2018,Feature has not been updated in 5 years or more
258247787,way,last_update,19-8-2018,Feature has not been updated in 5 years or more
258775003,way,last_update,24-3-2014,Feature has not been updated in 5 years or more
258776508,way,last_update,28-1-2014,Feature has not been updated in 5 years or more
258776511,way,last_update,28-1-2014,Feature has not been updated in 5 years or more
259166437,way,last_update,22-11-2020,Feature has not been updated in 5 years or more
259166529,way,last_update,31-1-2014,Feature has not been updated in 5 years or more
259324527,way,last_update,1-3-2014,Feature has not been updated in 5 years or more
259729020,way,last_update,3-2-2014,Feature has not been updated in 5 years or more
259729021,way,last_update,3-2-2014,Feature has not been updated in 5 years or more
259729024,way,last_update,3-2-2014,Feature has not been updated in 5 years or more
259729151,way,last_update,3-2-2014,Feature has not been updated in 5 years or more
259730116,way,last_update,14-3-2021,Feature has not been updated in 5 years or more
259730117,way,last_update,14-3-2021,Feature has not been updated in 5 years or more
259730611,way,last_update,16-3-2014,Feature has not been updated in 5 years or more
259730615,way,last_update,14-3-2021,Feature has not been updated in 5 years or more
259730989,way,last_update,14-3-2021,Feature has not been updated in 5 years or more
259730991,way,last_update,14-3-2021,Feature has not been updated in 5 years or more
259730993,way,last_update,14-3-2021,Feature has not been updated in 5 years or more
259731085,way,last_update,14-3-2021,Feature has not been updated in 5 years or more
259732435,way,last_update,13-1-2020,Feature has not been updated in 5 years or more
259747270,way,last_update,11-5-2021,Feature has not been updated in 5 years or more
259747275,way,last_update,24-1-2020,Feature has not been updated in 5 years or more
259747277,way,last_update,11-5-2021,Feature has not been updated in 5 years or more
259747278,way,last_update,7-5-2021,Feature has not been updated in 5 years or more
259747279,way,last_update,23-1-2020,Feature has not been updated in 5 years or more
259747920,way,last_update,6-3-2015,Feature has not been updated in 5 years or more
259885620,way,last_update,4-2-2014,Feature has not been updated in 5 years or more
259888817,way,last_update,4-2-2014,Feature has not been updated in 5 years or more
259890275,way,last_update,4-2-2014,Feature has not been updated in 5 years or more
259890327,way,last_update,4-2-2014,Feature has not been updated in 5 years or more
259890476,way,last_update,4-2-2014,Feature has not been updated in 5 years or more
259890478,way,last_update,4-2-2014,Feature has not been updated in 5 years or more
259890516,way,last_update,4-2-2014,Feature has not been updated in 5 years or more
260132477,way,last_update,2-5-2014,Feature has not been updated in 5 years or more
260459369,way,last_update,7-2-2014,Feature has not been updated in 5 years or more
260462946,way,last_update,7-2-2014,Feature has not been updated in 5 years or more
260463555,way,last_update,7-2-2014,Feature has not been updated in 5 years or more
260464176,way,last_update,7-2-2014,Feature has not been updated in 5 years or more
260464227,way,last_update,7-2-2014,Feature has not been updated in 5 years or more
260467106,way,last_update,7-2-2014,Feature has not been updated in 5 years or more
260483051,way,last_update,7-2-2014,Feature has not been updated in 5 years or more
260484227,way,last_update,7-2-2014,Feature has not been updated in 5 years or more
260489382,way,last_update,7-2-2014,Feature has not been updated in 5 years or more
260489389,way,last_update,28-1-2020,Feature has not been updated in 5 years or more
260489392,way,last_update,7-2-2014,Feature has not been updated in 5 years or more
260489438,way,last_update,7-2-2014,Feature has not been updated in 5 years or more
260489439,way,last_update,7-2-2014,Feature has not been updated in 5 years or more
260495689,way,last_update,21-7-2021,Feature has not been updated in 5 years or more
260574514,way,last_update,8-3-2014,Feature has not been updated in 5 years or more
260574515,way,last_update,8-2-2014,Feature has not been updated in 5 years or more
260957942,way,last_update,5-4-2014,Feature has not been updated in 5 years or more
260963227,way,last_update,10-2-2014,Feature has not been updated in 5 years or more
261245129,way,last_update,13-5-2014,Feature has not been updated in 5 years or more
262095827,way,last_update,30-6-2014,Feature has not been updated in 5 years or more
262208866,way,last_update,18-2-2014,Feature has not been updated in 5 years or more
262209184,way,last_update,18-2-2014,Feature has not been updated in 5 years or more
263203906,way,last_update,24-2-2014,Feature has not been updated in 5 years or more
263423793,way,last_update,23-8-2021,Feature has not been updated in 5 years or more
263808709,way,last_update,9-4-2014,Feature has not been updated in 5 years or more
263922843,way,last_update,1-3-2014,Feature has not been updated in 5 years or more
263922846,way,last_update,1-3-2014,Feature has not been updated in 5 years or more
263922847,way,last_update,1-3-2014,Feature has not been updated in 5 years or more
263986900,way,last_update,23-8-2021,Feature has not been updated in 5 years or more
264476610,way,last_update,15-12-2014,Feature has not been updated in 5 years or more
264485390,way,last_update,23-12-2020,Feature has not been updated in 5 years or more
264901274,way,last_update,5-1-2018,Feature has not been updated in 5 years or more
264928228,way,last_update,29-10-2016,Feature has not been updated in 5 years or more
265061923,way,last_update,8-3-2014,Feature has not been updated in 5 years or more
265061924,way,last_update,8-3-2014,Feature has not been updated in 5 years or more
265061926,way,last_update,8-3-2014,Feature has not been updated in 5 years or more
265218245,way,last_update,25-3-2014,Feature has not been updated in 5 years or more
265218332,way,last_update,9-3-2014,Feature has not been updated in 5 years or more
265218586,way,last_update,9-3-2014,Feature has not been updated in 5 years or more
265218588,way,last_update,9-3-2014,Feature has not been updated in 5 years or more
265218589,way,last_update,9-3-2014,Feature has not been updated in 5 years or more
265218590,way,last_update,25-3-2014,Feature has not been updated in 5 years or more
265517763,way,last_update,30-11-2020,Feature has not been updated in 5 years or more
265521721,way,last_update,18-3-2014,Feature has not been updated in 5 years or more
265770263,way,last_update,12-3-2014,Feature has not been updated in 5 years or more
266120819,way,last_update,24-6-2015,Feature has not been updated in 5 years or more
266453691,way,last_update,8-5-2017,Feature has not been updated in 5 years or more
266453692,way,last_update,8-5-2017,Feature has not been updated in 5 years or more
266466744,way,last_update,23-5-2014,Feature has not been updated in 5 years or more
266481598,way,last_update,3-4-2014,Feature has not been updated in 5 years or more
266481599,way,last_update,16-3-2014,Feature has not been updated in 5 years or more
266524740,way,last_update,15-2-2019,Feature has not been updated in 5 years or more
266524747,way,last_update,15-2-2019,Feature has not been updated in 5 years or more
266546681,way,last_update,13-1-2021,Feature has not been updated in 5 years or more
266577719,way,last_update,16-3-2014,Feature has not been updated in 5 years or more
266587452,way,last_update,1-8-2020,Feature has not been updated in 5 years or more
266587459,way,last_update,26-3-2014,Feature has not been updated in 5 years or more
266587460,way,last_update,17-1-2021,Feature has not been updated in 5 years or more
266587461,way,last_update,5-6-2021,Feature has not been updated in 5 years or more
266587462,way,last_update,26-3-2014,Feature has not been updated in 5 years or more
266587464,way,last_update,16-3-2014,Feature has not been updated in 5 years or more
266588707,way,last_update,26-3-2014,Feature has not been updated in 5 years or more
266635187,way,last_update,16-3-2014,Feature has not been updated in 5 years or more
266635273,way,last_update,16-3-2014,Feature has not been updated in 5 years or more
266911013,way,last_update,2-10-2017,Feature has not been updated in 5 years or more
266911014,way,last_update,29-4-2017,Feature has not been updated in 5 years or more
267261126,way,last_update,19-3-2014,Feature has not been updated in 5 years or more
267417223,way,last_update,15-2-2021,Feature has not been updated in 5 years or more
268643365,way,last_update,4-12-2019,Feature has not been updated in 5 years or more
268776217,way,last_update,10-1-2021,Feature has not been updated in 5 years or more
268776218,way,last_update,24-3-2014,Feature has not been updated in 5 years or more
268959032,way,last_update,25-3-2014,Feature has not been updated in 5 years or more
268959042,way,last_update,25-3-2014,Feature has not been updated in 5 years or more
268977428,way,last_update,2-1-2021,Feature has not been updated in 5 years or more
268977696,way,last_update,25-3-2014,Feature has not been updated in 5 years or more
269093197,way,last_update,25-3-2014,Feature has not been updated in 5 years or more
269093198,way,last_update,25-3-2014,Feature has not been updated in 5 years or more
269093200,way,last_update,25-3-2014,Feature has not been updated in 5 years or more
269172389,way,last_update,26-3-2014,Feature has not been updated in 5 years or more
269172391,way,last_update,26-3-2014,Feature has not been updated in 5 years or more
269172393,way,last_update,26-3-2014,Feature has not been updated in 5 years or more
269441896,way,last_update,26-3-2014,Feature has not been updated in 5 years or more
269441898,way,last_update,26-3-2014,Feature has not been updated in 5 years or more
269441899,way,last_update,8-5-2021,Feature has not been updated in 5 years or more
269441923,way,last_update,21-3-2021,Feature has not been updated in 5 years or more
269603768,way,last_update,27-12-2016,Feature has not been updated in 5 years or more
269603769,way,last_update,27-12-2016,Feature has not been updated in 5 years or more
269603770,way,last_update,22-11-2020,Feature has not been updated in 5 years or more
269603771,way,last_update,27-12-2016,Feature has not been updated in 5 years or more
269603772,way,last_update,27-12-2016,Feature has not been updated in 5 years or more
269603774,way,last_update,27-12-2016,Feature has not been updated in 5 years or more
269603775,way,last_update,27-12-2016,Feature has not been updated in 5 years or more
269603777,way,last_update,27-3-2014,Feature has not been updated in 5 years or more
269603779,way,last_update,27-3-2014,Feature has not been updated in 5 years or more
269603782,way,last_update,27-12-2016,Feature has not been updated in 5 years or more
269603786,way,last_update,27-3-2014,Feature has not been updated in 5 years or more
269696204,way,last_update,27-3-2014,Feature has not been updated in 5 years or more
269737629,way,last_update,30-8-2021,Feature has not been updated in 5 years or more
269737630,way,last_update,28-3-2014,Feature has not been updated in 5 years or more
269737748,way,last_update,30-8-2021,Feature has not been updated in 5 years or more
269737750,way,last_update,28-3-2014,Feature has not been updated in 5 years or more
269859606,way,last_update,23-6-2014,Feature has not been updated in 5 years or more
269859632,way,last_update,31-7-2016,Feature has not been updated in 5 years or more
269859650,way,last_update,28-3-2014,Feature has not been updated in 5 years or more
269859660,way,last_update,28-3-2014,Feature has not been updated in 5 years or more
269859662,way,last_update,28-3-2014,Feature has not been updated in 5 years or more
269859666,way,last_update,28-3-2014,Feature has not been updated in 5 years or more
269859668,way,last_update,3-9-2018,Feature has not been updated in 5 years or more
269859671,way,last_update,8-8-2018,Feature has not been updated in 5 years or more
269859674,way,last_update,28-12-2016,Feature has not been updated in 5 years or more
269859684,way,last_update,1-6-2015,Feature has not been updated in 5 years or more
269859696,way,last_update,3-9-2018,Feature has not been updated in 5 years or more
269859707,way,last_update,10-4-2021,Feature has not been updated in 5 years or more
269859722,way,last_update,28-3-2014,Feature has not been updated in 5 years or more
270066655,way,last_update,29-3-2014,Feature has not been updated in 5 years or more
270066657,way,last_update,29-3-2014,Feature has not been updated in 5 years or more
270365723,way,last_update,28-7-2015,Feature has not been updated in 5 years or more
270371491,way,last_update,27-6-2015,Feature has not been updated in 5 years or more
271118338,way,last_update,29-10-2014,Feature has not been updated in 5 years or more
271984056,way,last_update,13-9-2014,Feature has not been updated in 5 years or more
271984081,way,last_update,5-4-2014,Feature has not been updated in 5 years or more
271984082,way,last_update,17-6-2014,Feature has not been updated in 5 years or more
271985469,way,last_update,26-11-2020,Feature has not been updated in 5 years or more
272123507,way,last_update,26-11-2020,Feature has not been updated in 5 years or more
272134273,way,last_update,17-6-2014,Feature has not been updated in 5 years or more
272372776,way,last_update,6-4-2014,Feature has not been updated in 5 years or more
273714459,way,last_update,14-8-2017,Feature has not been updated in 5 years or more
273759833,way,last_update,12-4-2014,Feature has not been updated in 5 years or more
273918542,way,last_update,7-9-2014,Feature has not been updated in 5 years or more
273918545,way,last_update,20-4-2015,Feature has not been updated in 5 years or more
273918546,way,last_update,20-5-2014,Feature has not been updated in 5 years or more
273918548,way,last_update,20-5-2014,Feature has not been updated in 5 years or more
273935506,way,last_update,23-12-2018,Feature has not been updated in 5 years or more
274554398,way,last_update,3-7-2019,Feature has not been updated in 5 years or more
274554399,way,last_update,3-7-2019,Feature has not been updated in 5 years or more
274762142,way,last_update,5-3-2021,Feature has not been updated in 5 years or more
274803760,way,last_update,5-9-2015,Feature has not been updated in 5 years or more
274829009,way,last_update,12-7-2015,Feature has not been updated in 5 years or more
274911390,way,last_update,28-5-2019,Feature has not been updated in 5 years or more
274937838,way,last_update,23-4-2019,Feature has not been updated in 5 years or more
275216679,way,last_update,17-6-2020,Feature has not been updated in 5 years or more
275757744,way,last_update,6-4-2021,Feature has not been updated in 5 years or more
275757746,way,last_update,20-4-2014,Feature has not been updated in 5 years or more
275757747,way,last_update,20-4-2014,Feature has not been updated in 5 years or more
275757748,way,last_update,20-4-2014,Feature has not been updated in 5 years or more
275757749,way,last_update,11-6-2021,Feature has not been updated in 5 years or more
275757753,way,last_update,20-4-2014,Feature has not been updated in 5 years or more
275757755,way,last_update,20-4-2014,Feature has not been updated in 5 years or more
275757758,way,last_update,20-4-2014,Feature has not been updated in 5 years or more
275757761,way,last_update,20-4-2014,Feature has not been updated in 5 years or more
275757762,way,last_update,20-4-2014,Feature has not been updated in 5 years or more
276076428,way,last_update,20-9-2017,Feature has not been updated in 5 years or more
277615576,way,last_update,5-9-2015,Feature has not been updated in 5 years or more
278542320,way,last_update,30-3-2021,Feature has not been updated in 5 years or more
278555141,way,last_update,1-5-2014,Feature has not been updated in 5 years or more
278690582,way,last_update,25-8-2016,Feature has not been updated in 5 years or more
279116758,way,last_update,3-5-2014,Feature has not been updated in 5 years or more
279116759,way,last_update,13-1-2021,Feature has not been updated in 5 years or more
279253202,way,last_update,3-5-2014,Feature has not been updated in 5 years or more
279400684,way,last_update,19-1-2020,Feature has not been updated in 5 years or more
280485839,way,last_update,18-8-2019,Feature has not been updated in 5 years or more
280534380,way,last_update,1-9-2019,Feature has not been updated in 5 years or more
280534390,way,last_update,9-5-2014,Feature has not been updated in 5 years or more
283107539,way,last_update,27-7-2019,Feature has not been updated in 5 years or more
283146603,way,last_update,20-5-2014,Feature has not been updated in 5 years or more
283153994,way,last_update,20-5-2014,Feature has not been updated in 5 years or more
283154464,way,last_update,20-5-2014,Feature has not been updated in 5 years or more
283456127,way,last_update,21-5-2014,Feature has not been updated in 5 years or more
283777937,way,last_update,23-10-2015,Feature has not been updated in 5 years or more
283797662,way,last_update,23-5-2014,Feature has not been updated in 5 years or more
283808962,way,last_update,14-7-2014,Feature has not been updated in 5 years or more
284081633,way,last_update,24-5-2014,Feature has not been updated in 5 years or more
284081636,way,last_update,24-5-2014,Feature has not been updated in 5 years or more
284081638,way,last_update,24-5-2014,Feature has not been updated in 5 years or more
284577205,way,last_update,23-10-2015,Feature has not been updated in 5 years or more
284577206,way,last_update,12-11-2016,Feature has not been updated in 5 years or more
285000022,way,last_update,25-8-2016,Feature has not been updated in 5 years or more
285046284,way,last_update,8-6-2016,Feature has not been updated in 5 years or more
285046289,way,last_update,29-5-2014,Feature has not been updated in 5 years or more
285177462,way,last_update,30-5-2014,Feature has not been updated in 5 years or more
285177686,way,last_update,30-5-2014,Feature has not been updated in 5 years or more
285177688,way,last_update,30-5-2014,Feature has not been updated in 5 years or more
285177691,way,last_update,30-5-2014,Feature has not been updated in 5 years or more
285715640,way,last_update,23-6-2018,Feature has not been updated in 5 years or more
285877299,way,last_update,28-9-2014,Feature has not been updated in 5 years or more
285877302,way,last_update,2-6-2014,Feature has not been updated in 5 years or more
286239496,way,last_update,29-4-2019,Feature has not been updated in 5 years or more
286585733,way,last_update,18-6-2019,Feature has not been updated in 5 years or more
286590801,way,last_update,21-6-2021,Feature has not been updated in 5 years or more
286789294,way,last_update,7-6-2014,Feature has not been updated in 5 years or more
286789296,way,last_update,12-1-2021,Feature has not been updated in 5 years or more
286789298,way,last_update,23-5-2015,Feature has not been updated in 5 years or more
286790460,way,last_update,21-8-2018,Feature has not been updated in 5 years or more
287236701,way,last_update,10-6-2014,Feature has not been updated in 5 years or more
287236703,way,last_update,10-6-2014,Feature has not been updated in 5 years or more
287236851,way,last_update,10-6-2014,Feature has not been updated in 5 years or more
287236852,way,last_update,10-6-2014,Feature has not been updated in 5 years or more
287236853,way,last_update,10-6-2014,Feature has not been updated in 5 years or more
287238468,way,last_update,10-6-2014,Feature has not been updated in 5 years or more
287238953,way,last_update,10-6-2014,Feature has not been updated in 5 years or more
287239141,way,last_update,19-3-2015,Feature has not been updated in 5 years or more
287241307,way,last_update,10-6-2014,Feature has not been updated in 5 years or more
287241308,way,last_update,10-6-2014,Feature has not been updated in 5 years or more
287241309,way,last_update,10-6-2014,Feature has not been updated in 5 years or more
287241311,way,last_update,10-6-2014,Feature has not been updated in 5 years or more
287241495,way,last_update,10-6-2014,Feature has not been updated in 5 years or more
287273136,way,last_update,10-6-2014,Feature has not been updated in 5 years or more
287274929,way,last_update,8-7-2014,Feature has not been updated in 5 years or more
287274930,way,last_update,10-6-2014,Feature has not been updated in 5 years or more
287274934,way,last_update,10-6-2014,Feature has not been updated in 5 years or more
287362121,way,last_update,6-10-2019,Feature has not been updated in 5 years or more
287509238,way,last_update,28-5-2021,Feature has not been updated in 5 years or more
287509239,way,last_update,28-5-2021,Feature has not been updated in 5 years or more
287510137,way,last_update,11-6-2014,Feature has not been updated in 5 years or more
287510138,way,last_update,11-6-2014,Feature has not been updated in 5 years or more
287510141,way,last_update,11-6-2014,Feature has not been updated in 5 years or more
287959285,way,last_update,13-3-2021,Feature has not been updated in 5 years or more
288043455,way,last_update,14-6-2014,Feature has not been updated in 5 years or more
288044169,way,last_update,21-10-2016,Feature has not been updated in 5 years or more
288045503,way,last_update,21-10-2016,Feature has not been updated in 5 years or more
288045505,way,last_update,14-6-2014,Feature has not been updated in 5 years or more
288064618,way,last_update,19-1-2020,Feature has not been updated in 5 years or more
288162901,way,last_update,31-8-2021,Feature has not been updated in 5 years or more
288162908,way,last_update,31-8-2021,Feature has not been updated in 5 years or more
288162910,way,last_update,31-8-2021,Feature has not been updated in 5 years or more
288162913,way,last_update,31-8-2021,Feature has not been updated in 5 years or more
288162916,way,last_update,31-8-2021,Feature has not been updated in 5 years or more
288162918,way,last_update,31-8-2021,Feature has not been updated in 5 years or more
288162919,way,last_update,31-8-2021,Feature has not been updated in 5 years or more
288162923,way,last_update,31-8-2021,Feature has not been updated in 5 years or more
288164603,way,last_update,15-6-2014,Feature has not been updated in 5 years or more
288164604,way,last_update,19-8-2021,Feature has not been updated in 5 years or more
288164606,way,last_update,15-6-2014,Feature has not been updated in 5 years or more
288164608,way,last_update,15-6-2014,Feature has not been updated in 5 years or more
288292939,way,last_update,16-6-2014,Feature has not been updated in 5 years or more
288292946,way,last_update,16-6-2014,Feature has not been updated in 5 years or more
288440383,way,last_update,17-6-2014,Feature has not been updated in 5 years or more
288440386,way,last_update,17-6-2014,Feature has not been updated in 5 years or more
288440388,way,last_update,17-6-2014,Feature has not been updated in 5 years or more
288440389,way,last_update,17-6-2014,Feature has not been updated in 5 years or more
288440391,way,last_update,17-6-2014,Feature has not been updated in 5 years or more
288440392,way,last_update,17-6-2014,Feature has not been updated in 5 years or more
288440393,way,last_update,17-6-2014,Feature has not been updated in 5 years or more
288440395,way,last_update,17-6-2014,Feature has not been updated in 5 years or more
288440396,way,last_update,17-6-2014,Feature has not been updated in 5 years or more
288443307,way,last_update,17-6-2014,Feature has not been updated in 5 years or more
288443309,way,last_update,17-6-2014,Feature has not been updated in 5 years or more
288443310,way,last_update,17-6-2014,Feature has not been updated in 5 years or more
288443311,way,last_update,17-6-2014,Feature has not been updated in 5 years or more
288443312,way,last_update,17-6-2014,Feature has not been updated in 5 years or more
288443313,way,last_update,17-6-2014,Feature has not been updated in 5 years or more
288443315,way,last_update,17-6-2014,Feature has not been updated in 5 years or more
288443317,way,last_update,17-6-2014,Feature has not been updated in 5 years or more
288444029,way,last_update,17-6-2014,Feature has not been updated in 5 years or more
288444030,way,last_update,2-9-2015,Feature has not been updated in 5 years or more
288444031,way,last_update,17-6-2014,Feature has not been updated in 5 years or more
288445166,way,last_update,6-7-2020,Feature has not been updated in 5 years or more
288452203,way,last_update,17-6-2014,Feature has not been updated in 5 years or more
288452961,way,last_update,7-7-2020,Feature has not been updated in 5 years or more
288452962,way,last_update,7-7-2020,Feature has not been updated in 5 years or more
288453620,way,last_update,17-6-2014,Feature has not been updated in 5 years or more
288453623,way,last_update,17-6-2014,Feature has not been updated in 5 years or more
288458687,way,last_update,17-6-2014,Feature has not been updated in 5 years or more
288458924,way,last_update,17-6-2014,Feature has not been updated in 5 years or more
288458926,way,last_update,17-6-2014,Feature has not been updated in 5 years or more
288460540,way,last_update,17-6-2014,Feature has not been updated in 5 years or more
288460541,way,last_update,17-6-2014,Feature has not been updated in 5 years or more
288460542,way,last_update,17-6-2014,Feature has not been updated in 5 years or more
288460544,way,last_update,17-6-2014,Feature has not been updated in 5 years or more
288473931,way,last_update,17-6-2014,Feature has not been updated in 5 years or more
288473938,way,last_update,17-6-2014,Feature has not been updated in 5 years or more
288473946,way,last_update,17-6-2014,Feature has not been updated in 5 years or more
288473947,way,last_update,17-6-2014,Feature has not been updated in 5 years or more
288489461,way,last_update,10-4-2016,Feature has not been updated in 5 years or more
288492846,way,last_update,17-6-2014,Feature has not been updated in 5 years or more
288492847,way,last_update,17-6-2014,Feature has not been updated in 5 years or more
288492852,way,last_update,17-6-2014,Feature has not been updated in 5 years or more
288492859,way,last_update,17-6-2014,Feature has not been updated in 5 years or more
288494753,way,last_update,17-6-2014,Feature has not been updated in 5 years or more
288560054,way,last_update,17-6-2014,Feature has not been updated in 5 years or more
288605674,way,last_update,18-6-2014,Feature has not been updated in 5 years or more
288699315,way,last_update,18-6-2014,Feature has not been updated in 5 years or more
288699316,way,last_update,18-6-2014,Feature has not been updated in 5 years or more
288700240,way,last_update,18-6-2014,Feature has not been updated in 5 years or more
288700242,way,last_update,18-6-2014,Feature has not been updated in 5 years or more
288700243,way,last_update,18-6-2014,Feature has not been updated in 5 years or more
288700244,way,last_update,18-6-2014,Feature has not been updated in 5 years or more
288700739,way,last_update,18-6-2014,Feature has not been updated in 5 years or more
288700740,way,last_update,18-6-2014,Feature has not been updated in 5 years or more
288700741,way,last_update,18-6-2014,Feature has not been updated in 5 years or more
288701301,way,last_update,18-6-2014,Feature has not been updated in 5 years or more
288701304,way,last_update,18-6-2014,Feature has not been updated in 5 years or more
288701307,way,last_update,18-6-2014,Feature has not been updated in 5 years or more
288701308,way,last_update,18-6-2014,Feature has not been updated in 5 years or more
288701309,way,last_update,18-6-2014,Feature has not been updated in 5 years or more
288701310,way,last_update,18-6-2014,Feature has not been updated in 5 years or more
288738350,way,last_update,19-6-2014,Feature has not been updated in 5 years or more
288738351,way,last_update,2-1-2021,Feature has not been updated in 5 years or more
288743312,way,last_update,19-6-2014,Feature has not been updated in 5 years or more
288743313,way,last_update,5-1-2021,Feature has not been updated in 5 years or more
288744640,way,last_update,19-6-2014,Feature has not been updated in 5 years or more
288749245,way,last_update,7-11-2015,Feature has not been updated in 5 years or more
288749250,way,last_update,14-3-2018,Feature has not been updated in 5 years or more
288749252,way,last_update,14-3-2018,Feature has not been updated in 5 years or more
288749352,way,last_update,19-6-2014,Feature has not been updated in 5 years or more
288751574,way,last_update,19-6-2014,Feature has not been updated in 5 years or more
288774714,way,last_update,19-6-2014,Feature has not been updated in 5 years or more
288774728,way,last_update,19-6-2014,Feature has not been updated in 5 years or more
288774729,way,last_update,19-6-2014,Feature has not been updated in 5 years or more
288774732,way,last_update,19-6-2014,Feature has not been updated in 5 years or more
288812609,way,last_update,19-6-2014,Feature has not been updated in 5 years or more
288812611,way,last_update,19-6-2014,Feature has not been updated in 5 years or more
288812612,way,last_update,19-6-2014,Feature has not been updated in 5 years or more
288813884,way,last_update,19-6-2014,Feature has not been updated in 5 years or more
288813887,way,last_update,19-6-2014,Feature has not been updated in 5 years or more
288815142,way,last_update,19-6-2014,Feature has not been updated in 5 years or more
288815724,way,last_update,21-4-2015,Feature has not been updated in 5 years or more
288877901,way,last_update,20-6-2014,Feature has not been updated in 5 years or more
288877903,way,last_update,2-1-2021,Feature has not been updated in 5 years or more
288877906,way,last_update,20-6-2014,Feature has not been updated in 5 years or more
288877907,way,last_update,20-6-2014,Feature has not been updated in 5 years or more
288877908,way,last_update,7-9-2014,Feature has not been updated in 5 years or more
288877910,way,last_update,20-6-2014,Feature has not been updated in 5 years or more
288877911,way,last_update,20-6-2014,Feature has not been updated in 5 years or more
288877912,way,last_update,20-6-2014,Feature has not been updated in 5 years or more
288877916,way,last_update,20-6-2014,Feature has not been updated in 5 years or more
288877918,way,last_update,20-6-2014,Feature has not been updated in 5 years or more
288877919,way,last_update,20-6-2014,Feature has not been updated in 5 years or more
288877921,way,last_update,20-6-2014,Feature has not been updated in 5 years or more
288877923,way,last_update,20-6-2014,Feature has not been updated in 5 years or more
288877924,way,last_update,20-6-2014,Feature has not been updated in 5 years or more
288877925,way,last_update,20-6-2014,Feature has not been updated in 5 years or more
288878410,way,last_update,2-1-2021,Feature has not been updated in 5 years or more
288878411,way,last_update,24-12-2016,Feature has not been updated in 5 years or more
288878963,way,last_update,20-6-2014,Feature has not been updated in 5 years or more
288878965,way,last_update,20-6-2014,Feature has not been updated in 5 years or more
288878966,way,last_update,20-6-2014,Feature has not been updated in 5 years or more
288878967,way,last_update,20-6-2014,Feature has not been updated in 5 years or more
288880375,way,last_update,20-6-2014,Feature has not been updated in 5 years or more
288880379,way,last_update,20-6-2014,Feature has not been updated in 5 years or more
289048793,way,last_update,17-5-2021,Feature has not been updated in 5 years or more
289049668,way,last_update,25-3-2021,Feature has not been updated in 5 years or more
289049672,way,last_update,21-6-2014,Feature has not been updated in 5 years or more
289049673,way,last_update,26-3-2021,Feature has not been updated in 5 years or more
289049674,way,last_update,21-6-2014,Feature has not been updated in 5 years or more
289050421,way,last_update,21-6-2014,Feature has not been updated in 5 years or more
289050422,way,last_update,25-3-2021,Feature has not been updated in 5 years or more
289050423,way,last_update,25-3-2021,Feature has not been updated in 5 years or more
289084511,way,last_update,4-2-2021,Feature has not been updated in 5 years or more
289180750,way,last_update,22-6-2014,Feature has not been updated in 5 years or more
289180755,way,last_update,24-6-2014,Feature has not been updated in 5 years or more
289180758,way,last_update,25-1-2021,Feature has not been updated in 5 years or more
289557844,way,last_update,24-6-2014,Feature has not been updated in 5 years or more
289557851,way,last_update,5-6-2021,Feature has not been updated in 5 years or more
289558685,way,last_update,24-6-2014,Feature has not been updated in 5 years or more
289574336,way,last_update,24-6-2014,Feature has not been updated in 5 years or more
289577966,way,last_update,24-6-2014,Feature has not been updated in 5 years or more
289598308,way,last_update,4-2-2021,Feature has not been updated in 5 years or more
289628898,way,last_update,24-6-2014,Feature has not been updated in 5 years or more
289628899,way,last_update,8-10-2014,Feature has not been updated in 5 years or more
289694030,way,last_update,25-6-2014,Feature has not been updated in 5 years or more
289694033,way,last_update,25-6-2014,Feature has not been updated in 5 years or more
289694035,way,last_update,25-6-2014,Feature has not been updated in 5 years or more
289715307,way,last_update,5-1-2021,Feature has not been updated in 5 years or more
289717052,way,last_update,25-6-2014,Feature has not been updated in 5 years or more
290683352,way,last_update,5-10-2014,Feature has not been updated in 5 years or more
290683353,way,last_update,1-7-2014,Feature has not been updated in 5 years or more
290694204,way,last_update,14-1-2019,Feature has not been updated in 5 years or more
290694617,way,last_update,1-7-2014,Feature has not been updated in 5 years or more
290694619,way,last_update,1-2-2018,Feature has not been updated in 5 years or more
290695599,way,last_update,30-3-2018,Feature has not been updated in 5 years or more
290695601,way,last_update,1-7-2014,Feature has not been updated in 5 years or more
290695602,way,last_update,26-6-2021,Feature has not been updated in 5 years or more
290695603,way,last_update,26-6-2021,Feature has not been updated in 5 years or more
290698123,way,last_update,1-7-2014,Feature has not been updated in 5 years or more
290702402,way,last_update,1-7-2014,Feature has not been updated in 5 years or more
290702404,way,last_update,26-6-2021,Feature has not been updated in 5 years or more
290705949,way,last_update,1-7-2014,Feature has not been updated in 5 years or more
290820656,way,last_update,2-7-2014,Feature has not been updated in 5 years or more
290820658,way,last_update,2-7-2014,Feature has not been updated in 5 years or more
290820659,way,last_update,2-7-2014,Feature has not been updated in 5 years or more
290820660,way,last_update,2-7-2014,Feature has not been updated in 5 years or more
290820661,way,last_update,2-7-2014,Feature has not been updated in 5 years or more
290821165,way,last_update,2-7-2014,Feature has not been updated in 5 years or more
290821169,way,last_update,2-7-2014,Feature has not been updated in 5 years or more
290821171,way,last_update,2-7-2014,Feature has not been updated in 5 years or more
290821584,way,last_update,2-7-2014,Feature has not been updated in 5 years or more
290822078,way,last_update,2-7-2014,Feature has not been updated in 5 years or more
290839671,way,last_update,2-7-2014,Feature has not been updated in 5 years or more
290839675,way,last_update,2-7-2014,Feature has not been updated in 5 years or more
290975185,way,last_update,2-10-2019,Feature has not been updated in 5 years or more
290975187,way,last_update,2-7-2014,Feature has not been updated in 5 years or more
291206177,way,last_update,3-7-2014,Feature has not been updated in 5 years or more
291206181,way,last_update,3-7-2014,Feature has not been updated in 5 years or more
291207260,way,last_update,3-7-2014,Feature has not been updated in 5 years or more
291209032,way,last_update,3-7-2014,Feature has not been updated in 5 years or more
291212842,way,last_update,3-7-2014,Feature has not been updated in 5 years or more
291212850,way,last_update,3-7-2014,Feature has not been updated in 5 years or more
291213229,way,last_update,28-4-2018,Feature has not been updated in 5 years or more
291213231,way,last_update,28-4-2018,Feature has not been updated in 5 years or more
291213232,way,last_update,28-4-2018,Feature has not been updated in 5 years or more
291213234,way,last_update,28-4-2018,Feature has not been updated in 5 years or more
291213236,way,last_update,28-4-2018,Feature has not been updated in 5 years or more
291213237,way,last_update,28-4-2018,Feature has not been updated in 5 years or more
291213238,way,last_update,28-4-2018,Feature has not been updated in 5 years or more
291213239,way,last_update,28-4-2018,Feature has not been updated in 5 years or more
291213247,way,last_update,28-4-2018,Feature has not been updated in 5 years or more
291214802,way,last_update,28-4-2018,Feature has not been updated in 5 years or more
291286373,way,last_update,4-7-2014,Feature has not been updated in 5 years or more
291286376,way,last_update,4-7-2014,Feature has not been updated in 5 years or more
291286377,way,last_update,4-7-2014,Feature has not been updated in 5 years or more
291286379,way,last_update,4-7-2014,Feature has not been updated in 5 years or more
291292109,way,last_update,23-1-2016,Feature has not been updated in 5 years or more
291292155,way,last_update,4-7-2014,Feature has not been updated in 5 years or more
291311061,way,last_update,31-5-2021,Feature has not been updated in 5 years or more
291311062,way,last_update,31-5-2021,Feature has not been updated in 5 years or more
291684626,way,last_update,5-6-2021,Feature has not been updated in 5 years or more
291685576,way,last_update,9-8-2014,Feature has not been updated in 5 years or more
291952518,way,last_update,8-7-2014,Feature has not been updated in 5 years or more
291952519,way,last_update,8-7-2014,Feature has not been updated in 5 years or more
291952520,way,last_update,8-7-2014,Feature has not been updated in 5 years or more
291953066,way,last_update,8-7-2014,Feature has not been updated in 5 years or more
291977812,way,last_update,8-7-2014,Feature has not been updated in 5 years or more
291977980,way,last_update,8-7-2014,Feature has not been updated in 5 years or more
291977981,way,last_update,8-7-2014,Feature has not been updated in 5 years or more
292075611,way,last_update,9-3-2015,Feature has not been updated in 5 years or more
292739551,way,last_update,14-7-2014,Feature has not been updated in 5 years or more
295423753,way,last_update,11-6-2017,Feature has not been updated in 5 years or more
295961737,way,last_update,5-8-2014,Feature has not been updated in 5 years or more
295961738,way,last_update,28-12-2017,Feature has not been updated in 5 years or more
295961739,way,last_update,5-8-2014,Feature has not been updated in 5 years or more
295961741,way,last_update,5-8-2014,Feature has not been updated in 5 years or more
295961742,way,last_update,5-8-2014,Feature has not been updated in 5 years or more
296342756,way,last_update,6-8-2014,Feature has not been updated in 5 years or more
296342757,way,last_update,6-8-2014,Feature has not been updated in 5 years or more
296667082,way,last_update,8-8-2014,Feature has not been updated in 5 years or more
296928481,way,last_update,9-8-2014,Feature has not been updated in 5 years or more
297663247,way,last_update,15-9-2020,Feature has not been updated in 5 years or more
297998461,way,last_update,18-5-2021,Feature has not been updated in 5 years or more
298166672,way,last_update,16-8-2014,Feature has not been updated in 5 years or more
298166680,way,last_update,16-8-2014,Feature has not been updated in 5 years or more
299880818,way,last_update,5-10-2017,Feature has not been updated in 5 years or more
299888197,way,last_update,24-8-2014,Feature has not been updated in 5 years or more
300828811,way,last_update,29-8-2014,Feature has not been updated in 5 years or more
301285883,way,last_update,15-9-2018,Feature has not been updated in 5 years or more
301656792,way,last_update,15-2-2021,Feature has not been updated in 5 years or more
301709590,way,last_update,3-9-2014,Feature has not been updated in 5 years or more
301709596,way,last_update,3-9-2014,Feature has not been updated in 5 years or more
301709608,way,last_update,3-9-2014,Feature has not been updated in 5 years or more
301709609,way,last_update,3-9-2014,Feature has not been updated in 5 years or more
301709859,way,last_update,3-9-2014,Feature has not been updated in 5 years or more
301709860,way,last_update,3-9-2014,Feature has not been updated in 5 years or more
301709861,way,last_update,3-9-2014,Feature has not been updated in 5 years or more
301958998,way,last_update,17-2-2021,Feature has not been updated in 5 years or more
301976748,way,last_update,5-9-2014,Feature has not been updated in 5 years or more
302244599,way,last_update,7-9-2014,Feature has not been updated in 5 years or more
302244603,way,last_update,7-9-2014,Feature has not been updated in 5 years or more
302247610,way,last_update,7-9-2014,Feature has not been updated in 5 years or more
302247611,way,last_update,7-9-2014,Feature has not been updated in 5 years or more
302247612,way,last_update,23-8-2017,Feature has not been updated in 5 years or more
302247615,way,last_update,5-12-2020,Feature has not been updated in 5 years or more
302247618,way,last_update,5-12-2020,Feature has not been updated in 5 years or more
302247619,way,last_update,7-9-2014,Feature has not been updated in 5 years or more
302247620,way,last_update,7-9-2014,Feature has not been updated in 5 years or more
302249559,way,last_update,7-9-2014,Feature has not been updated in 5 years or more
302249560,way,last_update,20-4-2015,Feature has not been updated in 5 years or more
302361599,way,last_update,8-9-2014,Feature has not been updated in 5 years or more
304532086,way,last_update,22-5-2021,Feature has not been updated in 5 years or more
305198354,way,last_update,23-12-2018,Feature has not been updated in 5 years or more
305245469,way,last_update,6-3-2021,Feature has not been updated in 5 years or more
305397419,way,last_update,28-9-2014,Feature has not been updated in 5 years or more
305406091,way,last_update,28-9-2014,Feature has not been updated in 5 years or more
305909323,way,last_update,13-3-2015,Feature has not been updated in 5 years or more
305909325,way,last_update,13-3-2015,Feature has not been updated in 5 years or more
306827837,way,last_update,15-2-2021,Feature has not been updated in 5 years or more
306827840,way,last_update,15-2-2021,Feature has not been updated in 5 years or more
306827842,way,last_update,23-1-2021,Feature has not been updated in 5 years or more
307702514,way,last_update,9-4-2021,Feature has not been updated in 5 years or more
307702516,way,last_update,14-10-2014,Feature has not been updated in 5 years or more
307702518,way,last_update,14-10-2014,Feature has not been updated in 5 years or more
307702521,way,last_update,9-4-2021,Feature has not been updated in 5 years or more
307702525,way,last_update,22-1-2015,Feature has not been updated in 5 years or more
307702527,way,last_update,14-10-2014,Feature has not been updated in 5 years or more
307702528,way,last_update,9-4-2021,Feature has not been updated in 5 years or more
307702529,way,last_update,22-1-2015,Feature has not been updated in 5 years or more
307702530,way,last_update,9-4-2021,Feature has not been updated in 5 years or more
307702531,way,last_update,14-10-2014,Feature has not been updated in 5 years or more
307702532,way,last_update,22-1-2015,Feature has not been updated in 5 years or more
307702533,way,last_update,9-4-2021,Feature has not been updated in 5 years or more
307702539,way,last_update,22-1-2015,Feature has not been updated in 5 years or more
308023749,way,last_update,16-10-2014,Feature has not been updated in 5 years or more
308450611,way,last_update,31-7-2018,Feature has not been updated in 5 years or more
308450612,way,last_update,31-7-2018,Feature has not been updated in 5 years or more
308549556,way,last_update,19-10-2014,Feature has not been updated in 5 years or more
308712495,way,last_update,20-10-2014,Feature has not been updated in 5 years or more
308712496,way,last_update,20-10-2014,Feature has not been updated in 5 years or more
308712497,way,last_update,20-10-2014,Feature has not been updated in 5 years or more
309395111,way,last_update,31-7-2018,Feature has not been updated in 5 years or more
309509145,way,last_update,2-8-2021,Feature has not been updated in 5 years or more
310653484,way,last_update,1-11-2014,Feature has not been updated in 5 years or more
311929262,way,last_update,9-11-2020,Feature has not been updated in 5 years or more
311929263,way,last_update,9-11-2020,Feature has not been updated in 5 years or more
312027684,way,last_update,22-5-2016,Feature has not been updated in 5 years or more
312027687,way,last_update,10-11-2014,Feature has not been updated in 5 years or more
312027688,way,last_update,10-11-2014,Feature has not been updated in 5 years or more
312027689,way,last_update,10-11-2014,Feature has not been updated in 5 years or more
312027690,way,last_update,10-11-2014,Feature has not been updated in 5 years or more
312027691,way,last_update,10-11-2014,Feature has not been updated in 5 years or more
312027693,way,last_update,10-11-2014,Feature has not been updated in 5 years or more
312027695,way,last_update,22-5-2016,Feature has not been updated in 5 years or more
312126230,way,last_update,31-7-2018,Feature has not been updated in 5 years or more
312126234,way,last_update,31-7-2018,Feature has not been updated in 5 years or more
312126241,way,last_update,14-8-2021,Feature has not been updated in 5 years or more
312127638,way,last_update,31-7-2018,Feature has not been updated in 5 years or more
312127644,way,last_update,31-7-2018,Feature has not been updated in 5 years or more
312127646,way,last_update,31-7-2018,Feature has not been updated in 5 years or more
312127648,way,last_update,31-7-2018,Feature has not been updated in 5 years or more
312127651,way,last_update,31-7-2018,Feature has not been updated in 5 years or more
313453159,way,last_update,29-8-2016,Feature has not been updated in 5 years or more
313721579,way,last_update,20-11-2014,Feature has not been updated in 5 years or more
313721580,way,last_update,20-11-2014,Feature has not been updated in 5 years or more
313721581,way,last_update,20-11-2014,Feature has not been updated in 5 years or more
314291393,way,last_update,31-7-2018,Feature has not been updated in 5 years or more
314291394,way,last_update,31-7-2018,Feature has not been updated in 5 years or more
314291395,way,last_update,31-7-2018,Feature has not been updated in 5 years or more
314291396,way,last_update,31-7-2018,Feature has not been updated in 5 years or more
314291398,way,last_update,31-7-2018,Feature has not been updated in 5 years or more
314291399,way,last_update,31-7-2018,Feature has not been updated in 5 years or more
314291400,way,last_update,31-7-2018,Feature has not been updated in 5 years or more
314291403,way,last_update,31-7-2018,Feature has not been updated in 5 years or more
314291404,way,last_update,31-7-2018,Feature has not been updated in 5 years or more
314291405,way,last_update,31-7-2018,Feature has not been updated in 5 years or more
314291407,way,last_update,31-7-2018,Feature has not been updated in 5 years or more
314291408,way,last_update,31-7-2018,Feature has not been updated in 5 years or more
314291409,way,last_update,31-7-2018,Feature has not been updated in 5 years or more
314291410,way,last_update,31-7-2018,Feature has not been updated in 5 years or more
314291411,way,last_update,31-7-2018,Feature has not been updated in 5 years or more
314291412,way,last_update,31-7-2018,Feature has not been updated in 5 years or more
314291413,way,last_update,31-7-2018,Feature has not been updated in 5 years or more
315173550,way,last_update,31-7-2018,Feature has not been updated in 5 years or more
315173552,way,last_update,31-7-2018,Feature has not been updated in 5 years or more
315173554,way,last_update,31-7-2018,Feature has not been updated in 5 years or more
315173555,way,last_update,25-3-2019,Feature has not been updated in 5 years or more
315173556,way,last_update,31-7-2018,Feature has not been updated in 5 years or more
315173557,way,last_update,31-7-2018,Feature has not been updated in 5 years or more
315173563,way,last_update,31-7-2018,Feature has not been updated in 5 years or more
315173564,way,last_update,31-7-2018,Feature has not been updated in 5 years or more
315173565,way,last_update,31-7-2018,Feature has not been updated in 5 years or more
315173566,way,last_update,31-7-2018,Feature has not been updated in 5 years or more
315173567,way,last_update,31-7-2018,Feature has not been updated in 5 years or more
315173572,way,last_update,31-7-2018,Feature has not been updated in 5 years or more
315173574,way,last_update,31-7-2018,Feature has not been updated in 5 years or more
315173578,way,last_update,31-7-2018,Feature has not been updated in 5 years or more
315292109,way,last_update,23-8-2021,Feature has not been updated in 5 years or more
315370530,way,last_update,1-12-2014,Feature has not been updated in 5 years or more
315370531,way,last_update,6-11-2020,Feature has not been updated in 5 years or more
315370532,way,last_update,6-11-2020,Feature has not been updated in 5 years or more
315370534,way,last_update,6-11-2020,Feature has not been updated in 5 years or more
315370536,way,last_update,6-11-2020,Feature has not been updated in 5 years or more
315370538,way,last_update,1-12-2014,Feature has not been updated in 5 years or more
315370539,way,last_update,1-12-2014,Feature has not been updated in 5 years or more
315370541,way,last_update,6-11-2020,Feature has not been updated in 5 years or more
315370543,way,last_update,18-8-2018,Feature has not been updated in 5 years or more
315370545,way,last_update,1-12-2014,Feature has not been updated in 5 years or more
315370547,way,last_update,18-8-2018,Feature has not been updated in 5 years or more
315370548,way,last_update,1-12-2014,Feature has not been updated in 5 years or more
315370551,way,last_update,22-1-2015,Feature has not been updated in 5 years or more
315370552,way,last_update,18-8-2018,Feature has not been updated in 5 years or more
315370555,way,last_update,1-12-2014,Feature has not been updated in 5 years or more
315370557,way,last_update,1-12-2014,Feature has not been updated in 5 years or more
315370559,way,last_update,18-8-2018,Feature has not been updated in 5 years or more
315370560,way,last_update,18-8-2018,Feature has not been updated in 5 years or more
315370561,way,last_update,5-1-2015,Feature has not been updated in 5 years or more
315370562,way,last_update,18-8-2018,Feature has not been updated in 5 years or more
316296692,way,last_update,6-11-2020,Feature has not been updated in 5 years or more
316296694,way,last_update,7-12-2014,Feature has not been updated in 5 years or more
316296695,way,last_update,6-11-2020,Feature has not been updated in 5 years or more
316296696,way,last_update,7-12-2014,Feature has not been updated in 5 years or more
316296697,way,last_update,6-11-2020,Feature has not been updated in 5 years or more
316296699,way,last_update,13-1-2015,Feature has not been updated in 5 years or more
316296700,way,last_update,6-11-2020,Feature has not been updated in 5 years or more
316296701,way,last_update,6-11-2020,Feature has not been updated in 5 years or more
316296702,way,last_update,7-12-2014,Feature has not been updated in 5 years or more
316296704,way,last_update,6-11-2020,Feature has not been updated in 5 years or more
316296705,way,last_update,13-1-2015,Feature has not been updated in 5 years or more
316296706,way,last_update,6-11-2020,Feature has not been updated in 5 years or more
316296707,way,last_update,6-11-2020,Feature has not been updated in 5 years or more
316296709,way,last_update,6-11-2020,Feature has not been updated in 5 years or more
316296710,way,last_update,6-11-2020,Feature has not been updated in 5 years or more
316296711,way,last_update,7-12-2014,Feature has not been updated in 5 years or more
316296712,way,last_update,6-11-2020,Feature has not been updated in 5 years or more
316296714,way,last_update,6-11-2020,Feature has not been updated in 5 years or more
316296715,way,last_update,7-12-2014,Feature has not been updated in 5 years or more
316296716,way,last_update,6-11-2020,Feature has not been updated in 5 years or more
316296717,way,last_update,13-1-2015,Feature has not been updated in 5 years or more
316296719,way,last_update,6-11-2020,Feature has not been updated in 5 years or more
316296720,way,last_update,6-11-2020,Feature has not been updated in 5 years or more
316296721,way,last_update,7-12-2014,Feature has not been updated in 5 years or more
316296722,way,last_update,13-1-2015,Feature has not been updated in 5 years or more
316296723,way,last_update,13-1-2015,Feature has not been updated in 5 years or more
316358596,way,last_update,8-12-2014,Feature has not been updated in 5 years or more
316358597,way,last_update,8-12-2014,Feature has not been updated in 5 years or more
316358598,way,last_update,8-12-2014,Feature has not been updated in 5 years or more
316358599,way,last_update,8-12-2014,Feature has not been updated in 5 years or more
316358603,way,last_update,8-12-2014,Feature has not been updated in 5 years or more
316358604,way,last_update,8-12-2014,Feature has not been updated in 5 years or more
316358605,way,last_update,8-12-2014,Feature has not been updated in 5 years or more
316358606,way,last_update,8-12-2014,Feature has not been updated in 5 years or more
316358607,way,last_update,8-12-2014,Feature has not been updated in 5 years or more
316358608,way,last_update,8-12-2014,Feature has not been updated in 5 years or more
316358611,way,last_update,8-12-2014,Feature has not been updated in 5 years or more
316358613,way,last_update,8-12-2014,Feature has not been updated in 5 years or more
316358614,way,last_update,8-12-2014,Feature has not been updated in 5 years or more
316358615,way,last_update,8-12-2014,Feature has not been updated in 5 years or more
316358616,way,last_update,8-12-2014,Feature has not been updated in 5 years or more
316358617,way,last_update,8-12-2014,Feature has not been updated in 5 years or more
316653108,way,last_update,18-1-2020,Feature has not been updated in 5 years or more
317277415,way,last_update,31-7-2018,Feature has not been updated in 5 years or more
317580224,way,last_update,31-7-2018,Feature has not been updated in 5 years or more
317580225,way,last_update,31-7-2018,Feature has not been updated in 5 years or more
317582676,way,last_update,31-7-2018,Feature has not been updated in 5 years or more
317582679,way,last_update,31-7-2018,Feature has not been updated in 5 years or more
317582680,way,last_update,31-7-2018,Feature has not been updated in 5 years or more
317582681,way,last_update,31-7-2018,Feature has not been updated in 5 years or more
317582685,way,last_update,31-7-2018,Feature has not been updated in 5 years or more
317582687,way,last_update,31-7-2018,Feature has not been updated in 5 years or more
317582688,way,last_update,31-7-2018,Feature has not been updated in 5 years or more
317582693,way,last_update,31-7-2018,Feature has not been updated in 5 years or more
317587000,way,last_update,25-3-2019,Feature has not been updated in 5 years or more
317587001,way,last_update,31-7-2018,Feature has not been updated in 5 years or more
317587002,way,last_update,31-7-2018,Feature has not been updated in 5 years or more
317587003,way,last_update,31-7-2018,Feature has not been updated in 5 years or more
317587004,way,last_update,31-7-2018,Feature has not been updated in 5 years or more
317587005,way,last_update,31-7-2018,Feature has not been updated in 5 years or more
317587006,way,last_update,31-7-2018,Feature has not been updated in 5 years or more
317587007,way,last_update,31-7-2018,Feature has not been updated in 5 years or more
317587008,way,last_update,31-7-2018,Feature has not been updated in 5 years or more
317587009,way,last_update,31-7-2018,Feature has not been updated in 5 years or more
317587010,way,last_update,31-7-2018,Feature has not been updated in 5 years or more
317587011,way,last_update,31-7-2018,Feature has not been updated in 5 years or more
317587012,way,last_update,31-7-2018,Feature has not been updated in 5 years or more
317587013,way,last_update,31-7-2018,Feature has not been updated in 5 years or more
317587014,way,last_update,31-7-2018,Feature has not been updated in 5 years or more
317587016,way,last_update,25-3-2019,Feature has not been updated in 5 years or more
317587017,way,last_update,31-7-2018,Feature has not been updated in 5 years or more
317587018,way,last_update,31-7-2018,Feature has not been updated in 5 years or more
317587019,way,last_update,31-7-2018,Feature has not been updated in 5 years or more
317587020,way,last_update,31-7-2018,Feature has not been updated in 5 years or more
317587021,way,last_update,25-3-2019,Feature has not been updated in 5 years or more
317587024,way,last_update,31-7-2018,Feature has not been updated in 5 years or more
317587025,way,last_update,31-7-2018,Feature has not been updated in 5 years or more
317587026,way,last_update,31-7-2018,Feature has not been updated in 5 years or more
317587027,way,last_update,31-7-2018,Feature has not been updated in 5 years or more
317587028,way,last_update,31-7-2018,Feature has not been updated in 5 years or more
317587029,way,last_update,31-7-2018,Feature has not been updated in 5 years or more
317587030,way,last_update,31-7-2018,Feature has not been updated in 5 years or more
317729524,way,last_update,17-12-2014,Feature has not been updated in 5 years or more
317730395,way,last_update,25-3-2019,Feature has not been updated in 5 years or more
317730396,way,last_update,25-3-2019,Feature has not been updated in 5 years or more
318286257,way,last_update,11-7-2018,Feature has not been updated in 5 years or more
318286261,way,last_update,11-7-2018,Feature has not been updated in 5 years or more
318286268,way,last_update,11-7-2018,Feature has not been updated in 5 years or more
318696307,way,last_update,11-7-2018,Feature has not been updated in 5 years or more
319935536,way,last_update,31-5-2016,Feature has not been updated in 5 years or more
320375056,way,last_update,4-1-2015,Feature has not been updated in 5 years or more
320514413,way,last_update,5-1-2015,Feature has not been updated in 5 years or more
320733609,way,last_update,9-3-2020,Feature has not been updated in 5 years or more
320733611,way,last_update,18-7-2016,Feature has not been updated in 5 years or more
321797299,way,last_update,18-8-2018,Feature has not been updated in 5 years or more
321798289,way,last_update,22-1-2015,Feature has not been updated in 5 years or more
322685217,way,last_update,9-4-2021,Feature has not been updated in 5 years or more
322685219,way,last_update,18-8-2018,Feature has not been updated in 5 years or more
322685221,way,last_update,9-4-2021,Feature has not been updated in 5 years or more
323653548,way,last_update,9-4-2021,Feature has not been updated in 5 years or more
323653549,way,last_update,9-4-2021,Feature has not been updated in 5 years or more
323945117,way,last_update,31-7-2018,Feature has not been updated in 5 years or more
325872344,way,last_update,12-2-2015,Feature has not been updated in 5 years or more
326553371,way,last_update,5-2-2015,Feature has not been updated in 5 years or more
326763315,way,last_update,17-3-2021,Feature has not been updated in 5 years or more
326763321,way,last_update,8-9-2019,Feature has not been updated in 5 years or more
326768934,way,last_update,6-2-2015,Feature has not been updated in 5 years or more
326771296,way,last_update,24-5-2015,Feature has not been updated in 5 years or more
327885435,way,last_update,23-4-2015,Feature has not been updated in 5 years or more
328610304,way,last_update,16-2-2015,Feature has not been updated in 5 years or more
329048114,way,last_update,18-2-2015,Feature has not been updated in 5 years or more
329048115,way,last_update,18-2-2015,Feature has not been updated in 5 years or more
329048116,way,last_update,8-9-2016,Feature has not been updated in 5 years or more
329048118,way,last_update,18-2-2015,Feature has not been updated in 5 years or more
329048119,way,last_update,18-2-2015,Feature has not been updated in 5 years or more
329048121,way,last_update,7-11-2015,Feature has not been updated in 5 years or more
329050021,way,last_update,18-2-2015,Feature has not been updated in 5 years or more
329050022,way,last_update,18-2-2015,Feature has not been updated in 5 years or more
329050023,way,last_update,18-2-2015,Feature has not been updated in 5 years or more
329050069,way,last_update,18-2-2015,Feature has not been updated in 5 years or more
329050219,way,last_update,10-10-2015,Feature has not been updated in 5 years or more
329050220,way,last_update,18-2-2015,Feature has not been updated in 5 years or more
329050282,way,last_update,18-2-2015,Feature has not been updated in 5 years or more
329050835,way,last_update,18-2-2015,Feature has not been updated in 5 years or more
329050836,way,last_update,18-2-2015,Feature has not been updated in 5 years or more
329050837,way,last_update,18-2-2015,Feature has not been updated in 5 years or more
329050838,way,last_update,18-2-2015,Feature has not been updated in 5 years or more
329051199,way,last_update,18-2-2015,Feature has not been updated in 5 years or more
329051200,way,last_update,18-2-2015,Feature has not been updated in 5 years or more
329051598,way,last_update,18-2-2015,Feature has not been updated in 5 years or more
329051599,way,last_update,18-2-2015,Feature has not been updated in 5 years or more
329051600,way,last_update,18-2-2015,Feature has not been updated in 5 years or more
329051601,way,last_update,18-2-2015,Feature has not been updated in 5 years or more
329051602,way,last_update,18-2-2015,Feature has not been updated in 5 years or more
329051758,way,last_update,10-10-2015,Feature has not been updated in 5 years or more
329051759,way,last_update,18-2-2015,Feature has not been updated in 5 years or more
329051760,way,last_update,18-2-2015,Feature has not been updated in 5 years or more
329051889,way,last_update,18-2-2015,Feature has not been updated in 5 years or more
329051890,way,last_update,18-2-2015,Feature has not been updated in 5 years or more
329051891,way,last_update,18-2-2015,Feature has not been updated in 5 years or more
329054372,way,last_update,10-5-2017,Feature has not been updated in 5 years or more
329054374,way,last_update,28-11-2019,Feature has not been updated in 5 years or more
329114576,way,last_update,19-2-2015,Feature has not been updated in 5 years or more
329114580,way,last_update,19-2-2015,Feature has not been updated in 5 years or more
329120810,way,last_update,19-2-2015,Feature has not been updated in 5 years or more
329133600,way,last_update,19-2-2015,Feature has not been updated in 5 years or more
329133601,way,last_update,19-2-2015,Feature has not been updated in 5 years or more
329197530,way,last_update,19-2-2015,Feature has not been updated in 5 years or more
329197531,way,last_update,19-2-2015,Feature has not been updated in 5 years or more
329197532,way,last_update,19-2-2015,Feature has not been updated in 5 years or more
329573034,way,last_update,21-2-2015,Feature has not been updated in 5 years or more
329573035,way,last_update,21-2-2015,Feature has not been updated in 5 years or more
329573036,way,last_update,21-2-2015,Feature has not been updated in 5 years or more
330152079,way,last_update,24-2-2015,Feature has not been updated in 5 years or more
330152085,way,last_update,24-2-2015,Feature has not been updated in 5 years or more
330204353,way,last_update,4-7-2021,Feature has not been updated in 5 years or more
330209660,way,last_update,25-2-2015,Feature has not been updated in 5 years or more
330211005,way,last_update,25-2-2015,Feature has not been updated in 5 years or more
330211008,way,last_update,25-2-2015,Feature has not been updated in 5 years or more
330212933,way,last_update,25-8-2016,Feature has not been updated in 5 years or more
330255568,way,last_update,23-4-2016,Feature has not been updated in 5 years or more
330256173,way,last_update,23-4-2016,Feature has not been updated in 5 years or more
330256174,way,last_update,23-4-2016,Feature has not been updated in 5 years or more
330256175,way,last_update,23-4-2016,Feature has not been updated in 5 years or more
330343012,way,last_update,27-4-2021,Feature has not been updated in 5 years or more
330343013,way,last_update,26-2-2015,Feature has not been updated in 5 years or more
330343014,way,last_update,26-2-2015,Feature has not been updated in 5 years or more
330343015,way,last_update,26-2-2015,Feature has not been updated in 5 years or more
330343016,way,last_update,26-2-2015,Feature has not been updated in 5 years or more
330343017,way,last_update,26-2-2015,Feature has not been updated in 5 years or more
330343112,way,last_update,26-2-2015,Feature has not been updated in 5 years or more
330361973,way,last_update,4-10-2020,Feature has not been updated in 5 years or more
330363035,way,last_update,4-10-2020,Feature has not been updated in 5 years or more
330363036,way,last_update,4-10-2020,Feature has not been updated in 5 years or more
330363037,way,last_update,26-2-2015,Feature has not been updated in 5 years or more
330363038,way,last_update,1-3-2015,Feature has not been updated in 5 years or more
330363039,way,last_update,26-2-2015,Feature has not been updated in 5 years or more
330379146,way,last_update,26-2-2015,Feature has not been updated in 5 years or more
330647953,way,last_update,12-12-2017,Feature has not been updated in 5 years or more
330647978,way,last_update,28-2-2015,Feature has not been updated in 5 years or more
330647980,way,last_update,28-2-2015,Feature has not been updated in 5 years or more
330647982,way,last_update,12-12-2017,Feature has not been updated in 5 years or more
330716629,way,last_update,18-4-2021,Feature has not been updated in 5 years or more
330807501,way,last_update,4-10-2020,Feature has not been updated in 5 years or more
330809764,way,last_update,1-3-2015,Feature has not been updated in 5 years or more
330809766,way,last_update,1-3-2015,Feature has not been updated in 5 years or more
330844390,way,last_update,1-3-2015,Feature has not been updated in 5 years or more
330844392,way,last_update,1-3-2015,Feature has not been updated in 5 years or more
330844401,way,last_update,20-9-2019,Feature has not been updated in 5 years or more
330844402,way,last_update,1-3-2015,Feature has not been updated in 5 years or more
330844403,way,last_update,1-3-2015,Feature has not been updated in 5 years or more
330855412,way,last_update,1-3-2015,Feature has not been updated in 5 years or more
330855413,way,last_update,20-11-2020,Feature has not been updated in 5 years or more
330855600,way,last_update,1-3-2015,Feature has not been updated in 5 years or more
330855603,way,last_update,20-11-2020,Feature has not been updated in 5 years or more
330855797,way,last_update,23-5-2015,Feature has not been updated in 5 years or more
331478805,way,last_update,20-12-2017,Feature has not been updated in 5 years or more
331490610,way,last_update,6-3-2015,Feature has not been updated in 5 years or more
331490612,way,last_update,6-3-2015,Feature has not been updated in 5 years or more
331490613,way,last_update,17-12-2018,Feature has not been updated in 5 years or more
331490614,way,last_update,6-3-2015,Feature has not been updated in 5 years or more
331490616,way,last_update,6-3-2015,Feature has not been updated in 5 years or more
331490617,way,last_update,6-3-2015,Feature has not been updated in 5 years or more
331490618,way,last_update,6-7-2021,Feature has not been updated in 5 years or more
331689422,way,last_update,7-3-2015,Feature has not been updated in 5 years or more
331689423,way,last_update,9-3-2018,Feature has not been updated in 5 years or more
331996758,way,last_update,9-3-2015,Feature has not been updated in 5 years or more
331996759,way,last_update,9-3-2015,Feature has not been updated in 5 years or more
332002920,way,last_update,9-3-2015,Feature has not been updated in 5 years or more
332190729,way,last_update,31-7-2018,Feature has not been updated in 5 years or more
332190730,way,last_update,31-7-2018,Feature has not been updated in 5 years or more
332190731,way,last_update,31-7-2018,Feature has not been updated in 5 years or more
332190732,way,last_update,31-7-2018,Feature has not been updated in 5 years or more
332190735,way,last_update,31-7-2018,Feature has not been updated in 5 years or more
332190736,way,last_update,31-7-2018,Feature has not been updated in 5 years or more
332190739,way,last_update,31-7-2018,Feature has not been updated in 5 years or more
332190741,way,last_update,31-7-2018,Feature has not been updated in 5 years or more
332190743,way,last_update,31-7-2018,Feature has not been updated in 5 years or more
332190744,way,last_update,31-7-2018,Feature has not been updated in 5 years or more
332190745,way,last_update,31-7-2018,Feature has not been updated in 5 years or more
332190746,way,last_update,31-7-2018,Feature has not been updated in 5 years or more
332190747,way,last_update,31-7-2018,Feature has not been updated in 5 years or more
332381648,way,last_update,18-4-2021,Feature has not been updated in 5 years or more
332384282,way,last_update,4-7-2021,Feature has not been updated in 5 years or more
332384308,way,last_update,12-3-2015,Feature has not been updated in 5 years or more
332520676,way,last_update,31-7-2018,Feature has not been updated in 5 years or more
332520677,way,last_update,31-7-2018,Feature has not been updated in 5 years or more
332520678,way,last_update,31-7-2018,Feature has not been updated in 5 years or more
332520679,way,last_update,31-7-2018,Feature has not been updated in 5 years or more
332520680,way,last_update,31-7-2018,Feature has not been updated in 5 years or more
332520681,way,last_update,31-7-2018,Feature has not been updated in 5 years or more
332520682,way,last_update,31-7-2018,Feature has not been updated in 5 years or more
332520683,way,last_update,31-7-2018,Feature has not been updated in 5 years or more
332520684,way,last_update,31-7-2018,Feature has not been updated in 5 years or more
332520685,way,last_update,31-7-2018,Feature has not been updated in 5 years or more
332520686,way,last_update,31-7-2018,Feature has not been updated in 5 years or more
332520687,way,last_update,31-7-2018,Feature has not been updated in 5 years or more
332520688,way,last_update,31-7-2018,Feature has not been updated in 5 years or more
332520689,way,last_update,31-7-2018,Feature has not been updated in 5 years or more
332520690,way,last_update,31-7-2018,Feature has not been updated in 5 years or more
332522064,way,last_update,31-7-2018,Feature has not been updated in 5 years or more
332522066,way,last_update,31-7-2018,Feature has not been updated in 5 years or more
332522067,way,last_update,31-7-2018,Feature has not been updated in 5 years or more
332522068,way,last_update,31-7-2018,Feature has not been updated in 5 years or more
332522069,way,last_update,31-7-2018,Feature has not been updated in 5 years or more
332522072,way,last_update,31-7-2018,Feature has not been updated in 5 years or more
332522075,way,last_update,31-7-2018,Feature has not been updated in 5 years or more
332522076,way,last_update,31-7-2018,Feature has not been updated in 5 years or more
332522077,way,last_update,31-7-2018,Feature has not been updated in 5 years or more
332535203,way,last_update,31-7-2018,Feature has not been updated in 5 years or more
332535204,way,last_update,31-7-2018,Feature has not been updated in 5 years or more
332535205,way,last_update,31-7-2018,Feature has not been updated in 5 years or more
332535206,way,last_update,31-7-2018,Feature has not been updated in 5 years or more
332535207,way,last_update,31-7-2018,Feature has not been updated in 5 years or more
332535208,way,last_update,31-7-2018,Feature has not been updated in 5 years or more
332535209,way,last_update,31-7-2018,Feature has not been updated in 5 years or more
332538385,way,last_update,25-3-2019,Feature has not been updated in 5 years or more
332538386,way,last_update,25-3-2019,Feature has not been updated in 5 years or more
332642994,way,last_update,14-3-2015,Feature has not been updated in 5 years or more
332644920,way,last_update,20-10-2019,Feature has not been updated in 5 years or more
332644921,way,last_update,16-10-2016,Feature has not been updated in 5 years or more
332644923,way,last_update,20-10-2019,Feature has not been updated in 5 years or more
333032688,way,last_update,21-2-2020,Feature has not been updated in 5 years or more
333835631,way,last_update,20-3-2015,Feature has not been updated in 5 years or more
333835637,way,last_update,25-3-2021,Feature has not been updated in 5 years or more
333835638,way,last_update,20-3-2015,Feature has not been updated in 5 years or more
333835642,way,last_update,25-3-2021,Feature has not been updated in 5 years or more
334550512,way,last_update,24-3-2015,Feature has not been updated in 5 years or more
334550513,way,last_update,24-3-2015,Feature has not been updated in 5 years or more
337580896,way,last_update,9-4-2015,Feature has not been updated in 5 years or more
337580899,way,last_update,9-4-2015,Feature has not been updated in 5 years or more
337580900,way,last_update,9-4-2015,Feature has not been updated in 5 years or more
337580901,way,last_update,9-4-2015,Feature has not been updated in 5 years or more
337580903,way,last_update,9-4-2015,Feature has not been updated in 5 years or more
337580905,way,last_update,9-4-2015,Feature has not been updated in 5 years or more
337580906,way,last_update,9-4-2015,Feature has not been updated in 5 years or more
337580908,way,last_update,9-4-2015,Feature has not been updated in 5 years or more
337580911,way,last_update,9-4-2015,Feature has not been updated in 5 years or more
337580913,way,last_update,9-4-2015,Feature has not been updated in 5 years or more
337580918,way,last_update,9-4-2015,Feature has not been updated in 5 years or more
337580919,way,last_update,9-4-2015,Feature has not been updated in 5 years or more
337580921,way,last_update,9-4-2015,Feature has not been updated in 5 years or more
337580923,way,last_update,9-4-2015,Feature has not been updated in 5 years or more
337580924,way,last_update,9-4-2015,Feature has not been updated in 5 years or more
337580925,way,last_update,9-4-2015,Feature has not been updated in 5 years or more
337580928,way,last_update,9-4-2015,Feature has not been updated in 5 years or more
337580933,way,last_update,9-4-2015,Feature has not been updated in 5 years or more
337583020,way,last_update,9-4-2015,Feature has not been updated in 5 years or more
337583022,way,last_update,9-4-2015,Feature has not been updated in 5 years or more
337583023,way,last_update,9-4-2015,Feature has not been updated in 5 years or more
337583024,way,last_update,9-4-2015,Feature has not been updated in 5 years or more
337583025,way,last_update,9-4-2015,Feature has not been updated in 5 years or more
337583026,way,last_update,9-4-2015,Feature has not been updated in 5 years or more
337583027,way,last_update,9-4-2015,Feature has not been updated in 5 years or more
337583028,way,last_update,9-4-2015,Feature has not been updated in 5 years or more
337583029,way,last_update,9-4-2015,Feature has not been updated in 5 years or more
337583030,way,last_update,9-4-2015,Feature has not been updated in 5 years or more
337583031,way,last_update,9-4-2015,Feature has not been updated in 5 years or more
337583032,way,last_update,23-5-2015,Feature has not been updated in 5 years or more
337583033,way,last_update,9-4-2015,Feature has not been updated in 5 years or more
337583034,way,last_update,23-5-2015,Feature has not been updated in 5 years or more
337583035,way,last_update,9-4-2015,Feature has not been updated in 5 years or more
337583036,way,last_update,9-4-2015,Feature has not been updated in 5 years or more
337583039,way,last_update,9-4-2015,Feature has not been updated in 5 years or more
337583041,way,last_update,9-4-2015,Feature has not been updated in 5 years or more
337583042,way,last_update,9-4-2015,Feature has not been updated in 5 years or more
337583043,way,last_update,9-4-2015,Feature has not been updated in 5 years or more
337583044,way,last_update,9-4-2015,Feature has not been updated in 5 years or more
337583045,way,last_update,9-4-2015,Feature has not been updated in 5 years or more
337583047,way,last_update,23-5-2015,Feature has not been updated in 5 years or more
337583048,way,last_update,9-4-2015,Feature has not been updated in 5 years or more
337583049,way,last_update,9-4-2015,Feature has not been updated in 5 years or more
337583050,way,last_update,9-4-2015,Feature has not been updated in 5 years or more
337798217,way,last_update,5-11-2020,Feature has not been updated in 5 years or more
337798218,way,last_update,10-4-2015,Feature has not been updated in 5 years or more
337798219,way,last_update,10-4-2015,Feature has not been updated in 5 years or more
337798222,way,last_update,10-4-2015,Feature has not been updated in 5 years or more
337798223,way,last_update,21-2-2020,Feature has not been updated in 5 years or more
337798426,way,last_update,10-4-2015,Feature has not been updated in 5 years or more
337798440,way,last_update,2-9-2015,Feature has not been updated in 5 years or more
337798465,way,last_update,10-4-2015,Feature has not been updated in 5 years or more
337798467,way,last_update,10-4-2015,Feature has not been updated in 5 years or more
338016389,way,last_update,31-7-2018,Feature has not been updated in 5 years or more
338016390,way,last_update,31-7-2018,Feature has not been updated in 5 years or more
338016391,way,last_update,31-7-2018,Feature has not been updated in 5 years or more
338016392,way,last_update,31-7-2018,Feature has not been updated in 5 years or more
338016393,way,last_update,31-7-2018,Feature has not been updated in 5 years or more
338016394,way,last_update,31-7-2018,Feature has not been updated in 5 years or more
338016395,way,last_update,25-3-2019,Feature has not been updated in 5 years or more
338016396,way,last_update,31-7-2018,Feature has not been updated in 5 years or more
338016397,way,last_update,31-7-2018,Feature has not been updated in 5 years or more
338016398,way,last_update,31-7-2018,Feature has not been updated in 5 years or more
339104499,way,last_update,18-4-2015,Feature has not been updated in 5 years or more
339548959,way,last_update,20-4-2015,Feature has not been updated in 5 years or more
339750270,way,last_update,21-4-2015,Feature has not been updated in 5 years or more
340165283,way,last_update,23-4-2015,Feature has not been updated in 5 years or more
340289865,way,last_update,31-8-2015,Feature has not been updated in 5 years or more
341176415,way,last_update,22-4-2017,Feature has not been updated in 5 years or more
342206924,way,last_update,19-9-2017,Feature has not been updated in 5 years or more
342538207,way,last_update,24-9-2019,Feature has not been updated in 5 years or more
342538210,way,last_update,3-5-2015,Feature has not been updated in 5 years or more
342538221,way,last_update,7-1-2016,Feature has not been updated in 5 years or more
343230434,way,last_update,6-5-2015,Feature has not been updated in 5 years or more
343556279,way,last_update,31-7-2018,Feature has not been updated in 5 years or more
343556280,way,last_update,31-7-2018,Feature has not been updated in 5 years or more
343556281,way,last_update,31-7-2018,Feature has not been updated in 5 years or more
343556282,way,last_update,31-7-2018,Feature has not been updated in 5 years or more
343556283,way,last_update,31-7-2018,Feature has not been updated in 5 years or more
343556284,way,last_update,25-3-2019,Feature has not been updated in 5 years or more
343556285,way,last_update,31-7-2018,Feature has not been updated in 5 years or more
343556286,way,last_update,31-7-2018,Feature has not been updated in 5 years or more
343556287,way,last_update,31-7-2018,Feature has not been updated in 5 years or more
343556288,way,last_update,31-7-2018,Feature has not been updated in 5 years or more
343556289,way,last_update,31-7-2018,Feature has not been updated in 5 years or more
344150930,way,last_update,10-5-2015,Feature has not been updated in 5 years or more
344150931,way,last_update,31-8-2015,Feature has not been updated in 5 years or more
344150932,way,last_update,10-5-2015,Feature has not been updated in 5 years or more
344679526,way,last_update,13-5-2015,Feature has not been updated in 5 years or more
344998282,way,last_update,14-5-2015,Feature has not been updated in 5 years or more
344998285,way,last_update,14-5-2015,Feature has not been updated in 5 years or more
344998290,way,last_update,14-5-2015,Feature has not been updated in 5 years or more
344998292,way,last_update,14-5-2015,Feature has not been updated in 5 years or more
344998299,way,last_update,14-5-2015,Feature has not been updated in 5 years or more
345038826,way,last_update,14-5-2015,Feature has not been updated in 5 years or more
346926109,way,last_update,21-11-2015,Feature has not been updated in 5 years or more
347715266,way,last_update,23-5-2015,Feature has not been updated in 5 years or more
347715267,way,last_update,23-5-2015,Feature has not been updated in 5 years or more
347718341,way,last_update,23-4-2016,Feature has not been updated in 5 years or more
347966288,way,last_update,29-12-2017,Feature has not been updated in 5 years or more
347966289,way,last_update,24-5-2015,Feature has not been updated in 5 years or more
350637226,way,last_update,1-6-2015,Feature has not been updated in 5 years or more
350637228,way,last_update,5-1-2016,Feature has not been updated in 5 years or more
350637233,way,last_update,1-6-2015,Feature has not been updated in 5 years or more
350637235,way,last_update,10-1-2021,Feature has not been updated in 5 years or more
350637237,way,last_update,10-1-2021,Feature has not been updated in 5 years or more
350637238,way,last_update,1-6-2015,Feature has not been updated in 5 years or more
350637242,way,last_update,10-1-2021,Feature has not been updated in 5 years or more
350637243,way,last_update,1-6-2015,Feature has not been updated in 5 years or more
350637246,way,last_update,10-1-2021,Feature has not been updated in 5 years or more
350637247,way,last_update,10-1-2021,Feature has not been updated in 5 years or more
351688684,way,last_update,5-6-2015,Feature has not been updated in 5 years or more
351688687,way,last_update,5-6-2015,Feature has not been updated in 5 years or more
351688694,way,last_update,5-6-2015,Feature has not been updated in 5 years or more
352889671,way,last_update,10-6-2015,Feature has not been updated in 5 years or more
353259562,way,last_update,23-1-2020,Feature has not been updated in 5 years or more
353268756,way,last_update,12-6-2015,Feature has not been updated in 5 years or more
353268758,way,last_update,12-6-2015,Feature has not been updated in 5 years or more
354123361,way,last_update,25-1-2020,Feature has not been updated in 5 years or more
354124711,way,last_update,8-5-2021,Feature has not been updated in 5 years or more
354124714,way,last_update,8-5-2021,Feature has not been updated in 5 years or more
354301035,way,last_update,25-5-2021,Feature has not been updated in 5 years or more
354901982,way,last_update,19-6-2015,Feature has not been updated in 5 years or more
354923894,way,last_update,19-6-2015,Feature has not been updated in 5 years or more
355299140,way,last_update,16-7-2016,Feature has not been updated in 5 years or more
355299144,way,last_update,16-7-2016,Feature has not been updated in 5 years or more
355332943,way,last_update,7-6-2021,Feature has not been updated in 5 years or more
355540450,way,last_update,21-1-2020,Feature has not been updated in 5 years or more
355540455,way,last_update,21-1-2020,Feature has not been updated in 5 years or more
355654204,way,last_update,8-9-2016,Feature has not been updated in 5 years or more
355753530,way,last_update,17-3-2021,Feature has not been updated in 5 years or more
355753531,way,last_update,17-3-2021,Feature has not been updated in 5 years or more
355753532,way,last_update,17-3-2021,Feature has not been updated in 5 years or more
355753533,way,last_update,17-3-2021,Feature has not been updated in 5 years or more
355753534,way,last_update,17-3-2021,Feature has not been updated in 5 years or more
355753535,way,last_update,17-3-2021,Feature has not been updated in 5 years or more
355753536,way,last_update,17-3-2021,Feature has not been updated in 5 years or more
355753537,way,last_update,17-3-2021,Feature has not been updated in 5 years or more
356776222,way,last_update,27-6-2015,Feature has not been updated in 5 years or more
356780624,way,last_update,27-6-2015,Feature has not been updated in 5 years or more
357044476,way,last_update,23-6-2021,Feature has not been updated in 5 years or more
357429919,way,last_update,30-6-2015,Feature has not been updated in 5 years or more
357429926,way,last_update,30-6-2015,Feature has not been updated in 5 years or more
357495077,way,last_update,10-2-2021,Feature has not been updated in 5 years or more
359196756,way,last_update,12-11-2016,Feature has not been updated in 5 years or more
360192674,way,last_update,12-7-2015,Feature has not been updated in 5 years or more
360194516,way,last_update,12-7-2015,Feature has not been updated in 5 years or more
360194518,way,last_update,10-10-2015,Feature has not been updated in 5 years or more
360835797,way,last_update,5-10-2019,Feature has not been updated in 5 years or more
361037183,way,last_update,11-10-2020,Feature has not been updated in 5 years or more
361271798,way,last_update,19-8-2018,Feature has not been updated in 5 years or more
361271800,way,last_update,19-8-2018,Feature has not been updated in 5 years or more
365920422,way,last_update,22-12-2015,Feature has not been updated in 5 years or more
365920424,way,last_update,15-8-2015,Feature has not been updated in 5 years or more
365920425,way,last_update,15-8-2015,Feature has not been updated in 5 years or more
365920426,way,last_update,15-8-2015,Feature has not been updated in 5 years or more
365920427,way,last_update,15-8-2015,Feature has not been updated in 5 years or more
366811694,way,last_update,19-5-2021,Feature has not been updated in 5 years or more
366811697,way,last_update,19-5-2021,Feature has not been updated in 5 years or more
366811989,way,last_update,19-5-2021,Feature has not been updated in 5 years or more
366811990,way,last_update,19-5-2021,Feature has not been updated in 5 years or more
366812033,way,last_update,21-8-2015,Feature has not been updated in 5 years or more
366812257,way,last_update,19-5-2021,Feature has not been updated in 5 years or more
366812260,way,last_update,21-8-2015,Feature has not been updated in 5 years or more
366812261,way,last_update,19-5-2021,Feature has not been updated in 5 years or more
366812950,way,last_update,21-8-2015,Feature has not been updated in 5 years or more
366812951,way,last_update,19-5-2021,Feature has not been updated in 5 years or more
366812952,way,last_update,21-8-2015,Feature has not been updated in 5 years or more
366929902,way,last_update,22-8-2015,Feature has not been updated in 5 years or more
366929908,way,last_update,22-8-2015,Feature has not been updated in 5 years or more
367017390,way,last_update,22-8-2015,Feature has not been updated in 5 years or more
367017391,way,last_update,22-8-2015,Feature has not been updated in 5 years or more
367017392,way,last_update,22-8-2015,Feature has not been updated in 5 years or more
367017393,way,last_update,22-8-2015,Feature has not been updated in 5 years or more
367017394,way,last_update,22-8-2015,Feature has not been updated in 5 years or more
367429544,way,last_update,3-12-2020,Feature has not been updated in 5 years or more
368000658,way,last_update,20-12-2017,Feature has not been updated in 5 years or more
368175134,way,last_update,29-8-2015,Feature has not been updated in 5 years or more
368291287,way,last_update,30-8-2015,Feature has not been updated in 5 years or more
368291288,way,last_update,30-8-2015,Feature has not been updated in 5 years or more
368291294,way,last_update,30-8-2015,Feature has not been updated in 5 years or more
368291299,way,last_update,30-8-2015,Feature has not been updated in 5 years or more
368292977,way,last_update,30-8-2015,Feature has not been updated in 5 years or more
368292980,way,last_update,30-8-2015,Feature has not been updated in 5 years or more
368293733,way,last_update,30-8-2015,Feature has not been updated in 5 years or more
368352998,way,last_update,5-7-2021,Feature has not been updated in 5 years or more
368482141,way,last_update,31-8-2015,Feature has not been updated in 5 years or more
368526654,way,last_update,31-8-2015,Feature has not been updated in 5 years or more
368572198,way,last_update,1-9-2015,Feature has not been updated in 5 years or more
368572200,way,last_update,1-9-2015,Feature has not been updated in 5 years or more
368572201,way,last_update,1-9-2015,Feature has not been updated in 5 years or more
368572202,way,last_update,1-9-2015,Feature has not been updated in 5 years or more
368772087,way,last_update,13-1-2021,Feature has not been updated in 5 years or more
368787438,way,last_update,2-9-2015,Feature has not been updated in 5 years or more
368787440,way,last_update,2-9-2015,Feature has not been updated in 5 years or more
368787442,way,last_update,2-9-2015,Feature has not been updated in 5 years or more
368787443,way,last_update,2-9-2015,Feature has not been updated in 5 years or more
368787444,way,last_update,2-9-2015,Feature has not been updated in 5 years or more
368789686,way,last_update,3-9-2015,Feature has not been updated in 5 years or more
368789687,way,last_update,2-9-2015,Feature has not been updated in 5 years or more
368789688,way,last_update,14-1-2021,Feature has not been updated in 5 years or more
368898248,way,last_update,3-9-2015,Feature has not been updated in 5 years or more
368898252,way,last_update,3-9-2015,Feature has not been updated in 5 years or more
368898254,way,last_update,3-9-2015,Feature has not been updated in 5 years or more
368898258,way,last_update,4-2-2021,Feature has not been updated in 5 years or more
368898260,way,last_update,3-9-2015,Feature has not been updated in 5 years or more
368898262,way,last_update,12-10-2020,Feature has not been updated in 5 years or more
368898971,way,last_update,12-10-2020,Feature has not been updated in 5 years or more
368898972,way,last_update,3-9-2015,Feature has not been updated in 5 years or more
368898973,way,last_update,12-10-2020,Feature has not been updated in 5 years or more
368900538,way,last_update,12-10-2020,Feature has not been updated in 5 years or more
369241266,way,last_update,5-9-2015,Feature has not been updated in 5 years or more
369242047,way,last_update,5-9-2015,Feature has not been updated in 5 years or more
369247969,way,last_update,22-4-2017,Feature has not been updated in 5 years or more
369247980,way,last_update,22-4-2017,Feature has not been updated in 5 years or more
369279433,way,last_update,5-9-2015,Feature has not been updated in 5 years or more
369279440,way,last_update,5-9-2015,Feature has not been updated in 5 years or more
369279442,way,last_update,12-2-2019,Feature has not been updated in 5 years or more
369279444,way,last_update,5-9-2015,Feature has not been updated in 5 years or more
369294055,way,last_update,5-9-2015,Feature has not been updated in 5 years or more
369294061,way,last_update,5-9-2015,Feature has not been updated in 5 years or more
369303449,way,last_update,3-5-2019,Feature has not been updated in 5 years or more
369365329,way,last_update,16-11-2020,Feature has not been updated in 5 years or more
369365338,way,last_update,15-11-2020,Feature has not been updated in 5 years or more
369790376,way,last_update,27-6-2019,Feature has not been updated in 5 years or more
370209707,way,last_update,26-3-2020,Feature has not been updated in 5 years or more
370874872,way,last_update,16-9-2015,Feature has not been updated in 5 years or more
370874898,way,last_update,16-9-2015,Feature has not been updated in 5 years or more
372103914,way,last_update,21-10-2016,Feature has not been updated in 5 years or more
373574612,way,last_update,31-7-2018,Feature has not been updated in 5 years or more
373574613,way,last_update,31-7-2018,Feature has not been updated in 5 years or more
373574614,way,last_update,31-7-2018,Feature has not been updated in 5 years or more
373574615,way,last_update,31-7-2018,Feature has not been updated in 5 years or more
374375044,way,last_update,10-5-2017,Feature has not been updated in 5 years or more
374375045,way,last_update,10-5-2017,Feature has not been updated in 5 years or more
374375046,way,last_update,7-10-2015,Feature has not been updated in 5 years or more
374375047,way,last_update,7-10-2015,Feature has not been updated in 5 years or more
374375049,way,last_update,7-10-2015,Feature has not been updated in 5 years or more
374639435,way,last_update,10-10-2015,Feature has not been updated in 5 years or more
374639560,way,last_update,10-10-2015,Feature has not been updated in 5 years or more
374639674,way,last_update,10-10-2015,Feature has not been updated in 5 years or more
374639675,way,last_update,10-10-2015,Feature has not been updated in 5 years or more
374639676,way,last_update,10-10-2015,Feature has not been updated in 5 years or more
374639677,way,last_update,10-10-2015,Feature has not been updated in 5 years or more
374639678,way,last_update,10-10-2015,Feature has not been updated in 5 years or more
374639958,way,last_update,10-10-2015,Feature has not been updated in 5 years or more
374640032,way,last_update,10-10-2015,Feature has not been updated in 5 years or more
374641166,way,last_update,10-10-2015,Feature has not been updated in 5 years or more
374641747,way,last_update,10-10-2015,Feature has not been updated in 5 years or more
374641817,way,last_update,10-10-2015,Feature has not been updated in 5 years or more
374641818,way,last_update,10-10-2015,Feature has not been updated in 5 years or more
374641820,way,last_update,10-10-2015,Feature has not been updated in 5 years or more
374641821,way,last_update,10-10-2015,Feature has not been updated in 5 years or more
374642143,way,last_update,10-10-2015,Feature has not been updated in 5 years or more
374642145,way,last_update,10-10-2015,Feature has not been updated in 5 years or more
374642508,way,last_update,10-10-2015,Feature has not been updated in 5 years or more
374643032,way,last_update,10-10-2015,Feature has not been updated in 5 years or more
374643645,way,last_update,10-10-2015,Feature has not been updated in 5 years or more
374643646,way,last_update,10-10-2015,Feature has not been updated in 5 years or more
374643655,way,last_update,12-7-2018,Feature has not been updated in 5 years or more
374643660,way,last_update,10-10-2015,Feature has not been updated in 5 years or more
374645096,way,last_update,8-9-2016,Feature has not been updated in 5 years or more
374645102,way,last_update,10-10-2015,Feature has not been updated in 5 years or more
374645103,way,last_update,8-9-2016,Feature has not been updated in 5 years or more
374649374,way,last_update,23-9-2017,Feature has not been updated in 5 years or more
374675092,way,last_update,13-3-2021,Feature has not been updated in 5 years or more
374873226,way,last_update,11-10-2015,Feature has not been updated in 5 years or more
375554579,way,last_update,16-10-2015,Feature has not been updated in 5 years or more
375554582,way,last_update,16-10-2015,Feature has not been updated in 5 years or more
375554583,way,last_update,16-10-2015,Feature has not been updated in 5 years or more
375554586,way,last_update,16-10-2015,Feature has not been updated in 5 years or more
375836038,way,last_update,19-5-2018,Feature has not been updated in 5 years or more
376558507,way,last_update,23-10-2015,Feature has not been updated in 5 years or more
376558509,way,last_update,23-10-2015,Feature has not been updated in 5 years or more
376558511,way,last_update,23-10-2015,Feature has not been updated in 5 years or more
376558515,way,last_update,27-12-2020,Feature has not been updated in 5 years or more
376558516,way,last_update,23-10-2015,Feature has not been updated in 5 years or more
376558521,way,last_update,23-10-2015,Feature has not been updated in 5 years or more
376558525,way,last_update,23-10-2015,Feature has not been updated in 5 years or more
376558526,way,last_update,23-10-2015,Feature has not been updated in 5 years or more
376558532,way,last_update,23-10-2015,Feature has not been updated in 5 years or more
377780819,way,last_update,23-12-2020,Feature has not been updated in 5 years or more
378631118,way,last_update,6-11-2015,Feature has not been updated in 5 years or more
378900094,way,last_update,7-11-2015,Feature has not been updated in 5 years or more
379839782,way,last_update,2-4-2021,Feature has not been updated in 5 years or more
380125666,way,last_update,13-11-2015,Feature has not been updated in 5 years or more
380125667,way,last_update,13-11-2015,Feature has not been updated in 5 years or more
381220777,way,last_update,19-11-2015,Feature has not been updated in 5 years or more
381220778,way,last_update,19-11-2015,Feature has not been updated in 5 years or more
381220780,way,last_update,19-11-2015,Feature has not been updated in 5 years or more
381220785,way,last_update,1-2-2019,Feature has not been updated in 5 years or more
381220786,way,last_update,19-11-2015,Feature has not been updated in 5 years or more
381220787,way,last_update,1-2-2019,Feature has not been updated in 5 years or more
381221915,way,last_update,19-11-2015,Feature has not been updated in 5 years or more
381221916,way,last_update,1-2-2019,Feature has not been updated in 5 years or more
381221917,way,last_update,1-2-2019,Feature has not been updated in 5 years or more
381221918,way,last_update,7-2-2019,Feature has not been updated in 5 years or more
381221969,way,last_update,19-11-2015,Feature has not been updated in 5 years or more
381227195,way,last_update,19-11-2015,Feature has not been updated in 5 years or more
381698751,way,last_update,21-11-2015,Feature has not been updated in 5 years or more
381698752,way,last_update,21-11-2015,Feature has not been updated in 5 years or more
381698858,way,last_update,31-7-2018,Feature has not been updated in 5 years or more
382697145,way,last_update,25-11-2015,Feature has not been updated in 5 years or more
382697148,way,last_update,25-11-2015,Feature has not been updated in 5 years or more
382697150,way,last_update,25-11-2015,Feature has not been updated in 5 years or more
382697151,way,last_update,8-9-2016,Feature has not been updated in 5 years or more
382697158,way,last_update,25-11-2015,Feature has not been updated in 5 years or more
382697160,way,last_update,26-11-2015,Feature has not been updated in 5 years or more
382842753,way,last_update,26-11-2015,Feature has not been updated in 5 years or more
382842755,way,last_update,25-8-2017,Feature has not been updated in 5 years or more
382842756,way,last_update,26-11-2015,Feature has not been updated in 5 years or more
382842757,way,last_update,26-11-2015,Feature has not been updated in 5 years or more
385361004,way,last_update,17-5-2021,Feature has not been updated in 5 years or more
386281797,way,last_update,17-12-2015,Feature has not been updated in 5 years or more
387905164,way,last_update,25-11-2019,Feature has not been updated in 5 years or more
387905166,way,last_update,25-11-2019,Feature has not been updated in 5 years or more
389798205,way,last_update,5-1-2016,Feature has not been updated in 5 years or more
389798207,way,last_update,10-1-2021,Feature has not been updated in 5 years or more
389798208,way,last_update,10-1-2021,Feature has not been updated in 5 years or more
390396371,way,last_update,1-12-2018,Feature has not been updated in 5 years or more
390396385,way,last_update,20-4-2021,Feature has not been updated in 5 years or more
390396395,way,last_update,20-4-2021,Feature has not been updated in 5 years or more
391307592,way,last_update,14-1-2016,Feature has not been updated in 5 years or more
391307593,way,last_update,14-1-2016,Feature has not been updated in 5 years or more
391741862,way,last_update,16-1-2016,Feature has not been updated in 5 years or more
391743204,way,last_update,16-1-2016,Feature has not been updated in 5 years or more
391743207,way,last_update,16-1-2016,Feature has not been updated in 5 years or more
392946738,way,last_update,18-3-2021,Feature has not been updated in 5 years or more
392946746,way,last_update,10-8-2020,Feature has not been updated in 5 years or more
392946748,way,last_update,23-1-2016,Feature has not been updated in 5 years or more
392946750,way,last_update,10-8-2020,Feature has not been updated in 5 years or more
392994979,way,last_update,23-4-2016,Feature has not been updated in 5 years or more
393897235,way,last_update,26-1-2016,Feature has not been updated in 5 years or more
394510875,way,last_update,31-3-2021,Feature has not been updated in 5 years or more
394510876,way,last_update,29-1-2016,Feature has not been updated in 5 years or more
394510877,way,last_update,29-1-2016,Feature has not been updated in 5 years or more
396367633,way,last_update,6-2-2016,Feature has not been updated in 5 years or more
396367641,way,last_update,6-2-2016,Feature has not been updated in 5 years or more
396367660,way,last_update,6-2-2016,Feature has not been updated in 5 years or more
396367669,way,last_update,13-10-2016,Feature has not been updated in 5 years or more
396430294,way,last_update,29-12-2017,Feature has not been updated in 5 years or more
396533223,way,last_update,7-2-2016,Feature has not been updated in 5 years or more
396533225,way,last_update,7-2-2016,Feature has not been updated in 5 years or more
396533226,way,last_update,8-5-2018,Feature has not been updated in 5 years or more
396573406,way,last_update,7-2-2016,Feature has not been updated in 5 years or more
397138230,way,last_update,10-2-2016,Feature has not been updated in 5 years or more
397264139,way,last_update,20-7-2021,Feature has not been updated in 5 years or more
397336536,way,last_update,11-2-2016,Feature has not been updated in 5 years or more
397969771,way,last_update,15-2-2016,Feature has not been updated in 5 years or more
398740442,way,last_update,12-10-2020,Feature has not been updated in 5 years or more
398740443,way,last_update,15-10-2020,Feature has not been updated in 5 years or more
398944997,way,last_update,26-4-2021,Feature has not been updated in 5 years or more
398944998,way,last_update,6-7-2021,Feature has not been updated in 5 years or more
398944999,way,last_update,7-6-2018,Feature has not been updated in 5 years or more
399649179,way,last_update,8-6-2017,Feature has not been updated in 5 years or more
400162758,way,last_update,23-1-2020,Feature has not been updated in 5 years or more
400608132,way,last_update,1-9-2019,Feature has not been updated in 5 years or more
402989516,way,last_update,10-3-2016,Feature has not been updated in 5 years or more
402989518,way,last_update,10-3-2016,Feature has not been updated in 5 years or more
402989525,way,last_update,10-3-2016,Feature has not been updated in 5 years or more
402989526,way,last_update,10-3-2016,Feature has not been updated in 5 years or more
402989950,way,last_update,11-3-2016,Feature has not been updated in 5 years or more
403082733,way,last_update,17-5-2021,Feature has not been updated in 5 years or more
403082734,way,last_update,11-3-2016,Feature has not been updated in 5 years or more
403082738,way,last_update,18-5-2021,Feature has not been updated in 5 years or more
403171945,way,last_update,9-11-2020,Feature has not been updated in 5 years or more
403171946,way,last_update,9-11-2020,Feature has not been updated in 5 years or more
403671982,way,last_update,14-3-2016,Feature has not been updated in 5 years or more
403676486,way,last_update,14-3-2016,Feature has not been updated in 5 years or more
403686653,way,last_update,14-3-2016,Feature has not been updated in 5 years or more
403867394,way,last_update,18-1-2020,Feature has not been updated in 5 years or more
404072106,way,last_update,16-3-2016,Feature has not been updated in 5 years or more
404072108,way,last_update,16-3-2016,Feature has not been updated in 5 years or more
404072127,way,last_update,16-3-2016,Feature has not been updated in 5 years or more
404125199,way,last_update,16-3-2016,Feature has not been updated in 5 years or more
404125201,way,last_update,16-3-2016,Feature has not been updated in 5 years or more
404395780,way,last_update,21-6-2021,Feature has not been updated in 5 years or more
405161065,way,last_update,22-3-2016,Feature has not been updated in 5 years or more
405161066,way,last_update,22-3-2016,Feature has not been updated in 5 years or more
405161067,way,last_update,22-3-2016,Feature has not been updated in 5 years or more
405161068,way,last_update,22-3-2016,Feature has not been updated in 5 years or more
405886648,way,last_update,11-7-2021,Feature has not been updated in 5 years or more
405886985,way,last_update,11-7-2021,Feature has not been updated in 5 years or more
405972227,way,last_update,27-3-2016,Feature has not been updated in 5 years or more
405972230,way,last_update,27-3-2016,Feature has not been updated in 5 years or more
405983849,way,last_update,7-6-2021,Feature has not been updated in 5 years or more
406219245,way,last_update,28-3-2016,Feature has not been updated in 5 years or more
406219246,way,last_update,28-3-2016,Feature has not been updated in 5 years or more
406219247,way,last_update,28-3-2016,Feature has not been updated in 5 years or more
406219248,way,last_update,28-3-2016,Feature has not been updated in 5 years or more
406219249,way,last_update,28-3-2016,Feature has not been updated in 5 years or more
406219647,way,last_update,28-3-2016,Feature has not been updated in 5 years or more
407189637,way,last_update,2-4-2016,Feature has not been updated in 5 years or more
407189638,way,last_update,2-4-2016,Feature has not been updated in 5 years or more
407189639,way,last_update,2-4-2016,Feature has not been updated in 5 years or more
407189640,way,last_update,2-4-2016,Feature has not been updated in 5 years or more
407189641,way,last_update,2-4-2016,Feature has not been updated in 5 years or more
407189642,way,last_update,2-4-2016,Feature has not been updated in 5 years or more
409140072,way,last_update,9-4-2016,Feature has not been updated in 5 years or more
409140074,way,last_update,9-4-2016,Feature has not been updated in 5 years or more
409140076,way,last_update,9-4-2016,Feature has not been updated in 5 years or more
411829654,way,last_update,2-1-2020,Feature has not been updated in 5 years or more
411829655,way,last_update,2-1-2020,Feature has not been updated in 5 years or more
411829656,way,last_update,2-1-2020,Feature has not been updated in 5 years or more
411829657,way,last_update,2-1-2020,Feature has not been updated in 5 years or more
412912903,way,last_update,23-4-2016,Feature has not been updated in 5 years or more
412912904,way,last_update,28-1-2021,Feature has not been updated in 5 years or more
412912907,way,last_update,23-4-2016,Feature has not been updated in 5 years or more
412912924,way,last_update,23-4-2016,Feature has not been updated in 5 years or more
412912932,way,last_update,23-4-2016,Feature has not been updated in 5 years or more
412929953,way,last_update,23-4-2016,Feature has not been updated in 5 years or more
412929956,way,last_update,17-9-2016,Feature has not been updated in 5 years or more
412929963,way,last_update,23-4-2016,Feature has not been updated in 5 years or more
412929964,way,last_update,23-4-2016,Feature has not been updated in 5 years or more
412929966,way,last_update,23-4-2016,Feature has not been updated in 5 years or more
412929969,way,last_update,23-4-2016,Feature has not been updated in 5 years or more
412929971,way,last_update,23-4-2016,Feature has not been updated in 5 years or more
412960946,way,last_update,25-11-2019,Feature has not been updated in 5 years or more
412960948,way,last_update,25-11-2019,Feature has not been updated in 5 years or more
412979548,way,last_update,23-4-2016,Feature has not been updated in 5 years or more
412979551,way,last_update,23-4-2016,Feature has not been updated in 5 years or more
412979553,way,last_update,23-4-2016,Feature has not been updated in 5 years or more
413448045,way,last_update,25-4-2016,Feature has not been updated in 5 years or more
413448056,way,last_update,25-4-2016,Feature has not been updated in 5 years or more
413448067,way,last_update,25-4-2016,Feature has not been updated in 5 years or more
413448073,way,last_update,25-4-2016,Feature has not been updated in 5 years or more
413692795,way,last_update,5-3-2021,Feature has not been updated in 5 years or more
413692804,way,last_update,5-3-2021,Feature has not been updated in 5 years or more
413692805,way,last_update,5-3-2021,Feature has not been updated in 5 years or more
413692806,way,last_update,5-3-2021,Feature has not been updated in 5 years or more
413692810,way,last_update,19-10-2019,Feature has not been updated in 5 years or more
413692812,way,last_update,26-4-2016,Feature has not been updated in 5 years or more
413692814,way,last_update,5-3-2021,Feature has not been updated in 5 years or more
413692815,way,last_update,5-3-2021,Feature has not been updated in 5 years or more
413692830,way,last_update,5-3-2021,Feature has not been updated in 5 years or more
413692833,way,last_update,26-4-2016,Feature has not been updated in 5 years or more
413692834,way,last_update,5-3-2021,Feature has not been updated in 5 years or more
413692836,way,last_update,26-4-2016,Feature has not been updated in 5 years or more
413692847,way,last_update,26-4-2016,Feature has not been updated in 5 years or more
413692848,way,last_update,26-4-2016,Feature has not been updated in 5 years or more
413692851,way,last_update,26-4-2016,Feature has not been updated in 5 years or more
413692852,way,last_update,26-4-2016,Feature has not been updated in 5 years or more
413692853,way,last_update,5-3-2021,Feature has not been updated in 5 years or more
416169924,way,last_update,6-5-2016,Feature has not been updated in 5 years or more
416169928,way,last_update,6-5-2016,Feature has not been updated in 5 years or more
416169931,way,last_update,6-5-2016,Feature has not been updated in 5 years or more
416406167,way,last_update,7-6-2021,Feature has not been updated in 5 years or more
416406168,way,last_update,7-6-2021,Feature has not been updated in 5 years or more
416557024,way,last_update,8-5-2016,Feature has not been updated in 5 years or more
416890745,way,last_update,21-2-2021,Feature has not been updated in 5 years or more
416890748,way,last_update,10-5-2016,Feature has not been updated in 5 years or more
416890750,way,last_update,10-5-2016,Feature has not been updated in 5 years or more
418040132,way,last_update,28-3-2021,Feature has not been updated in 5 years or more
418040133,way,last_update,28-3-2021,Feature has not been updated in 5 years or more
418040135,way,last_update,28-3-2021,Feature has not been updated in 5 years or more
418040136,way,last_update,14-5-2016,Feature has not been updated in 5 years or more
420005513,way,last_update,22-5-2016,Feature has not been updated in 5 years or more
420009115,way,last_update,22-5-2016,Feature has not been updated in 5 years or more
420801156,way,last_update,25-5-2016,Feature has not been updated in 5 years or more
421305993,way,last_update,27-5-2016,Feature has not been updated in 5 years or more
421305994,way,last_update,27-5-2016,Feature has not been updated in 5 years or more
421305995,way,last_update,27-5-2016,Feature has not been updated in 5 years or more
421653260,way,last_update,18-1-2019,Feature has not been updated in 5 years or more
421653268,way,last_update,18-1-2019,Feature has not been updated in 5 years or more
421827335,way,last_update,11-5-2019,Feature has not been updated in 5 years or more
421827336,way,last_update,11-5-2019,Feature has not been updated in 5 years or more
421827337,way,last_update,30-5-2016,Feature has not been updated in 5 years or more
421827338,way,last_update,30-5-2016,Feature has not been updated in 5 years or more
421827339,way,last_update,30-5-2016,Feature has not been updated in 5 years or more
421980238,way,last_update,31-5-2016,Feature has not been updated in 5 years or more
421980253,way,last_update,31-5-2016,Feature has not been updated in 5 years or more
421980256,way,last_update,31-5-2016,Feature has not been updated in 5 years or more
421980260,way,last_update,31-5-2016,Feature has not been updated in 5 years or more
421981760,way,last_update,31-5-2016,Feature has not been updated in 5 years or more
421981762,way,last_update,31-5-2016,Feature has not been updated in 5 years or more
421981763,way,last_update,31-5-2016,Feature has not been updated in 5 years or more
421981767,way,last_update,31-5-2016,Feature has not been updated in 5 years or more
421981768,way,last_update,31-5-2016,Feature has not been updated in 5 years or more
421981769,way,last_update,31-5-2016,Feature has not been updated in 5 years or more
421981771,way,last_update,31-5-2016,Feature has not been updated in 5 years or more
421981772,way,last_update,31-5-2016,Feature has not been updated in 5 years or more
421981773,way,last_update,31-5-2016,Feature has not been updated in 5 years or more
421981774,way,last_update,31-5-2016,Feature has not been updated in 5 years or more
422223872,way,last_update,1-6-2016,Feature has not been updated in 5 years or more
422223879,way,last_update,3-9-2016,Feature has not been updated in 5 years or more
423444022,way,last_update,7-10-2017,Feature has not been updated in 5 years or more
423889315,way,last_update,9-3-2021,Feature has not been updated in 5 years or more
423891389,way,last_update,9-6-2016,Feature has not been updated in 5 years or more
423891393,way,last_update,9-6-2016,Feature has not been updated in 5 years or more
423891394,way,last_update,9-3-2021,Feature has not been updated in 5 years or more
423891664,way,last_update,9-3-2021,Feature has not been updated in 5 years or more
423891665,way,last_update,9-3-2021,Feature has not been updated in 5 years or more
423891666,way,last_update,9-3-2021,Feature has not been updated in 5 years or more
423891667,way,last_update,9-3-2021,Feature has not been updated in 5 years or more
423891939,way,last_update,9-3-2021,Feature has not been updated in 5 years or more
423901548,way,last_update,9-6-2016,Feature has not been updated in 5 years or more
423901551,way,last_update,9-6-2016,Feature has not been updated in 5 years or more
425712106,way,last_update,28-3-2021,Feature has not been updated in 5 years or more
426361198,way,last_update,21-6-2016,Feature has not been updated in 5 years or more
426917252,way,last_update,19-5-2018,Feature has not been updated in 5 years or more
426917253,way,last_update,23-6-2016,Feature has not been updated in 5 years or more
426917255,way,last_update,19-5-2018,Feature has not been updated in 5 years or more
427634592,way,last_update,27-6-2016,Feature has not been updated in 5 years or more
427634597,way,last_update,27-6-2016,Feature has not been updated in 5 years or more
427634602,way,last_update,27-6-2016,Feature has not been updated in 5 years or more
427761314,way,last_update,28-6-2016,Feature has not been updated in 5 years or more
427761316,way,last_update,28-6-2016,Feature has not been updated in 5 years or more
427761321,way,last_update,28-6-2016,Feature has not been updated in 5 years or more
427761322,way,last_update,28-6-2016,Feature has not been updated in 5 years or more
427927024,way,last_update,13-1-2021,Feature has not been updated in 5 years or more
427927025,way,last_update,13-1-2021,Feature has not been updated in 5 years or more
427927027,way,last_update,21-7-2017,Feature has not been updated in 5 years or more
427927028,way,last_update,13-1-2021,Feature has not been updated in 5 years or more
429255826,way,last_update,5-7-2016,Feature has not been updated in 5 years or more
429255827,way,last_update,5-7-2016,Feature has not been updated in 5 years or more
429255829,way,last_update,5-7-2016,Feature has not been updated in 5 years or more
429255830,way,last_update,5-7-2016,Feature has not been updated in 5 years or more
429255832,way,last_update,5-7-2016,Feature has not been updated in 5 years or more
429909991,way,last_update,8-7-2016,Feature has not been updated in 5 years or more
429909992,way,last_update,16-5-2019,Feature has not been updated in 5 years or more
429955204,way,last_update,8-7-2016,Feature has not been updated in 5 years or more
431233593,way,last_update,16-9-2019,Feature has not been updated in 5 years or more
431354571,way,last_update,16-7-2016,Feature has not been updated in 5 years or more
431530415,way,last_update,12-1-2021,Feature has not been updated in 5 years or more
431683664,way,last_update,23-8-2021,Feature has not been updated in 5 years or more
431699797,way,last_update,24-5-2019,Feature has not been updated in 5 years or more
431703662,way,last_update,28-3-2021,Feature has not been updated in 5 years or more
431782747,way,last_update,23-8-2021,Feature has not been updated in 5 years or more
431782748,way,last_update,18-7-2016,Feature has not been updated in 5 years or more
431782750,way,last_update,23-8-2021,Feature has not been updated in 5 years or more
431782754,way,last_update,29-10-2020,Feature has not been updated in 5 years or more
431782756,way,last_update,18-7-2016,Feature has not been updated in 5 years or more
431782759,way,last_update,23-8-2021,Feature has not been updated in 5 years or more
434686315,way,last_update,20-5-2021,Feature has not been updated in 5 years or more
434964073,way,last_update,31-7-2016,Feature has not been updated in 5 years or more
434966059,way,last_update,31-7-2016,Feature has not been updated in 5 years or more
434971994,way,last_update,14-3-2021,Feature has not been updated in 5 years or more
434971996,way,last_update,31-7-2016,Feature has not been updated in 5 years or more
435486727,way,last_update,24-9-2017,Feature has not been updated in 5 years or more
435747031,way,last_update,20-9-2016,Feature has not been updated in 5 years or more
436982846,way,last_update,13-8-2016,Feature has not been updated in 5 years or more
436982847,way,last_update,23-12-2016,Feature has not been updated in 5 years or more
437239934,way,last_update,21-2-2020,Feature has not been updated in 5 years or more
437239936,way,last_update,21-2-2020,Feature has not been updated in 5 years or more
437419562,way,last_update,16-8-2016,Feature has not been updated in 5 years or more
437419563,way,last_update,29-8-2021,Feature has not been updated in 5 years or more
437419565,way,last_update,16-8-2016,Feature has not been updated in 5 years or more
437419566,way,last_update,13-9-2016,Feature has not been updated in 5 years or more
437419567,way,last_update,16-8-2016,Feature has not been updated in 5 years or more
437419569,way,last_update,16-8-2016,Feature has not been updated in 5 years or more
437513529,way,last_update,8-9-2016,Feature has not been updated in 5 years or more
437513530,way,last_update,16-8-2016,Feature has not been updated in 5 years or more
437524866,way,last_update,9-8-2021,Feature has not been updated in 5 years or more
438732561,way,last_update,24-8-2016,Feature has not been updated in 5 years or more
438732562,way,last_update,24-8-2016,Feature has not been updated in 5 years or more
438732564,way,last_update,24-8-2016,Feature has not been updated in 5 years or more
438732568,way,last_update,24-8-2016,Feature has not been updated in 5 years or more
438732569,way,last_update,24-8-2016,Feature has not been updated in 5 years or more
438913909,way,last_update,25-8-2016,Feature has not been updated in 5 years or more
438913913,way,last_update,25-8-2016,Feature has not been updated in 5 years or more
438913915,way,last_update,25-8-2016,Feature has not been updated in 5 years or more
438913916,way,last_update,25-8-2016,Feature has not been updated in 5 years or more
438913917,way,last_update,25-8-2016,Feature has not been updated in 5 years or more
438913920,way,last_update,25-8-2016,Feature has not been updated in 5 years or more
438914604,way,last_update,21-10-2020,Feature has not been updated in 5 years or more
438914607,way,last_update,25-8-2016,Feature has not been updated in 5 years or more
438914611,way,last_update,25-8-2016,Feature has not been updated in 5 years or more
438914614,way,last_update,25-8-2016,Feature has not been updated in 5 years or more
438914616,way,last_update,25-8-2016,Feature has not been updated in 5 years or more
438914618,way,last_update,25-8-2016,Feature has not been updated in 5 years or more
438914620,way,last_update,25-8-2016,Feature has not been updated in 5 years or more
438914623,way,last_update,25-8-2016,Feature has not been updated in 5 years or more
438914624,way,last_update,25-8-2016,Feature has not been updated in 5 years or more
438922863,way,last_update,25-8-2016,Feature has not been updated in 5 years or more
438922865,way,last_update,25-8-2016,Feature has not been updated in 5 years or more
438922867,way,last_update,25-8-2016,Feature has not been updated in 5 years or more
438922869,way,last_update,25-8-2016,Feature has not been updated in 5 years or more
438922870,way,last_update,25-8-2016,Feature has not been updated in 5 years or more
438922875,way,last_update,25-8-2016,Feature has not been updated in 5 years or more
438922879,way,last_update,12-11-2016,Feature has not been updated in 5 years or more
438922880,way,last_update,12-11-2016,Feature has not been updated in 5 years or more
438922882,way,last_update,25-8-2016,Feature has not been updated in 5 years or more
438922884,way,last_update,25-8-2016,Feature has not been updated in 5 years or more
438922888,way,last_update,25-8-2016,Feature has not been updated in 5 years or more
438926324,way,last_update,25-8-2016,Feature has not been updated in 5 years or more
438926325,way,last_update,25-8-2016,Feature has not been updated in 5 years or more
438926326,way,last_update,25-8-2016,Feature has not been updated in 5 years or more
438926344,way,last_update,25-8-2016,Feature has not been updated in 5 years or more
438926937,way,last_update,25-8-2016,Feature has not been updated in 5 years or more
438926939,way,last_update,20-6-2017,Feature has not been updated in 5 years or more
438926940,way,last_update,25-8-2016,Feature has not been updated in 5 years or more
438926941,way,last_update,25-8-2016,Feature has not been updated in 5 years or more
438926942,way,last_update,25-8-2016,Feature has not been updated in 5 years or more
438926943,way,last_update,20-6-2017,Feature has not been updated in 5 years or more
438926945,way,last_update,25-8-2016,Feature has not been updated in 5 years or more
438926946,way,last_update,25-8-2016,Feature has not been updated in 5 years or more
438926947,way,last_update,25-8-2016,Feature has not been updated in 5 years or more
438926949,way,last_update,7-12-2017,Feature has not been updated in 5 years or more
439025904,way,last_update,25-8-2016,Feature has not been updated in 5 years or more
439025907,way,last_update,25-8-2016,Feature has not been updated in 5 years or more
439188308,way,last_update,26-8-2016,Feature has not been updated in 5 years or more
439188309,way,last_update,18-8-2020,Feature has not been updated in 5 years or more
439188310,way,last_update,18-8-2020,Feature has not been updated in 5 years or more
439198985,way,last_update,26-8-2016,Feature has not been updated in 5 years or more
439198989,way,last_update,26-8-2016,Feature has not been updated in 5 years or more
439198991,way,last_update,26-8-2016,Feature has not been updated in 5 years or more
439198993,way,last_update,26-8-2016,Feature has not been updated in 5 years or more
439198995,way,last_update,26-8-2016,Feature has not been updated in 5 years or more
439198999,way,last_update,26-8-2016,Feature has not been updated in 5 years or more
439791740,way,last_update,29-8-2016,Feature has not been updated in 5 years or more
439791741,way,last_update,8-9-2016,Feature has not been updated in 5 years or more
439791742,way,last_update,8-9-2016,Feature has not been updated in 5 years or more
439791743,way,last_update,29-8-2016,Feature has not been updated in 5 years or more
439791745,way,last_update,29-8-2016,Feature has not been updated in 5 years or more
439955069,way,last_update,18-6-2019,Feature has not been updated in 5 years or more
439955070,way,last_update,11-6-2019,Feature has not been updated in 5 years or more
440519363,way,last_update,3-9-2016,Feature has not been updated in 5 years or more
440660815,way,last_update,4-9-2016,Feature has not been updated in 5 years or more
440660817,way,last_update,4-9-2016,Feature has not been updated in 5 years or more
440995662,way,last_update,7-2-2019,Feature has not been updated in 5 years or more
440995663,way,last_update,6-9-2016,Feature has not been updated in 5 years or more
440995664,way,last_update,16-9-2016,Feature has not been updated in 5 years or more
442193228,way,last_update,13-9-2016,Feature has not been updated in 5 years or more
442193230,way,last_update,13-9-2016,Feature has not been updated in 5 years or more
443250027,way,last_update,26-11-2016,Feature has not been updated in 5 years or more
443471418,way,last_update,20-9-2016,Feature has not been updated in 5 years or more
443471419,way,last_update,20-9-2016,Feature has not been updated in 5 years or more
443471424,way,last_update,20-9-2016,Feature has not been updated in 5 years or more
443471425,way,last_update,20-9-2016,Feature has not been updated in 5 years or more
443471426,way,last_update,20-9-2016,Feature has not been updated in 5 years or more
443471432,way,last_update,20-9-2016,Feature has not been updated in 5 years or more
443471436,way,last_update,20-9-2016,Feature has not been updated in 5 years or more
443471440,way,last_update,20-9-2016,Feature has not been updated in 5 years or more
444467394,way,last_update,26-9-2016,Feature has not been updated in 5 years or more
444799124,way,last_update,28-9-2016,Feature has not been updated in 5 years or more
444801405,way,last_update,28-9-2016,Feature has not been updated in 5 years or more
444801408,way,last_update,28-9-2016,Feature has not been updated in 5 years or more
445011079,way,last_update,2-1-2020,Feature has not been updated in 5 years or more
445011085,way,last_update,7-4-2021,Feature has not been updated in 5 years or more
445026886,way,last_update,30-9-2016,Feature has not been updated in 5 years or more
445026891,way,last_update,30-9-2016,Feature has not been updated in 5 years or more
445035136,way,last_update,31-5-2021,Feature has not been updated in 5 years or more
447470507,way,last_update,13-10-2016,Feature has not been updated in 5 years or more
447470508,way,last_update,13-10-2016,Feature has not been updated in 5 years or more
447470509,way,last_update,13-10-2016,Feature has not been updated in 5 years or more
447470520,way,last_update,29-3-2021,Feature has not been updated in 5 years or more
447747202,way,last_update,14-10-2016,Feature has not been updated in 5 years or more
448810958,way,last_update,21-10-2016,Feature has not been updated in 5 years or more
448812122,way,last_update,27-11-2016,Feature has not been updated in 5 years or more
448818745,way,last_update,24-6-2018,Feature has not been updated in 5 years or more
448818746,way,last_update,21-10-2016,Feature has not been updated in 5 years or more
448818747,way,last_update,21-10-2016,Feature has not been updated in 5 years or more
448847154,way,last_update,21-10-2016,Feature has not been updated in 5 years or more
448928286,way,last_update,22-10-2016,Feature has not been updated in 5 years or more
448937287,way,last_update,16-1-2020,Feature has not been updated in 5 years or more
448937288,way,last_update,16-1-2020,Feature has not been updated in 5 years or more
448937289,way,last_update,16-1-2020,Feature has not been updated in 5 years or more
452827156,way,last_update,12-11-2016,Feature has not been updated in 5 years or more
452827157,way,last_update,12-11-2016,Feature has not been updated in 5 years or more
456098248,way,last_update,26-11-2016,Feature has not been updated in 5 years or more
456208562,way,last_update,27-11-2016,Feature has not been updated in 5 years or more
456230759,way,last_update,27-11-2016,Feature has not been updated in 5 years or more
456230760,way,last_update,27-11-2016,Feature has not been updated in 5 years or more
456230761,way,last_update,27-11-2016,Feature has not been updated in 5 years or more
456230765,way,last_update,27-11-2016,Feature has not been updated in 5 years or more
456230768,way,last_update,27-11-2016,Feature has not been updated in 5 years or more
457904196,way,last_update,5-12-2016,Feature has not been updated in 5 years or more
457904197,way,last_update,1-6-2017,Feature has not been updated in 5 years or more
457904198,way,last_update,5-12-2016,Feature has not been updated in 5 years or more
457912282,way,last_update,5-12-2016,Feature has not been updated in 5 years or more
458068934,way,last_update,6-12-2016,Feature has not been updated in 5 years or more
458168744,way,last_update,6-12-2016,Feature has not been updated in 5 years or more
458357611,way,last_update,28-12-2016,Feature has not been updated in 5 years or more
458357616,way,last_update,7-12-2016,Feature has not been updated in 5 years or more
458364476,way,last_update,10-12-2016,Feature has not been updated in 5 years or more
458364477,way,last_update,7-12-2016,Feature has not been updated in 5 years or more
458364478,way,last_update,10-12-2016,Feature has not been updated in 5 years or more
458364479,way,last_update,7-12-2016,Feature has not been updated in 5 years or more
458364484,way,last_update,10-12-2016,Feature has not been updated in 5 years or more
458364485,way,last_update,7-12-2016,Feature has not been updated in 5 years or more
458571563,way,last_update,8-12-2016,Feature has not been updated in 5 years or more
458772570,way,last_update,9-12-2016,Feature has not been updated in 5 years or more
458772572,way,last_update,9-12-2016,Feature has not been updated in 5 years or more
458846134,way,last_update,10-12-2016,Feature has not been updated in 5 years or more
458846139,way,last_update,10-12-2016,Feature has not been updated in 5 years or more
458846140,way,last_update,10-12-2016,Feature has not been updated in 5 years or more
458846141,way,last_update,10-12-2016,Feature has not been updated in 5 years or more
458846142,way,last_update,10-12-2016,Feature has not been updated in 5 years or more
458847993,way,last_update,10-12-2016,Feature has not been updated in 5 years or more
458847994,way,last_update,10-12-2016,Feature has not been updated in 5 years or more
459080956,way,last_update,11-12-2016,Feature has not been updated in 5 years or more
459080957,way,last_update,11-12-2016,Feature has not been updated in 5 years or more
459080958,way,last_update,1-7-2017,Feature has not been updated in 5 years or more
459080959,way,last_update,11-12-2016,Feature has not been updated in 5 years or more
459080960,way,last_update,11-12-2016,Feature has not been updated in 5 years or more
459080961,way,last_update,11-12-2016,Feature has not been updated in 5 years or more
459087069,way,last_update,12-12-2016,Feature has not been updated in 5 years or more
459087071,way,last_update,2-10-2018,Feature has not been updated in 5 years or more
459087076,way,last_update,1-7-2017,Feature has not been updated in 5 years or more
459152375,way,last_update,12-12-2016,Feature has not been updated in 5 years or more
459152377,way,last_update,23-6-2021,Feature has not been updated in 5 years or more
459341202,way,last_update,13-12-2016,Feature has not been updated in 5 years or more
459398634,way,last_update,24-6-2018,Feature has not been updated in 5 years or more
459398635,way,last_update,1-5-2017,Feature has not been updated in 5 years or more
459665713,way,last_update,14-12-2016,Feature has not been updated in 5 years or more
459665714,way,last_update,14-12-2016,Feature has not been updated in 5 years or more
459665715,way,last_update,14-12-2016,Feature has not been updated in 5 years or more
459665716,way,last_update,14-12-2016,Feature has not been updated in 5 years or more
459665718,way,last_update,14-12-2016,Feature has not been updated in 5 years or more
459667455,way,last_update,14-12-2016,Feature has not been updated in 5 years or more
459667456,way,last_update,14-12-2016,Feature has not been updated in 5 years or more
459667457,way,last_update,14-12-2016,Feature has not been updated in 5 years or more
459667458,way,last_update,14-12-2016,Feature has not been updated in 5 years or more
459667462,way,last_update,14-12-2016,Feature has not been updated in 5 years or more
459667464,way,last_update,14-12-2016,Feature has not been updated in 5 years or more
459667465,way,last_update,14-12-2016,Feature has not been updated in 5 years or more
459667466,way,last_update,14-12-2016,Feature has not been updated in 5 years or more
459667467,way,last_update,14-12-2016,Feature has not been updated in 5 years or more
459667468,way,last_update,14-12-2016,Feature has not been updated in 5 years or more
459667469,way,last_update,14-12-2016,Feature has not been updated in 5 years or more
459847640,way,last_update,15-12-2016,Feature has not been updated in 5 years or more
460108702,way,last_update,18-12-2016,Feature has not been updated in 5 years or more
460401672,way,last_update,18-12-2016,Feature has not been updated in 5 years or more
460401675,way,last_update,18-12-2016,Feature has not been updated in 5 years or more
460401677,way,last_update,18-12-2016,Feature has not been updated in 5 years or more
461388563,way,last_update,23-12-2016,Feature has not been updated in 5 years or more
461388564,way,last_update,23-12-2016,Feature has not been updated in 5 years or more
461388566,way,last_update,23-12-2016,Feature has not been updated in 5 years or more
461388567,way,last_update,3-1-2017,Feature has not been updated in 5 years or more
462105709,way,last_update,27-12-2016,Feature has not been updated in 5 years or more
462105710,way,last_update,27-12-2016,Feature has not been updated in 5 years or more
462105711,way,last_update,27-12-2016,Feature has not been updated in 5 years or more
462105712,way,last_update,27-12-2016,Feature has not been updated in 5 years or more
462105716,way,last_update,27-12-2016,Feature has not been updated in 5 years or more
462105717,way,last_update,27-12-2016,Feature has not been updated in 5 years or more
462105721,way,last_update,27-12-2016,Feature has not been updated in 5 years or more
462105724,way,last_update,27-12-2016,Feature has not been updated in 5 years or more
462105725,way,last_update,27-12-2016,Feature has not been updated in 5 years or more
462105730,way,last_update,27-12-2016,Feature has not been updated in 5 years or more
462105732,way,last_update,27-12-2016,Feature has not been updated in 5 years or more
462112913,way,last_update,27-12-2016,Feature has not been updated in 5 years or more
462279683,way,last_update,1-7-2017,Feature has not been updated in 5 years or more
462992599,way,last_update,21-1-2020,Feature has not been updated in 5 years or more
463287226,way,last_update,22-5-2019,Feature has not been updated in 5 years or more
463359578,way,last_update,17-7-2019,Feature has not been updated in 5 years or more
463359588,way,last_update,3-1-2017,Feature has not been updated in 5 years or more
463359589,way,last_update,3-1-2017,Feature has not been updated in 5 years or more
463547488,way,last_update,17-1-2020,Feature has not been updated in 5 years or more
463547492,way,last_update,17-1-2020,Feature has not been updated in 5 years or more
463547493,way,last_update,17-1-2020,Feature has not been updated in 5 years or more
463547496,way,last_update,8-5-2021,Feature has not been updated in 5 years or more
464198900,way,last_update,9-3-2020,Feature has not been updated in 5 years or more
464198904,way,last_update,6-1-2017,Feature has not been updated in 5 years or more
464766007,way,last_update,9-1-2017,Feature has not been updated in 5 years or more
465148838,way,last_update,11-1-2017,Feature has not been updated in 5 years or more
465148839,way,last_update,11-1-2017,Feature has not been updated in 5 years or more
465148840,way,last_update,11-1-2017,Feature has not been updated in 5 years or more
465148842,way,last_update,11-1-2017,Feature has not been updated in 5 years or more
465228179,way,last_update,11-1-2017,Feature has not been updated in 5 years or more
465228182,way,last_update,27-12-2020,Feature has not been updated in 5 years or more
465237518,way,last_update,11-1-2017,Feature has not been updated in 5 years or more
465237520,way,last_update,27-12-2020,Feature has not been updated in 5 years or more
465584169,way,last_update,13-1-2017,Feature has not been updated in 5 years or more
465600989,way,last_update,14-1-2021,Feature has not been updated in 5 years or more
465686045,way,last_update,19-11-2020,Feature has not been updated in 5 years or more
465686047,way,last_update,6-7-2021,Feature has not been updated in 5 years or more
465687932,way,last_update,17-11-2020,Feature has not been updated in 5 years or more
465873540,way,last_update,25-5-2021,Feature has not been updated in 5 years or more
467565681,way,last_update,21-1-2017,Feature has not been updated in 5 years or more
467635381,way,last_update,31-7-2018,Feature has not been updated in 5 years or more
467635382,way,last_update,31-7-2018,Feature has not been updated in 5 years or more
467635383,way,last_update,31-7-2018,Feature has not been updated in 5 years or more
467635384,way,last_update,31-7-2018,Feature has not been updated in 5 years or more
467635385,way,last_update,31-7-2018,Feature has not been updated in 5 years or more
467635386,way,last_update,31-7-2018,Feature has not been updated in 5 years or more
467635387,way,last_update,31-7-2018,Feature has not been updated in 5 years or more
467635388,way,last_update,31-7-2018,Feature has not been updated in 5 years or more
467635389,way,last_update,31-7-2018,Feature has not been updated in 5 years or more
467635390,way,last_update,31-7-2018,Feature has not been updated in 5 years or more
467635391,way,last_update,31-7-2018,Feature has not been updated in 5 years or more
467635392,way,last_update,31-7-2018,Feature has not been updated in 5 years or more
467635393,way,last_update,31-7-2018,Feature has not been updated in 5 years or more
467635394,way,last_update,31-7-2018,Feature has not been updated in 5 years or more
467635395,way,last_update,31-7-2018,Feature has not been updated in 5 years or more
468428414,way,last_update,24-1-2017,Feature has not been updated in 5 years or more
469033703,way,last_update,26-1-2017,Feature has not been updated in 5 years or more
471311339,way,last_update,2-2-2017,Feature has not been updated in 5 years or more
475312281,way,last_update,17-2-2017,Feature has not been updated in 5 years or more
475327502,way,last_update,26-7-2020,Feature has not been updated in 5 years or more
475327508,way,last_update,17-2-2017,Feature has not been updated in 5 years or more
478299353,way,last_update,3-3-2017,Feature has not been updated in 5 years or more
490282253,way,last_update,29-4-2017,Feature has not been updated in 5 years or more
490282255,way,last_update,29-4-2017,Feature has not been updated in 5 years or more
490282256,way,last_update,29-4-2017,Feature has not been updated in 5 years or more
490717292,way,last_update,1-5-2017,Feature has not been updated in 5 years or more
491335789,way,last_update,4-5-2017,Feature has not been updated in 5 years or more
491335799,way,last_update,4-5-2017,Feature has not been updated in 5 years or more
491335807,way,last_update,4-5-2017,Feature has not been updated in 5 years or more
491335808,way,last_update,4-5-2017,Feature has not been updated in 5 years or more
491335809,way,last_update,4-5-2017,Feature has not been updated in 5 years or more
491812392,way,last_update,6-5-2017,Feature has not been updated in 5 years or more
491812393,way,last_update,17-8-2018,Feature has not been updated in 5 years or more
491812396,way,last_update,6-5-2017,Feature has not been updated in 5 years or more
491812398,way,last_update,6-5-2017,Feature has not been updated in 5 years or more
491812399,way,last_update,6-5-2017,Feature has not been updated in 5 years or more
491820366,way,last_update,6-5-2017,Feature has not been updated in 5 years or more
491820367,way,last_update,6-5-2017,Feature has not been updated in 5 years or more
491820368,way,last_update,6-5-2017,Feature has not been updated in 5 years or more
491825553,way,last_update,6-5-2017,Feature has not been updated in 5 years or more
491825555,way,last_update,19-9-2017,Feature has not been updated in 5 years or more
491825746,way,last_update,19-9-2017,Feature has not been updated in 5 years or more
491986822,way,last_update,8-5-2017,Feature has not been updated in 5 years or more
491986824,way,last_update,10-5-2017,Feature has not been updated in 5 years or more
491986833,way,last_update,28-11-2019,Feature has not been updated in 5 years or more
491986845,way,last_update,28-11-2019,Feature has not been updated in 5 years or more
491986846,way,last_update,28-11-2019,Feature has not been updated in 5 years or more
491986854,way,last_update,8-5-2017,Feature has not been updated in 5 years or more
491986855,way,last_update,8-5-2017,Feature has not been updated in 5 years or more
491986856,way,last_update,28-11-2019,Feature has not been updated in 5 years or more
491986859,way,last_update,8-5-2017,Feature has not been updated in 5 years or more
491986860,way,last_update,8-5-2017,Feature has not been updated in 5 years or more
491986861,way,last_update,28-11-2019,Feature has not been updated in 5 years or more
491986865,way,last_update,10-5-2017,Feature has not been updated in 5 years or more
491986866,way,last_update,8-5-2017,Feature has not been updated in 5 years or more
491986867,way,last_update,28-11-2019,Feature has not been updated in 5 years or more
491986868,way,last_update,8-5-2017,Feature has not been updated in 5 years or more
491986869,way,last_update,8-5-2017,Feature has not been updated in 5 years or more
491986870,way,last_update,28-11-2019,Feature has not been updated in 5 years or more
491989472,way,last_update,8-5-2017,Feature has not been updated in 5 years or more
491989487,way,last_update,8-5-2017,Feature has not been updated in 5 years or more
491993938,way,last_update,8-5-2017,Feature has not been updated in 5 years or more
491993940,way,last_update,8-5-2017,Feature has not been updated in 5 years or more
491993945,way,last_update,8-5-2017,Feature has not been updated in 5 years or more
491993947,way,last_update,8-5-2017,Feature has not been updated in 5 years or more
491993950,way,last_update,8-5-2017,Feature has not been updated in 5 years or more
491996127,way,last_update,8-5-2017,Feature has not been updated in 5 years or more
491996128,way,last_update,8-5-2017,Feature has not been updated in 5 years or more
491996129,way,last_update,8-5-2017,Feature has not been updated in 5 years or more
491996130,way,last_update,8-5-2017,Feature has not been updated in 5 years or more
491996131,way,last_update,8-5-2017,Feature has not been updated in 5 years or more
491996132,way,last_update,8-5-2017,Feature has not been updated in 5 years or more
491996133,way,last_update,8-5-2017,Feature has not been updated in 5 years or more
491996134,way,last_update,8-5-2017,Feature has not been updated in 5 years or more
491996135,way,last_update,8-5-2017,Feature has not been updated in 5 years or more
491996136,way,last_update,8-5-2017,Feature has not been updated in 5 years or more
491996137,way,last_update,8-5-2017,Feature has not been updated in 5 years or more
491996138,way,last_update,8-5-2017,Feature has not been updated in 5 years or more
491996139,way,last_update,8-5-2017,Feature has not been updated in 5 years or more
491996140,way,last_update,8-5-2017,Feature has not been updated in 5 years or more
491996141,way,last_update,8-5-2017,Feature has not been updated in 5 years or more
491996143,way,last_update,8-5-2017,Feature has not been updated in 5 years or more
491996144,way,last_update,8-5-2017,Feature has not been updated in 5 years or more
491996145,way,last_update,8-5-2017,Feature has not been updated in 5 years or more
491996146,way,last_update,8-5-2017,Feature has not been updated in 5 years or more
491996147,way,last_update,8-5-2017,Feature has not been updated in 5 years or more
491996853,way,last_update,8-5-2017,Feature has not been updated in 5 years or more
491996855,way,last_update,8-5-2017,Feature has not been updated in 5 years or more
491996857,way,last_update,17-8-2018,Feature has not been updated in 5 years or more
491996858,way,last_update,8-5-2017,Feature has not been updated in 5 years or more
491996862,way,last_update,8-5-2017,Feature has not been updated in 5 years or more
491996863,way,last_update,8-5-2017,Feature has not been updated in 5 years or more
491996864,way,last_update,8-5-2017,Feature has not been updated in 5 years or more
491996866,way,last_update,8-5-2017,Feature has not been updated in 5 years or more
491996868,way,last_update,8-5-2017,Feature has not been updated in 5 years or more
491996872,way,last_update,8-5-2017,Feature has not been updated in 5 years or more
491996873,way,last_update,8-5-2017,Feature has not been updated in 5 years or more
491998042,way,last_update,8-5-2017,Feature has not been updated in 5 years or more
491998043,way,last_update,8-5-2017,Feature has not been updated in 5 years or more
491998044,way,last_update,8-5-2017,Feature has not been updated in 5 years or more
491998045,way,last_update,26-12-2018,Feature has not been updated in 5 years or more
491998046,way,last_update,8-5-2017,Feature has not been updated in 5 years or more
491998049,way,last_update,8-5-2017,Feature has not been updated in 5 years or more
491998050,way,last_update,8-5-2017,Feature has not been updated in 5 years or more
491998054,way,last_update,8-5-2017,Feature has not been updated in 5 years or more
492371746,way,last_update,9-5-2017,Feature has not been updated in 5 years or more
492371949,way,last_update,9-5-2017,Feature has not been updated in 5 years or more
492380545,way,last_update,9-5-2017,Feature has not been updated in 5 years or more
492386922,way,last_update,9-5-2017,Feature has not been updated in 5 years or more
492392764,way,last_update,26-12-2018,Feature has not been updated in 5 years or more
492396058,way,last_update,9-5-2017,Feature has not been updated in 5 years or more
492396059,way,last_update,9-5-2017,Feature has not been updated in 5 years or more
492399948,way,last_update,9-5-2017,Feature has not been updated in 5 years or more
492444045,way,last_update,9-5-2017,Feature has not been updated in 5 years or more
492444046,way,last_update,9-5-2017,Feature has not been updated in 5 years or more
492444047,way,last_update,9-5-2017,Feature has not been updated in 5 years or more
492444678,way,last_update,9-5-2017,Feature has not been updated in 5 years or more
492640612,way,last_update,10-5-2017,Feature has not been updated in 5 years or more
492640613,way,last_update,10-5-2017,Feature has not been updated in 5 years or more
492640614,way,last_update,28-11-2019,Feature has not been updated in 5 years or more
492640615,way,last_update,10-5-2017,Feature has not been updated in 5 years or more
492640616,way,last_update,28-11-2019,Feature has not been updated in 5 years or more
492640617,way,last_update,10-5-2017,Feature has not been updated in 5 years or more
492640618,way,last_update,10-5-2017,Feature has not been updated in 5 years or more
492640620,way,last_update,10-5-2017,Feature has not been updated in 5 years or more
492640621,way,last_update,28-11-2019,Feature has not been updated in 5 years or more
492640624,way,last_update,28-11-2019,Feature has not been updated in 5 years or more
492640625,way,last_update,28-11-2019,Feature has not been updated in 5 years or more
492664815,way,last_update,10-5-2017,Feature has not been updated in 5 years or more
492664816,way,last_update,10-5-2017,Feature has not been updated in 5 years or more
492666285,way,last_update,10-5-2017,Feature has not been updated in 5 years or more
492666286,way,last_update,10-5-2017,Feature has not been updated in 5 years or more
492666287,way,last_update,10-5-2017,Feature has not been updated in 5 years or more
492666288,way,last_update,10-5-2017,Feature has not been updated in 5 years or more
492666289,way,last_update,10-5-2017,Feature has not been updated in 5 years or more
492666290,way,last_update,10-5-2017,Feature has not been updated in 5 years or more
492666292,way,last_update,10-5-2017,Feature has not been updated in 5 years or more
492666293,way,last_update,10-5-2017,Feature has not been updated in 5 years or more
492666294,way,last_update,10-5-2017,Feature has not been updated in 5 years or more
492666295,way,last_update,10-5-2017,Feature has not been updated in 5 years or more
492668263,way,last_update,10-5-2017,Feature has not been updated in 5 years or more
492668264,way,last_update,10-5-2017,Feature has not been updated in 5 years or more
492668267,way,last_update,10-5-2017,Feature has not been updated in 5 years or more
492668268,way,last_update,10-5-2017,Feature has not been updated in 5 years or more
492668269,way,last_update,10-5-2017,Feature has not been updated in 5 years or more
492668270,way,last_update,10-5-2017,Feature has not been updated in 5 years or more
492668271,way,last_update,10-5-2017,Feature has not been updated in 5 years or more
492668272,way,last_update,10-5-2017,Feature has not been updated in 5 years or more
492668273,way,last_update,10-5-2017,Feature has not been updated in 5 years or more
492668274,way,last_update,10-5-2017,Feature has not been updated in 5 years or more
492668275,way,last_update,10-5-2017,Feature has not been updated in 5 years or more
492668276,way,last_update,10-5-2017,Feature has not been updated in 5 years or more
492668277,way,last_update,10-5-2017,Feature has not been updated in 5 years or more
492669827,way,last_update,10-5-2017,Feature has not been updated in 5 years or more
492669830,way,last_update,28-11-2019,Feature has not been updated in 5 years or more
492670206,way,last_update,10-5-2017,Feature has not been updated in 5 years or more
492670208,way,last_update,10-5-2017,Feature has not been updated in 5 years or more
492670555,way,last_update,10-5-2017,Feature has not been updated in 5 years or more
492670556,way,last_update,10-5-2017,Feature has not been updated in 5 years or more
492670557,way,last_update,10-5-2017,Feature has not been updated in 5 years or more
492670558,way,last_update,10-5-2017,Feature has not been updated in 5 years or more
493504268,way,last_update,4-3-2018,Feature has not been updated in 5 years or more
493710281,way,last_update,26-12-2020,Feature has not been updated in 5 years or more
494843369,way,last_update,20-5-2017,Feature has not been updated in 5 years or more
494843371,way,last_update,21-5-2017,Feature has not been updated in 5 years or more
494843401,way,last_update,20-5-2017,Feature has not been updated in 5 years or more
494909648,way,last_update,20-5-2017,Feature has not been updated in 5 years or more
494913927,way,last_update,20-5-2017,Feature has not been updated in 5 years or more
494921360,way,last_update,20-5-2017,Feature has not been updated in 5 years or more
494921362,way,last_update,20-5-2017,Feature has not been updated in 5 years or more
494921364,way,last_update,20-5-2017,Feature has not been updated in 5 years or more
494921365,way,last_update,20-5-2017,Feature has not been updated in 5 years or more
494921367,way,last_update,20-5-2017,Feature has not been updated in 5 years or more
494925235,way,last_update,20-5-2017,Feature has not been updated in 5 years or more
494925238,way,last_update,20-5-2017,Feature has not been updated in 5 years or more
494998572,way,last_update,21-5-2017,Feature has not been updated in 5 years or more
495507439,way,last_update,23-5-2017,Feature has not been updated in 5 years or more
495507445,way,last_update,23-5-2017,Feature has not been updated in 5 years or more
495507446,way,last_update,23-5-2017,Feature has not been updated in 5 years or more
495507447,way,last_update,23-5-2017,Feature has not been updated in 5 years or more
495753293,way,last_update,24-5-2017,Feature has not been updated in 5 years or more
495753295,way,last_update,24-5-2017,Feature has not been updated in 5 years or more
495753297,way,last_update,24-5-2017,Feature has not been updated in 5 years or more
495753299,way,last_update,24-5-2017,Feature has not been updated in 5 years or more
495801237,way,last_update,25-5-2017,Feature has not been updated in 5 years or more
495801246,way,last_update,7-10-2017,Feature has not been updated in 5 years or more
495801247,way,last_update,7-10-2017,Feature has not been updated in 5 years or more
495801249,way,last_update,7-10-2017,Feature has not been updated in 5 years or more
495801251,way,last_update,7-10-2017,Feature has not been updated in 5 years or more
495801252,way,last_update,7-10-2017,Feature has not been updated in 5 years or more
495801254,way,last_update,7-10-2017,Feature has not been updated in 5 years or more
496187715,way,last_update,24-6-2021,Feature has not been updated in 5 years or more
496187716,way,last_update,24-6-2021,Feature has not been updated in 5 years or more
496187718,way,last_update,13-3-2021,Feature has not been updated in 5 years or more
496187719,way,last_update,24-6-2021,Feature has not been updated in 5 years or more
496187720,way,last_update,26-5-2017,Feature has not been updated in 5 years or more
496187723,way,last_update,26-5-2017,Feature has not been updated in 5 years or more
496964501,way,last_update,12-12-2018,Feature has not been updated in 5 years or more
496964502,way,last_update,12-12-2018,Feature has not been updated in 5 years or more
496964503,way,last_update,12-12-2018,Feature has not been updated in 5 years or more
497625918,way,last_update,2-6-2017,Feature has not been updated in 5 years or more
497877390,way,last_update,4-6-2017,Feature has not been updated in 5 years or more
497877391,way,last_update,3-6-2017,Feature has not been updated in 5 years or more
498463307,way,last_update,6-6-2017,Feature has not been updated in 5 years or more
498463308,way,last_update,6-6-2017,Feature has not been updated in 5 years or more
498463309,way,last_update,17-12-2020,Feature has not been updated in 5 years or more
498463310,way,last_update,6-6-2017,Feature has not been updated in 5 years or more
498463311,way,last_update,29-9-2017,Feature has not been updated in 5 years or more
498463312,way,last_update,6-6-2017,Feature has not been updated in 5 years or more
498470254,way,last_update,6-6-2017,Feature has not been updated in 5 years or more
498470255,way,last_update,6-6-2017,Feature has not been updated in 5 years or more
498470256,way,last_update,6-6-2017,Feature has not been updated in 5 years or more
498470257,way,last_update,6-6-2017,Feature has not been updated in 5 years or more
498562282,way,last_update,6-6-2017,Feature has not been updated in 5 years or more
501462686,way,last_update,24-6-2019,Feature has not been updated in 5 years or more
501502862,way,last_update,28-9-2018,Feature has not been updated in 5 years or more
502283587,way,last_update,25-11-2019,Feature has not been updated in 5 years or more
503211341,way,last_update,14-1-2020,Feature has not been updated in 5 years or more
503211342,way,last_update,14-1-2020,Feature has not been updated in 5 years or more
503255264,way,last_update,25-6-2017,Feature has not been updated in 5 years or more
503255265,way,last_update,25-6-2017,Feature has not been updated in 5 years or more
504029430,way,last_update,17-8-2018,Feature has not been updated in 5 years or more
504029432,way,last_update,6-7-2020,Feature has not been updated in 5 years or more
504029436,way,last_update,5-9-2017,Feature has not been updated in 5 years or more
504029440,way,last_update,8-9-2017,Feature has not been updated in 5 years or more
504434512,way,last_update,11-12-2020,Feature has not been updated in 5 years or more
507520158,way,last_update,16-1-2020,Feature has not been updated in 5 years or more
507520159,way,last_update,11-5-2021,Feature has not been updated in 5 years or more
507520160,way,last_update,12-5-2021,Feature has not been updated in 5 years or more
507520161,way,last_update,12-5-2021,Feature has not been updated in 5 years or more
507520162,way,last_update,16-1-2020,Feature has not been updated in 5 years or more
507520163,way,last_update,11-5-2021,Feature has not been updated in 5 years or more
507520164,way,last_update,11-5-2021,Feature has not been updated in 5 years or more
507520165,way,last_update,16-1-2020,Feature has not been updated in 5 years or more
507520166,way,last_update,16-1-2020,Feature has not been updated in 5 years or more
507520513,way,last_update,11-5-2021,Feature has not been updated in 5 years or more
507520515,way,last_update,16-1-2020,Feature has not been updated in 5 years or more
507547920,way,last_update,16-1-2020,Feature has not been updated in 5 years or more
507547921,way,last_update,11-5-2021,Feature has not been updated in 5 years or more
507547922,way,last_update,16-1-2020,Feature has not been updated in 5 years or more
507547923,way,last_update,16-1-2020,Feature has not been updated in 5 years or more
515460395,way,last_update,21-6-2021,Feature has not been updated in 5 years or more
517804148,way,last_update,5-12-2020,Feature has not been updated in 5 years or more
517804149,way,last_update,23-8-2017,Feature has not been updated in 5 years or more
520770419,way,last_update,2-9-2017,Feature has not been updated in 5 years or more
520770420,way,last_update,2-9-2017,Feature has not been updated in 5 years or more
520770421,way,last_update,2-9-2017,Feature has not been updated in 5 years or more
521497267,way,last_update,27-11-2020,Feature has not been updated in 5 years or more
521497268,way,last_update,27-11-2020,Feature has not been updated in 5 years or more
521497271,way,last_update,5-9-2017,Feature has not been updated in 5 years or more
521612075,way,last_update,5-9-2017,Feature has not been updated in 5 years or more
521612077,way,last_update,5-9-2017,Feature has not been updated in 5 years or more
521612078,way,last_update,5-9-2017,Feature has not been updated in 5 years or more
522496524,way,last_update,8-9-2017,Feature has not been updated in 5 years or more
522496525,way,last_update,8-9-2017,Feature has not been updated in 5 years or more
522522207,way,last_update,8-9-2017,Feature has not been updated in 5 years or more
524112763,way,last_update,12-9-2017,Feature has not been updated in 5 years or more
524112764,way,last_update,5-9-2019,Feature has not been updated in 5 years or more
524112765,way,last_update,12-9-2017,Feature has not been updated in 5 years or more
524112766,way,last_update,12-9-2017,Feature has not been updated in 5 years or more
524112767,way,last_update,12-9-2017,Feature has not been updated in 5 years or more
524112768,way,last_update,12-9-2017,Feature has not been updated in 5 years or more
525446110,way,last_update,17-9-2017,Feature has not been updated in 5 years or more
525446111,way,last_update,17-9-2017,Feature has not been updated in 5 years or more
525735142,way,last_update,18-9-2017,Feature has not been updated in 5 years or more
525735146,way,last_update,19-9-2017,Feature has not been updated in 5 years or more
526332086,way,last_update,21-9-2017,Feature has not been updated in 5 years or more
526336272,way,last_update,21-9-2017,Feature has not been updated in 5 years or more
526830913,way,last_update,23-8-2021,Feature has not been updated in 5 years or more
527164318,way,last_update,24-9-2017,Feature has not been updated in 5 years or more
527321323,way,last_update,24-9-2017,Feature has not been updated in 5 years or more
527321326,way,last_update,24-9-2017,Feature has not been updated in 5 years or more
527328130,way,last_update,15-9-2020,Feature has not been updated in 5 years or more
529559290,way,last_update,2-10-2017,Feature has not been updated in 5 years or more
531990770,way,last_update,12-10-2017,Feature has not been updated in 5 years or more
532431268,way,last_update,13-10-2017,Feature has not been updated in 5 years or more
532431269,way,last_update,13-10-2017,Feature has not been updated in 5 years or more
533065584,way,last_update,16-10-2017,Feature has not been updated in 5 years or more
533065586,way,last_update,16-10-2017,Feature has not been updated in 5 years or more
533077094,way,last_update,14-3-2021,Feature has not been updated in 5 years or more
533077096,way,last_update,14-3-2021,Feature has not been updated in 5 years or more
533077109,way,last_update,19-3-2021,Feature has not been updated in 5 years or more
533077113,way,last_update,14-3-2021,Feature has not been updated in 5 years or more
533077114,way,last_update,14-3-2021,Feature has not been updated in 5 years or more
533077115,way,last_update,14-3-2021,Feature has not been updated in 5 years or more
533077116,way,last_update,14-3-2021,Feature has not been updated in 5 years or more
533077119,way,last_update,14-3-2021,Feature has not been updated in 5 years or more
533077121,way,last_update,14-3-2021,Feature has not been updated in 5 years or more
533077123,way,last_update,14-3-2021,Feature has not been updated in 5 years or more
536220939,way,last_update,28-10-2017,Feature has not been updated in 5 years or more
541942727,way,last_update,20-11-2017,Feature has not been updated in 5 years or more
543667325,way,last_update,25-11-2018,Feature has not been updated in 5 years or more
543667327,way,last_update,3-8-2021,Feature has not been updated in 5 years or more
543667331,way,last_update,25-11-2018,Feature has not been updated in 5 years or more
543667332,way,last_update,25-11-2018,Feature has not been updated in 5 years or more
543950674,way,last_update,1-12-2017,Feature has not been updated in 5 years or more
543950675,way,last_update,1-12-2017,Feature has not been updated in 5 years or more
543950676,way,last_update,1-12-2017,Feature has not been updated in 5 years or more
543952243,way,last_update,1-12-2017,Feature has not been updated in 5 years or more
543952244,way,last_update,16-4-2019,Feature has not been updated in 5 years or more
543952246,way,last_update,16-4-2019,Feature has not been updated in 5 years or more
545245748,way,last_update,7-12-2017,Feature has not been updated in 5 years or more
545453307,way,last_update,8-12-2017,Feature has not been updated in 5 years or more
545453309,way,last_update,8-12-2017,Feature has not been updated in 5 years or more
545453311,way,last_update,8-12-2017,Feature has not been updated in 5 years or more
545454967,way,last_update,8-12-2017,Feature has not been updated in 5 years or more
545976029,way,last_update,11-12-2017,Feature has not been updated in 5 years or more
545976039,way,last_update,11-12-2017,Feature has not been updated in 5 years or more
546333399,way,last_update,12-12-2017,Feature has not been updated in 5 years or more
547765997,way,last_update,18-12-2017,Feature has not been updated in 5 years or more
547766003,way,last_update,18-12-2017,Feature has not been updated in 5 years or more
548241679,way,last_update,20-12-2017,Feature has not been updated in 5 years or more
548241693,way,last_update,20-12-2017,Feature has not been updated in 5 years or more
548241694,way,last_update,20-12-2017,Feature has not been updated in 5 years or more
548241695,way,last_update,20-12-2017,Feature has not been updated in 5 years or more
548241697,way,last_update,20-12-2017,Feature has not been updated in 5 years or more
548241699,way,last_update,20-12-2017,Feature has not been updated in 5 years or more
548241700,way,last_update,20-12-2017,Feature has not been updated in 5 years or more
548241703,way,last_update,20-12-2017,Feature has not been updated in 5 years or more
548241709,way,last_update,20-12-2017,Feature has not been updated in 5 years or more
548241710,way,last_update,20-12-2017,Feature has not been updated in 5 years or more
548241711,way,last_update,20-12-2017,Feature has not been updated in 5 years or more
548241719,way,last_update,20-12-2017,Feature has not been updated in 5 years or more
548241720,way,last_update,20-12-2017,Feature has not been updated in 5 years or more
548241721,way,last_update,20-12-2017,Feature has not been updated in 5 years or more
548518473,way,last_update,22-12-2017,Feature has not been updated in 5 years or more
548544395,way,last_update,22-12-2017,Feature has not been updated in 5 years or more
548544397,way,last_update,22-12-2017,Feature has not been updated in 5 years or more
548544429,way,last_update,22-12-2017,Feature has not been updated in 5 years or more
548544441,way,last_update,22-12-2017,Feature has not been updated in 5 years or more
549316077,way,last_update,27-12-2017,Feature has not been updated in 5 years or more
549632890,way,last_update,29-12-2017,Feature has not been updated in 5 years or more
549632892,way,last_update,28-12-2017,Feature has not been updated in 5 years or more
549705634,way,last_update,29-12-2017,Feature has not been updated in 5 years or more
549705638,way,last_update,29-12-2017,Feature has not been updated in 5 years or more
549705659,way,last_update,29-12-2017,Feature has not been updated in 5 years or more
553784145,way,last_update,17-1-2018,Feature has not been updated in 5 years or more
553784146,way,last_update,17-1-2018,Feature has not been updated in 5 years or more
553784147,way,last_update,17-1-2018,Feature has not been updated in 5 years or more
553784148,way,last_update,17-1-2018,Feature has not been updated in 5 years or more
553784149,way,last_update,17-1-2018,Feature has not been updated in 5 years or more
555799950,way,last_update,25-1-2018,Feature has not been updated in 5 years or more
556480789,way,last_update,23-6-2021,Feature has not been updated in 5 years or more
556480798,way,last_update,23-6-2021,Feature has not been updated in 5 years or more
556527745,way,last_update,28-1-2018,Feature has not been updated in 5 years or more
557391109,way,last_update,31-1-2018,Feature has not been updated in 5 years or more
557391110,way,last_update,31-1-2018,Feature has not been updated in 5 years or more
557391111,way,last_update,31-1-2018,Feature has not been updated in 5 years or more
557391115,way,last_update,31-1-2018,Feature has not been updated in 5 years or more
557391116,way,last_update,31-1-2018,Feature has not been updated in 5 years or more
557391117,way,last_update,31-1-2018,Feature has not been updated in 5 years or more
557399581,way,last_update,17-8-2018,Feature has not been updated in 5 years or more
558204823,way,last_update,3-2-2018,Feature has not been updated in 5 years or more
559700343,way,last_update,8-2-2018,Feature has not been updated in 5 years or more
559700344,way,last_update,8-2-2018,Feature has not been updated in 5 years or more
559700345,way,last_update,8-2-2018,Feature has not been updated in 5 years or more
559700348,way,last_update,14-2-2018,Feature has not been updated in 5 years or more
559701485,way,last_update,8-2-2018,Feature has not been updated in 5 years or more
560565734,way,last_update,11-2-2018,Feature has not been updated in 5 years or more
561328313,way,last_update,14-2-2018,Feature has not been updated in 5 years or more
561810491,way,last_update,27-11-2019,Feature has not been updated in 5 years or more
562310840,way,last_update,18-2-2018,Feature has not been updated in 5 years or more
562310841,way,last_update,18-2-2018,Feature has not been updated in 5 years or more
562310843,way,last_update,18-2-2018,Feature has not been updated in 5 years or more
563060418,way,last_update,21-2-2018,Feature has not been updated in 5 years or more
563060420,way,last_update,21-2-2018,Feature has not been updated in 5 years or more
563060423,way,last_update,21-2-2018,Feature has not been updated in 5 years or more
563066139,way,last_update,21-2-2018,Feature has not been updated in 5 years or more
563066140,way,last_update,21-2-2018,Feature has not been updated in 5 years or more
564475675,way,last_update,27-2-2018,Feature has not been updated in 5 years or more
564475676,way,last_update,27-2-2018,Feature has not been updated in 5 years or more
564475682,way,last_update,27-2-2018,Feature has not been updated in 5 years or more
564475683,way,last_update,27-2-2018,Feature has not been updated in 5 years or more
564475684,way,last_update,27-2-2018,Feature has not been updated in 5 years or more
564475686,way,last_update,27-2-2018,Feature has not been updated in 5 years or more
564475687,way,last_update,27-2-2018,Feature has not been updated in 5 years or more
564475700,way,last_update,27-2-2018,Feature has not been updated in 5 years or more
564476154,way,last_update,27-2-2018,Feature has not been updated in 5 years or more
564476159,way,last_update,27-2-2018,Feature has not been updated in 5 years or more
564476162,way,last_update,27-2-2018,Feature has not been updated in 5 years or more
564476166,way,last_update,27-2-2018,Feature has not been updated in 5 years or more
564476167,way,last_update,27-2-2018,Feature has not been updated in 5 years or more
564828176,way,last_update,3-12-2019,Feature has not been updated in 5 years or more
568674287,way,last_update,13-3-2018,Feature has not been updated in 5 years or more
568674295,way,last_update,11-3-2018,Feature has not been updated in 5 years or more
568674296,way,last_update,11-3-2018,Feature has not been updated in 5 years or more
568674297,way,last_update,11-3-2018,Feature has not been updated in 5 years or more
572741380,way,last_update,9-10-2020,Feature has not been updated in 5 years or more
572741385,way,last_update,5-11-2020,Feature has not been updated in 5 years or more
572741386,way,last_update,5-11-2020,Feature has not been updated in 5 years or more
572741387,way,last_update,5-11-2020,Feature has not been updated in 5 years or more
572741388,way,last_update,5-11-2020,Feature has not been updated in 5 years or more
572741389,way,last_update,9-10-2020,Feature has not been updated in 5 years or more
572741390,way,last_update,9-10-2020,Feature has not been updated in 5 years or more
572741391,way,last_update,9-10-2020,Feature has not been updated in 5 years or more
572741392,way,last_update,6-11-2020,Feature has not been updated in 5 years or more
572741393,way,last_update,6-11-2020,Feature has not been updated in 5 years or more
572741394,way,last_update,6-11-2020,Feature has not been updated in 5 years or more
572741395,way,last_update,6-11-2020,Feature has not been updated in 5 years or more
572741396,way,last_update,6-11-2020,Feature has not been updated in 5 years or more
572741397,way,last_update,6-11-2020,Feature has not been updated in 5 years or more
578233911,way,last_update,31-7-2018,Feature has not been updated in 5 years or more
580346399,way,last_update,16-4-2018,Feature has not been updated in 5 years or more
582203281,way,last_update,6-12-2020,Feature has not been updated in 5 years or more
583918552,way,last_update,27-4-2018,Feature has not been updated in 5 years or more
583918553,way,last_update,17-8-2018,Feature has not been updated in 5 years or more
584109547,way,last_update,28-4-2018,Feature has not been updated in 5 years or more
584109548,way,last_update,28-4-2018,Feature has not been updated in 5 years or more
584109562,way,last_update,28-4-2018,Feature has not been updated in 5 years or more
584123798,way,last_update,31-7-2018,Feature has not been updated in 5 years or more
584123800,way,last_update,31-7-2018,Feature has not been updated in 5 years or more
585507405,way,last_update,3-5-2018,Feature has not been updated in 5 years or more
585507413,way,last_update,3-5-2018,Feature has not been updated in 5 years or more
585507428,way,last_update,15-9-2020,Feature has not been updated in 5 years or more
587593438,way,last_update,11-5-2018,Feature has not been updated in 5 years or more
587593441,way,last_update,11-5-2018,Feature has not been updated in 5 years or more
587593442,way,last_update,11-5-2018,Feature has not been updated in 5 years or more
587656516,way,last_update,12-5-2018,Feature has not been updated in 5 years or more
587656517,way,last_update,16-5-2019,Feature has not been updated in 5 years or more
587713280,way,last_update,13-10-2020,Feature has not been updated in 5 years or more
587739192,way,last_update,12-5-2018,Feature has not been updated in 5 years or more
587739193,way,last_update,16-8-2020,Feature has not been updated in 5 years or more
587760430,way,last_update,12-5-2018,Feature has not been updated in 5 years or more
587760433,way,last_update,12-5-2018,Feature has not been updated in 5 years or more
587760434,way,last_update,12-5-2018,Feature has not been updated in 5 years or more
587760438,way,last_update,12-5-2018,Feature has not been updated in 5 years or more
587760442,way,last_update,12-5-2018,Feature has not been updated in 5 years or more
587760444,way,last_update,12-5-2018,Feature has not been updated in 5 years or more
587763673,way,last_update,12-5-2018,Feature has not been updated in 5 years or more
587763674,way,last_update,12-5-2018,Feature has not been updated in 5 years or more
587763675,way,last_update,12-5-2018,Feature has not been updated in 5 years or more
587763676,way,last_update,12-5-2018,Feature has not been updated in 5 years or more
587763677,way,last_update,12-5-2018,Feature has not been updated in 5 years or more
587766163,way,last_update,12-5-2018,Feature has not been updated in 5 years or more
587766503,way,last_update,12-5-2018,Feature has not been updated in 5 years or more
587766504,way,last_update,12-5-2018,Feature has not been updated in 5 years or more
587766505,way,last_update,12-5-2018,Feature has not been updated in 5 years or more
587766506,way,last_update,12-5-2018,Feature has not been updated in 5 years or more
587766507,way,last_update,12-5-2018,Feature has not been updated in 5 years or more
587766508,way,last_update,12-5-2018,Feature has not been updated in 5 years or more
587886145,way,last_update,9-2-2021,Feature has not been updated in 5 years or more
587886849,way,last_update,8-2-2021,Feature has not been updated in 5 years or more
588476960,way,last_update,5-11-2020,Feature has not been updated in 5 years or more
589526431,way,last_update,19-5-2018,Feature has not been updated in 5 years or more
589526434,way,last_update,19-5-2018,Feature has not been updated in 5 years or more
589526440,way,last_update,19-5-2018,Feature has not been updated in 5 years or more
591803644,way,last_update,29-5-2018,Feature has not been updated in 5 years or more
596674455,way,last_update,11-6-2018,Feature has not been updated in 5 years or more
597065434,way,last_update,28-9-2018,Feature has not been updated in 5 years or more
597065436,way,last_update,28-9-2018,Feature has not been updated in 5 years or more
597065437,way,last_update,28-9-2018,Feature has not been updated in 5 years or more
597065439,way,last_update,28-9-2018,Feature has not been updated in 5 years or more
597065441,way,last_update,28-9-2018,Feature has not been updated in 5 years or more
597065442,way,last_update,27-9-2018,Feature has not been updated in 5 years or more
597077550,way,last_update,25-11-2019,Feature has not been updated in 5 years or more
597081222,way,last_update,28-9-2018,Feature has not been updated in 5 years or more
601383831,way,last_update,24-6-2018,Feature has not been updated in 5 years or more
601383833,way,last_update,24-6-2018,Feature has not been updated in 5 years or more
602233004,way,last_update,26-6-2018,Feature has not been updated in 5 years or more
602233005,way,last_update,26-6-2018,Feature has not been updated in 5 years or more
602233246,way,last_update,26-6-2018,Feature has not been updated in 5 years or more
602233247,way,last_update,26-6-2018,Feature has not been updated in 5 years or more
602233248,way,last_update,26-6-2018,Feature has not been updated in 5 years or more
603886195,way,last_update,30-6-2018,Feature has not been updated in 5 years or more
603886196,way,last_update,29-6-2020,Feature has not been updated in 5 years or more
603886601,way,last_update,29-6-2020,Feature has not been updated in 5 years or more
603888793,way,last_update,30-6-2018,Feature has not been updated in 5 years or more
604048803,way,last_update,1-7-2018,Feature has not been updated in 5 years or more
605932156,way,last_update,7-7-2018,Feature has not been updated in 5 years or more
607163786,way,last_update,11-7-2018,Feature has not been updated in 5 years or more
607163787,way,last_update,11-7-2018,Feature has not been updated in 5 years or more
607163789,way,last_update,11-7-2018,Feature has not been updated in 5 years or more
609329601,way,last_update,14-2-2021,Feature has not been updated in 5 years or more
610017004,way,last_update,22-7-2018,Feature has not been updated in 5 years or more
610017005,way,last_update,22-7-2018,Feature has not been updated in 5 years or more
610225755,way,last_update,6-7-2021,Feature has not been updated in 5 years or more
610225756,way,last_update,23-7-2018,Feature has not been updated in 5 years or more
610225757,way,last_update,23-7-2018,Feature has not been updated in 5 years or more
610225758,way,last_update,23-7-2018,Feature has not been updated in 5 years or more
610225767,way,last_update,23-7-2018,Feature has not been updated in 5 years or more
610225768,way,last_update,23-7-2018,Feature has not been updated in 5 years or more
610225770,way,last_update,23-7-2018,Feature has not been updated in 5 years or more
610225771,way,last_update,23-7-2018,Feature has not been updated in 5 years or more
610305843,way,last_update,23-7-2018,Feature has not been updated in 5 years or more
610305844,way,last_update,23-7-2018,Feature has not been updated in 5 years or more
610305845,way,last_update,23-7-2018,Feature has not been updated in 5 years or more
610305846,way,last_update,23-7-2018,Feature has not been updated in 5 years or more
610305847,way,last_update,23-7-2018,Feature has not been updated in 5 years or more
610305848,way,last_update,23-7-2018,Feature has not been updated in 5 years or more
610305849,way,last_update,23-7-2018,Feature has not been updated in 5 years or more
611996073,way,last_update,31-7-2018,Feature has not been updated in 5 years or more
616749584,way,last_update,1-4-2021,Feature has not been updated in 5 years or more
617859095,way,last_update,18-8-2018,Feature has not been updated in 5 years or more
617859096,way,last_update,18-8-2018,Feature has not been updated in 5 years or more
617866211,way,last_update,23-8-2021,Feature has not been updated in 5 years or more
617866212,way,last_update,23-8-2021,Feature has not been updated in 5 years or more
617972474,way,last_update,19-8-2018,Feature has not been updated in 5 years or more
617972475,way,last_update,19-8-2018,Feature has not been updated in 5 years or more
617972479,way,last_update,19-8-2018,Feature has not been updated in 5 years or more
617972480,way,last_update,19-8-2018,Feature has not been updated in 5 years or more
617972481,way,last_update,19-8-2018,Feature has not been updated in 5 years or more
617972482,way,last_update,19-8-2018,Feature has not been updated in 5 years or more
617972483,way,last_update,19-8-2018,Feature has not been updated in 5 years or more
622311952,way,last_update,3-9-2018,Feature has not been updated in 5 years or more
622311953,way,last_update,3-9-2018,Feature has not been updated in 5 years or more
622311954,way,last_update,3-9-2018,Feature has not been updated in 5 years or more
625743665,way,last_update,24-12-2018,Feature has not been updated in 5 years or more
626281504,way,last_update,17-9-2018,Feature has not been updated in 5 years or more
626281505,way,last_update,17-9-2018,Feature has not been updated in 5 years or more
626282557,way,last_update,17-9-2018,Feature has not been updated in 5 years or more
626282560,way,last_update,25-11-2019,Feature has not been updated in 5 years or more
626282561,way,last_update,25-11-2019,Feature has not been updated in 5 years or more
626282562,way,last_update,17-9-2018,Feature has not been updated in 5 years or more
626282565,way,last_update,17-9-2018,Feature has not been updated in 5 years or more
626282566,way,last_update,25-11-2019,Feature has not been updated in 5 years or more
626282578,way,last_update,25-11-2019,Feature has not been updated in 5 years or more
626282585,way,last_update,17-9-2018,Feature has not been updated in 5 years or more
626282590,way,last_update,25-11-2019,Feature has not been updated in 5 years or more
626282591,way,last_update,25-11-2019,Feature has not been updated in 5 years or more
626282603,way,last_update,17-9-2018,Feature has not been updated in 5 years or more
626282617,way,last_update,17-9-2018,Feature has not been updated in 5 years or more
626282618,way,last_update,23-6-2021,Feature has not been updated in 5 years or more
626282620,way,last_update,17-9-2018,Feature has not been updated in 5 years or more
626282622,way,last_update,17-9-2018,Feature has not been updated in 5 years or more
626282646,way,last_update,17-9-2018,Feature has not been updated in 5 years or more
626282652,way,last_update,23-6-2021,Feature has not been updated in 5 years or more
626282653,way,last_update,23-6-2021,Feature has not been updated in 5 years or more
626282663,way,last_update,23-6-2021,Feature has not been updated in 5 years or more
628788780,way,last_update,28-9-2018,Feature has not been updated in 5 years or more
628904845,way,last_update,28-9-2018,Feature has not been updated in 5 years or more
628904846,way,last_update,28-9-2018,Feature has not been updated in 5 years or more
629241408,way,last_update,9-3-2021,Feature has not been updated in 5 years or more
629242963,way,last_update,30-9-2018,Feature has not been updated in 5 years or more
629244419,way,last_update,30-9-2018,Feature has not been updated in 5 years or more
629245830,way,last_update,8-6-2020,Feature has not been updated in 5 years or more
629428602,way,last_update,9-2-2021,Feature has not been updated in 5 years or more
629431720,way,last_update,17-3-2021,Feature has not been updated in 5 years or more
629915720,way,last_update,2-10-2018,Feature has not been updated in 5 years or more
631619273,way,last_update,7-10-2018,Feature has not been updated in 5 years or more
631619274,way,last_update,7-10-2018,Feature has not been updated in 5 years or more
631619275,way,last_update,7-10-2018,Feature has not been updated in 5 years or more
634820122,way,last_update,16-10-2018,Feature has not been updated in 5 years or more
637300773,way,last_update,18-1-2020,Feature has not been updated in 5 years or more
637300774,way,last_update,18-1-2020,Feature has not been updated in 5 years or more
637300776,way,last_update,18-1-2020,Feature has not been updated in 5 years or more
637301040,way,last_update,18-1-2020,Feature has not been updated in 5 years or more
648789949,way,last_update,17-1-2020,Feature has not been updated in 5 years or more
648789950,way,last_update,18-1-2020,Feature has not been updated in 5 years or more
648789951,way,last_update,17-1-2020,Feature has not been updated in 5 years or more
648789952,way,last_update,18-1-2020,Feature has not been updated in 5 years or more
653978035,way,last_update,10-12-2018,Feature has not been updated in 5 years or more
655520078,way,last_update,17-12-2018,Feature has not been updated in 5 years or more
655520087,way,last_update,14-1-2021,Feature has not been updated in 5 years or more
655532149,way,last_update,17-12-2018,Feature has not been updated in 5 years or more
655532150,way,last_update,17-12-2018,Feature has not been updated in 5 years or more
655532151,way,last_update,18-1-2021,Feature has not been updated in 5 years or more
656065719,way,last_update,18-12-2018,Feature has not been updated in 5 years or more
657003859,way,last_update,22-12-2018,Feature has not been updated in 5 years or more
657003860,way,last_update,22-12-2018,Feature has not been updated in 5 years or more
657003861,way,last_update,22-12-2018,Feature has not been updated in 5 years or more
657003864,way,last_update,22-12-2018,Feature has not been updated in 5 years or more
657003872,way,last_update,22-12-2018,Feature has not been updated in 5 years or more
658475006,way,last_update,27-12-2018,Feature has not been updated in 5 years or more
660892180,way,last_update,6-1-2019,Feature has not been updated in 5 years or more
660892181,way,last_update,6-1-2019,Feature has not been updated in 5 years or more
660892243,way,last_update,6-1-2019,Feature has not been updated in 5 years or more
661096564,way,last_update,7-1-2019,Feature has not been updated in 5 years or more
662310614,way,last_update,11-1-2019,Feature has not been updated in 5 years or more
662354504,way,last_update,11-1-2019,Feature has not been updated in 5 years or more
662582173,way,last_update,12-1-2019,Feature has not been updated in 5 years or more
662582174,way,last_update,12-1-2019,Feature has not been updated in 5 years or more
662582175,way,last_update,12-1-2019,Feature has not been updated in 5 years or more
662582176,way,last_update,12-1-2019,Feature has not been updated in 5 years or more
662582178,way,last_update,12-1-2019,Feature has not been updated in 5 years or more
662582179,way,last_update,12-1-2019,Feature has not been updated in 5 years or more
663179506,way,last_update,14-1-2019,Feature has not been updated in 5 years or more
664452562,way,last_update,19-1-2019,Feature has not been updated in 5 years or more
667710965,way,last_update,1-2-2019,Feature has not been updated in 5 years or more
669947848,way,last_update,12-2-2019,Feature has not been updated in 5 years or more
670480321,way,last_update,14-2-2019,Feature has not been updated in 5 years or more
670480326,way,last_update,14-2-2019,Feature has not been updated in 5 years or more
671575326,way,last_update,19-2-2019,Feature has not been updated in 5 years or more
673370348,way,last_update,27-2-2019,Feature has not been updated in 5 years or more
675673950,way,last_update,9-3-2019,Feature has not been updated in 5 years or more
675673953,way,last_update,9-3-2019,Feature has not been updated in 5 years or more
675673956,way,last_update,9-3-2019,Feature has not been updated in 5 years or more
675673980,way,last_update,9-3-2019,Feature has not been updated in 5 years or more
675673998,way,last_update,9-3-2019,Feature has not been updated in 5 years or more
675673999,way,last_update,9-3-2019,Feature has not been updated in 5 years or more
675674033,way,last_update,15-3-2019,Feature has not been updated in 5 years or more
675674047,way,last_update,9-3-2019,Feature has not been updated in 5 years or more
677013375,way,last_update,15-3-2019,Feature has not been updated in 5 years or more
678499431,way,last_update,21-3-2019,Feature has not been updated in 5 years or more
678499432,way,last_update,21-3-2019,Feature has not been updated in 5 years or more
678499436,way,last_update,21-3-2019,Feature has not been updated in 5 years or more
679593502,way,last_update,26-3-2019,Feature has not been updated in 5 years or more
680304020,way,last_update,29-3-2019,Feature has not been updated in 5 years or more
680304021,way,last_update,29-3-2019,Feature has not been updated in 5 years or more
680304022,way,last_update,29-3-2019,Feature has not been updated in 5 years or more
680304023,way,last_update,29-3-2019,Feature has not been updated in 5 years or more
680683582,way,last_update,31-3-2021,Feature has not been updated in 5 years or more
680922836,way,last_update,9-2-2021,Feature has not been updated in 5 years or more
682217523,way,last_update,25-12-2020,Feature has not been updated in 5 years or more
682217534,way,last_update,25-12-2020,Feature has not been updated in 5 years or more
683799553,way,last_update,17-5-2021,Feature has not been updated in 5 years or more
684058158,way,last_update,16-4-2019,Feature has not been updated in 5 years or more
684058162,way,last_update,16-4-2019,Feature has not been updated in 5 years or more
684101987,way,last_update,16-4-2019,Feature has not been updated in 5 years or more
684176465,way,last_update,16-4-2019,Feature has not been updated in 5 years or more
684347709,way,last_update,17-4-2019,Feature has not been updated in 5 years or more
685128009,way,last_update,5-1-2021,Feature has not been updated in 5 years or more
685128010,way,last_update,5-1-2021,Feature has not been updated in 5 years or more
685128011,way,last_update,5-1-2021,Feature has not been updated in 5 years or more
685235790,way,last_update,23-8-2020,Feature has not been updated in 5 years or more
685235791,way,last_update,23-8-2020,Feature has not been updated in 5 years or more
686890135,way,last_update,30-4-2019,Feature has not been updated in 5 years or more
686890139,way,last_update,30-4-2019,Feature has not been updated in 5 years or more
688121068,way,last_update,6-5-2019,Feature has not been updated in 5 years or more
688122594,way,last_update,9-3-2021,Feature has not been updated in 5 years or more
688122595,way,last_update,9-3-2021,Feature has not been updated in 5 years or more
688244435,way,last_update,6-5-2019,Feature has not been updated in 5 years or more
688244436,way,last_update,6-5-2019,Feature has not been updated in 5 years or more
688244437,way,last_update,6-5-2019,Feature has not been updated in 5 years or more
688244438,way,last_update,6-5-2019,Feature has not been updated in 5 years or more
688244439,way,last_update,6-5-2019,Feature has not been updated in 5 years or more
688244440,way,last_update,6-5-2019,Feature has not been updated in 5 years or more
688939978,way,last_update,9-5-2019,Feature has not been updated in 5 years or more
689001181,way,last_update,9-5-2019,Feature has not been updated in 5 years or more
689278402,way,last_update,11-5-2019,Feature has not been updated in 5 years or more
689469933,way,last_update,12-5-2019,Feature has not been updated in 5 years or more
689472013,way,last_update,12-5-2019,Feature has not been updated in 5 years or more
689472014,way,last_update,12-5-2019,Feature has not been updated in 5 years or more
689472031,way,last_update,12-5-2019,Feature has not been updated in 5 years or more
689472032,way,last_update,12-5-2019,Feature has not been updated in 5 years or more
689472033,way,last_update,12-5-2019,Feature has not been updated in 5 years or more
689602853,way,last_update,13-5-2019,Feature has not been updated in 5 years or more
689602854,way,last_update,13-5-2019,Feature has not been updated in 5 years or more
689602855,way,last_update,13-5-2019,Feature has not been updated in 5 years or more
689602856,way,last_update,13-5-2019,Feature has not been updated in 5 years or more
689602857,way,last_update,13-5-2019,Feature has not been updated in 5 years or more
689602864,way,last_update,13-5-2019,Feature has not been updated in 5 years or more
689602865,way,last_update,13-5-2019,Feature has not been updated in 5 years or more
689602866,way,last_update,13-5-2019,Feature has not been updated in 5 years or more
689602867,way,last_update,13-5-2019,Feature has not been updated in 5 years or more
689602868,way,last_update,13-5-2019,Feature has not been updated in 5 years or more
689602869,way,last_update,13-5-2019,Feature has not been updated in 5 years or more
689602870,way,last_update,13-5-2019,Feature has not been updated in 5 years or more
689602872,way,last_update,13-5-2019,Feature has not been updated in 5 years or more
689602876,way,last_update,13-5-2019,Feature has not been updated in 5 years or more
689602879,way,last_update,13-5-2019,Feature has not been updated in 5 years or more
689602880,way,last_update,13-5-2019,Feature has not been updated in 5 years or more
689602881,way,last_update,13-5-2019,Feature has not been updated in 5 years or more
689602882,way,last_update,13-5-2019,Feature has not been updated in 5 years or more
689602883,way,last_update,13-5-2019,Feature has not been updated in 5 years or more
689602888,way,last_update,13-5-2019,Feature has not been updated in 5 years or more
689602942,way,last_update,13-5-2019,Feature has not been updated in 5 years or more
689602958,way,last_update,13-5-2019,Feature has not been updated in 5 years or more
689602966,way,last_update,13-5-2019,Feature has not been updated in 5 years or more
693004729,way,last_update,28-5-2019,Feature has not been updated in 5 years or more
695857652,way,last_update,8-6-2019,Feature has not been updated in 5 years or more
696304163,way,last_update,11-6-2019,Feature has not been updated in 5 years or more
696882546,way,last_update,13-6-2019,Feature has not been updated in 5 years or more
697120875,way,last_update,14-6-2019,Feature has not been updated in 5 years or more
697804881,way,last_update,17-6-2019,Feature has not been updated in 5 years or more
699062523,way,last_update,22-6-2019,Feature has not been updated in 5 years or more
699062531,way,last_update,22-6-2019,Feature has not been updated in 5 years or more
699062532,way,last_update,22-6-2019,Feature has not been updated in 5 years or more
699062544,way,last_update,22-6-2019,Feature has not been updated in 5 years or more
699064826,way,last_update,22-6-2019,Feature has not been updated in 5 years or more
699064827,way,last_update,22-6-2019,Feature has not been updated in 5 years or more
699070116,way,last_update,22-6-2019,Feature has not been updated in 5 years or more
699070119,way,last_update,22-6-2019,Feature has not been updated in 5 years or more
699070121,way,last_update,22-6-2019,Feature has not been updated in 5 years or more
699070123,way,last_update,22-6-2019,Feature has not been updated in 5 years or more
699070124,way,last_update,22-6-2019,Feature has not been updated in 5 years or more
699070127,way,last_update,22-6-2019,Feature has not been updated in 5 years or more
699070128,way,last_update,22-6-2019,Feature has not been updated in 5 years or more
699070129,way,last_update,22-6-2019,Feature has not been updated in 5 years or more
699070130,way,last_update,22-6-2019,Feature has not been updated in 5 years or more
699070134,way,last_update,22-6-2019,Feature has not been updated in 5 years or more
699070140,way,last_update,22-6-2019,Feature has not been updated in 5 years or more
699070141,way,last_update,22-6-2019,Feature has not been updated in 5 years or more
699070154,way,last_update,23-6-2019,Feature has not been updated in 5 years or more
699070155,way,last_update,22-6-2019,Feature has not been updated in 5 years or more
699073251,way,last_update,22-6-2019,Feature has not been updated in 5 years or more
699073253,way,last_update,22-6-2019,Feature has not been updated in 5 years or more
699073255,way,last_update,22-6-2019,Feature has not been updated in 5 years or more
699073258,way,last_update,22-6-2019,Feature has not been updated in 5 years or more
699073260,way,last_update,22-6-2019,Feature has not been updated in 5 years or more
699073263,way,last_update,22-6-2019,Feature has not been updated in 5 years or more
699073268,way,last_update,22-6-2019,Feature has not been updated in 5 years or more
699075395,way,last_update,24-6-2019,Feature has not been updated in 5 years or more
699075396,way,last_update,24-6-2019,Feature has not been updated in 5 years or more
699075398,way,last_update,24-6-2019,Feature has not been updated in 5 years or more
699075401,way,last_update,22-6-2019,Feature has not been updated in 5 years or more
699167759,way,last_update,23-6-2019,Feature has not been updated in 5 years or more
699167760,way,last_update,23-6-2019,Feature has not been updated in 5 years or more
699167762,way,last_update,23-6-2019,Feature has not been updated in 5 years or more
699167763,way,last_update,23-6-2019,Feature has not been updated in 5 years or more
699167772,way,last_update,23-6-2019,Feature has not been updated in 5 years or more
699167776,way,last_update,23-6-2019,Feature has not been updated in 5 years or more
699167784,way,last_update,23-6-2019,Feature has not been updated in 5 years or more
699167791,way,last_update,23-6-2019,Feature has not been updated in 5 years or more
699229455,way,last_update,23-6-2019,Feature has not been updated in 5 years or more
699356927,way,last_update,27-6-2019,Feature has not been updated in 5 years or more
699356929,way,last_update,24-6-2019,Feature has not been updated in 5 years or more
699356938,way,last_update,25-6-2019,Feature has not been updated in 5 years or more
699356940,way,last_update,24-6-2019,Feature has not been updated in 5 years or more
699356941,way,last_update,24-6-2019,Feature has not been updated in 5 years or more
699356943,way,last_update,24-6-2019,Feature has not been updated in 5 years or more
699356946,way,last_update,24-6-2019,Feature has not been updated in 5 years or more
699356947,way,last_update,24-6-2019,Feature has not been updated in 5 years or more
699468838,way,last_update,24-6-2019,Feature has not been updated in 5 years or more
699468847,way,last_update,24-6-2019,Feature has not been updated in 5 years or more
699468858,way,last_update,24-6-2019,Feature has not been updated in 5 years or more
699578927,way,last_update,25-6-2019,Feature has not been updated in 5 years or more
699578932,way,last_update,25-6-2019,Feature has not been updated in 5 years or more
699578939,way,last_update,26-6-2019,Feature has not been updated in 5 years or more
699578941,way,last_update,25-6-2019,Feature has not been updated in 5 years or more
699578943,way,last_update,25-6-2019,Feature has not been updated in 5 years or more
699578945,way,last_update,25-6-2019,Feature has not been updated in 5 years or more
699578946,way,last_update,25-6-2019,Feature has not been updated in 5 years or more
699578948,way,last_update,25-6-2019,Feature has not been updated in 5 years or more
699578952,way,last_update,25-6-2019,Feature has not been updated in 5 years or more
699578955,way,last_update,25-6-2019,Feature has not been updated in 5 years or more
699688215,way,last_update,25-6-2019,Feature has not been updated in 5 years or more
699688217,way,last_update,27-6-2019,Feature has not been updated in 5 years or more
699688219,way,last_update,25-6-2019,Feature has not been updated in 5 years or more
699688221,way,last_update,25-6-2019,Feature has not been updated in 5 years or more
700001106,way,last_update,26-6-2019,Feature has not been updated in 5 years or more
700001107,way,last_update,26-6-2019,Feature has not been updated in 5 years or more
700001108,way,last_update,26-6-2019,Feature has not been updated in 5 years or more
700001109,way,last_update,26-6-2019,Feature has not been updated in 5 years or more
700001110,way,last_update,26-6-2019,Feature has not been updated in 5 years or more
700001111,way,last_update,26-6-2019,Feature has not been updated in 5 years or more
700001112,way,last_update,26-6-2019,Feature has not been updated in 5 years or more
700001113,way,last_update,26-6-2019,Feature has not been updated in 5 years or more
700001114,way,last_update,27-6-2019,Feature has not been updated in 5 years or more
700001115,way,last_update,26-6-2019,Feature has not been updated in 5 years or more
700001116,way,last_update,26-6-2019,Feature has not been updated in 5 years or more
700001117,way,last_update,26-6-2019,Feature has not been updated in 5 years or more
700001120,way,last_update,10-8-2019,Feature has not been updated in 5 years or more
700001122,way,last_update,26-6-2019,Feature has not been updated in 5 years or more
700001132,way,last_update,26-6-2019,Feature has not been updated in 5 years or more
700001133,way,last_update,26-6-2019,Feature has not been updated in 5 years or more
700001134,way,last_update,26-6-2019,Feature has not been updated in 5 years or more
700001139,way,last_update,26-6-2019,Feature has not been updated in 5 years or more
700001141,way,last_update,26-6-2019,Feature has not been updated in 5 years or more
700001143,way,last_update,26-6-2019,Feature has not been updated in 5 years or more
700001144,way,last_update,26-6-2019,Feature has not been updated in 5 years or more
700001146,way,last_update,26-6-2019,Feature has not been updated in 5 years or more
702262275,way,last_update,7-7-2019,Feature has not been updated in 5 years or more
705166244,way,last_update,26-11-2020,Feature has not been updated in 5 years or more
705605443,way,last_update,18-7-2019,Feature has not been updated in 5 years or more
705605444,way,last_update,18-7-2019,Feature has not been updated in 5 years or more
722288185,way,last_update,5-9-2019,Feature has not been updated in 5 years or more
722288186,way,last_update,5-9-2019,Feature has not been updated in 5 years or more
722288187,way,last_update,5-9-2019,Feature has not been updated in 5 years or more
722288188,way,last_update,5-9-2019,Feature has not been updated in 5 years or more
722288189,way,last_update,5-9-2019,Feature has not been updated in 5 years or more
724623967,way,last_update,15-9-2019,Feature has not been updated in 5 years or more
724623968,way,last_update,14-9-2019,Feature has not been updated in 5 years or more
725179064,way,last_update,16-9-2019,Feature has not been updated in 5 years or more
725195043,way,last_update,16-9-2019,Feature has not been updated in 5 years or more
725694909,way,last_update,17-9-2019,Feature has not been updated in 5 years or more
727695300,way,last_update,24-9-2019,Feature has not been updated in 5 years or more
727695303,way,last_update,24-9-2019,Feature has not been updated in 5 years or more
727731947,way,last_update,24-9-2019,Feature has not been updated in 5 years or more
727731948,way,last_update,24-9-2019,Feature has not been updated in 5 years or more
727731949,way,last_update,24-9-2019,Feature has not been updated in 5 years or more
727731950,way,last_update,24-9-2019,Feature has not been updated in 5 years or more
729393220,way,last_update,20-7-2021,Feature has not been updated in 5 years or more
729393221,way,last_update,20-7-2021,Feature has not been updated in 5 years or more
729393222,way,last_update,28-9-2019,Feature has not been updated in 5 years or more
729393224,way,last_update,28-9-2019,Feature has not been updated in 5 years or more
729393234,way,last_update,28-9-2019,Feature has not been updated in 5 years or more
729393236,way,last_update,28-9-2019,Feature has not been updated in 5 years or more
729393237,way,last_update,4-7-2021,Feature has not been updated in 5 years or more
729393262,way,last_update,20-7-2021,Feature has not been updated in 5 years or more
729393266,way,last_update,20-7-2021,Feature has not been updated in 5 years or more
729739795,way,last_update,29-9-2019,Feature has not been updated in 5 years or more
731951521,way,last_update,20-7-2021,Feature has not been updated in 5 years or more
733659710,way,last_update,11-10-2019,Feature has not been updated in 5 years or more
733659712,way,last_update,11-10-2019,Feature has not been updated in 5 years or more
733659715,way,last_update,11-10-2019,Feature has not been updated in 5 years or more
733659718,way,last_update,11-10-2019,Feature has not been updated in 5 years or more
733659720,way,last_update,11-10-2019,Feature has not been updated in 5 years or more
733922335,way,last_update,12-10-2019,Feature has not been updated in 5 years or more
734285586,way,last_update,13-10-2019,Feature has not been updated in 5 years or more
734285589,way,last_update,13-10-2019,Feature has not been updated in 5 years or more
734285590,way,last_update,16-1-2020,Feature has not been updated in 5 years or more
736809359,way,last_update,19-10-2019,Feature has not been updated in 5 years or more
736811789,way,last_update,19-10-2019,Feature has not been updated in 5 years or more
736831046,way,last_update,19-10-2019,Feature has not been updated in 5 years or more
738502042,way,last_update,25-10-2019,Feature has not been updated in 5 years or more
738502043,way,last_update,25-10-2019,Feature has not been updated in 5 years or more
738904204,way,last_update,26-10-2019,Feature has not been updated in 5 years or more
739042501,way,last_update,23-7-2021,Feature has not been updated in 5 years or more
739042503,way,last_update,23-7-2021,Feature has not been updated in 5 years or more
739042505,way,last_update,25-11-2019,Feature has not been updated in 5 years or more
740295201,way,last_update,20-3-2021,Feature has not been updated in 5 years or more
740295202,way,last_update,20-3-2021,Feature has not been updated in 5 years or more
740295203,way,last_update,20-3-2021,Feature has not been updated in 5 years or more
740295204,way,last_update,20-3-2021,Feature has not been updated in 5 years or more
743790075,way,last_update,10-11-2019,Feature has not been updated in 5 years or more
743790076,way,last_update,10-11-2019,Feature has not been updated in 5 years or more
743790077,way,last_update,10-11-2019,Feature has not been updated in 5 years or more
745489304,way,last_update,14-11-2019,Feature has not been updated in 5 years or more
745489306,way,last_update,14-11-2019,Feature has not been updated in 5 years or more
750733884,way,last_update,29-11-2019,Feature has not been updated in 5 years or more
751582331,way,last_update,2-12-2019,Feature has not been updated in 5 years or more
751598865,way,last_update,2-12-2019,Feature has not been updated in 5 years or more
752644176,way,last_update,4-12-2019,Feature has not been updated in 5 years or more
753141105,way,last_update,5-12-2019,Feature has not been updated in 5 years or more
753141106,way,last_update,5-12-2019,Feature has not been updated in 5 years or more
753141107,way,last_update,5-12-2019,Feature has not been updated in 5 years or more
755413072,way,last_update,14-12-2019,Feature has not been updated in 5 years or more
755413073,way,last_update,14-12-2019,Feature has not been updated in 5 years or more
755413074,way,last_update,14-12-2019,Feature has not been updated in 5 years or more
755858288,way,last_update,16-12-2019,Feature has not been updated in 5 years or more
758765650,way,last_update,26-12-2019,Feature has not been updated in 5 years or more
759113041,way,last_update,28-12-2019,Feature has not been updated in 5 years or more
761114231,way,last_update,5-1-2020,Feature has not been updated in 5 years or more
763120921,way,last_update,29-1-2020,Feature has not been updated in 5 years or more
763120922,way,last_update,29-1-2020,Feature has not been updated in 5 years or more
763501882,way,last_update,20-3-2021,Feature has not been updated in 5 years or more
763501883,way,last_update,20-3-2021,Feature has not been updated in 5 years or more
763501884,way,last_update,20-3-2021,Feature has not been updated in 5 years or more
763501885,way,last_update,20-3-2021,Feature has not been updated in 5 years or more
763501886,way,last_update,20-3-2021,Feature has not been updated in 5 years or more
763501887,way,last_update,20-3-2021,Feature has not been updated in 5 years or more
763501888,way,last_update,20-3-2021,Feature has not been updated in 5 years or more
763501889,way,last_update,16-1-2020,Feature has not been updated in 5 years or more
763501890,way,last_update,20-3-2021,Feature has not been updated in 5 years or more
763501891,way,last_update,20-3-2021,Feature has not been updated in 5 years or more
763501892,way,last_update,20-3-2021,Feature has not been updated in 5 years or more
763501893,way,last_update,16-1-2020,Feature has not been updated in 5 years or more
763501894,way,last_update,16-1-2020,Feature has not been updated in 5 years or more
763501895,way,last_update,20-3-2021,Feature has not been updated in 5 years or more
763501896,way,last_update,20-3-2021,Feature has not been updated in 5 years or more
763962004,way,last_update,20-3-2021,Feature has not been updated in 5 years or more
763962005,way,last_update,20-3-2021,Feature has not been updated in 5 years or more
764457248,way,last_update,21-1-2020,Feature has not been updated in 5 years or more
764457249,way,last_update,21-1-2020,Feature has not been updated in 5 years or more
764457250,way,last_update,21-1-2020,Feature has not been updated in 5 years or more
764457253,way,last_update,29-1-2020,Feature has not been updated in 5 years or more
764457255,way,last_update,21-1-2020,Feature has not been updated in 5 years or more
764457256,way,last_update,29-1-2020,Feature has not been updated in 5 years or more
764457257,way,last_update,29-1-2020,Feature has not been updated in 5 years or more
764457258,way,last_update,21-1-2020,Feature has not been updated in 5 years or more
764457260,way,last_update,29-1-2020,Feature has not been updated in 5 years or more
764457261,way,last_update,29-1-2020,Feature has not been updated in 5 years or more
764457262,way,last_update,21-1-2020,Feature has not been updated in 5 years or more
764457264,way,last_update,29-1-2020,Feature has not been updated in 5 years or more
764457265,way,last_update,21-1-2020,Feature has not been updated in 5 years or more
764457267,way,last_update,21-1-2020,Feature has not been updated in 5 years or more
764457268,way,last_update,21-1-2020,Feature has not been updated in 5 years or more
765031646,way,last_update,18-8-2020,Feature has not been updated in 5 years or more
765452963,way,last_update,21-1-2020,Feature has not been updated in 5 years or more
765452965,way,last_update,21-1-2020,Feature has not been updated in 5 years or more
765452971,way,last_update,21-1-2020,Feature has not been updated in 5 years or more
765933199,way,last_update,23-1-2020,Feature has not been updated in 5 years or more
766163407,way,last_update,24-1-2020,Feature has not been updated in 5 years or more
766789370,way,last_update,26-1-2020,Feature has not been updated in 5 years or more
766789371,way,last_update,26-1-2020,Feature has not been updated in 5 years or more
766789372,way,last_update,26-1-2020,Feature has not been updated in 5 years or more
767874825,way,last_update,29-1-2020,Feature has not been updated in 5 years or more
769596933,way,last_update,4-2-2020,Feature has not been updated in 5 years or more
771792745,way,last_update,12-2-2020,Feature has not been updated in 5 years or more
771792747,way,last_update,12-2-2020,Feature has not been updated in 5 years or more
771792748,way,last_update,12-2-2020,Feature has not been updated in 5 years or more
771792749,way,last_update,12-2-2020,Feature has not been updated in 5 years or more
778565660,way,last_update,27-5-2021,Feature has not been updated in 5 years or more
778565661,way,last_update,31-5-2021,Feature has not been updated in 5 years or more
778565663,way,last_update,28-5-2021,Feature has not been updated in 5 years or more
779553591,way,last_update,28-3-2021,Feature has not been updated in 5 years or more
779553592,way,last_update,28-3-2021,Feature has not been updated in 5 years or more
779553597,way,last_update,28-3-2021,Feature has not been updated in 5 years or more
779553598,way,last_update,28-3-2021,Feature has not been updated in 5 years or more
779553602,way,last_update,28-3-2021,Feature has not been updated in 5 years or more
779553605,way,last_update,28-3-2021,Feature has not been updated in 5 years or more
779553606,way,last_update,28-3-2021,Feature has not been updated in 5 years or more
779553610,way,last_update,28-3-2021,Feature has not been updated in 5 years or more
779553611,way,last_update,28-3-2021,Feature has not been updated in 5 years or more
779553613,way,last_update,28-3-2021,Feature has not been updated in 5 years or more
779553614,way,last_update,28-3-2021,Feature has not been updated in 5 years or more
779553616,way,last_update,28-3-2021,Feature has not been updated in 5 years or more
779553617,way,last_update,28-3-2021,Feature has not been updated in 5 years or more
779553618,way,last_update,28-3-2021,Feature has not been updated in 5 years or more
779553635,way,last_update,9-3-2020,Feature has not been updated in 5 years or more
779553639,way,last_update,9-3-2020,Feature has not been updated in 5 years or more
779553640,way,last_update,28-3-2021,Feature has not been updated in 5 years or more
779553641,way,last_update,28-3-2021,Feature has not been updated in 5 years or more
779553644,way,last_update,28-3-2021,Feature has not been updated in 5 years or more
779553645,way,last_update,28-3-2021,Feature has not been updated in 5 years or more
779553646,way,last_update,9-3-2020,Feature has not been updated in 5 years or more
779553650,way,last_update,9-3-2020,Feature has not been updated in 5 years or more
779553651,way,last_update,9-3-2020,Feature has not been updated in 5 years or more
779553655,way,last_update,9-3-2020,Feature has not been updated in 5 years or more
779553656,way,last_update,9-3-2020,Feature has not been updated in 5 years or more
780167786,way,last_update,11-3-2020,Feature has not been updated in 5 years or more
780167787,way,last_update,11-3-2020,Feature has not been updated in 5 years or more
801710609,way,last_update,8-5-2020,Feature has not been updated in 5 years or more
801710616,way,last_update,8-5-2020,Feature has not been updated in 5 years or more
801710617,way,last_update,8-5-2020,Feature has not been updated in 5 years or more
801710618,way,last_update,8-5-2020,Feature has not been updated in 5 years or more
813419781,way,last_update,6-6-2020,Feature has not been updated in 5 years or more
814153398,way,last_update,9-6-2020,Feature has not been updated in 5 years or more
816552727,way,last_update,9-2-2021,Feature has not been updated in 5 years or more
816552728,way,last_update,9-2-2021,Feature has not been updated in 5 years or more
824296825,way,last_update,8-7-2020,Feature has not been updated in 5 years or more
824300304,way,last_update,8-7-2020,Feature has not been updated in 5 years or more
825099329,way,last_update,11-7-2020,Feature has not been updated in 5 years or more
825099330,way,last_update,11-7-2020,Feature has not been updated in 5 years or more
825133719,way,last_update,11-7-2020,Feature has not been updated in 5 years or more
833283090,way,last_update,2-8-2020,Feature has not been updated in 5 years or more
833283092,way,last_update,2-8-2020,Feature has not been updated in 5 years or more
833987964,way,last_update,4-8-2020,Feature has not been updated in 5 years or more
834600039,way,last_update,6-8-2020,Feature has not been updated in 5 years or more
834600045,way,last_update,6-8-2020,Feature has not been updated in 5 years or more
835902555,way,last_update,10-8-2020,Feature has not been updated in 5 years or more
835902568,way,last_update,10-8-2020,Feature has not been updated in 5 years or more
836203012,way,last_update,11-8-2020,Feature has not been updated in 5 years or more
836203013,way,last_update,11-8-2020,Feature has not been updated in 5 years or more
837460988,way,last_update,16-8-2020,Feature has not been updated in 5 years or more
837460989,way,last_update,16-8-2020,Feature has not been updated in 5 years or more
837573502,way,last_update,16-8-2020,Feature has not been updated in 5 years or more
837582214,way,last_update,16-8-2020,Feature has not been updated in 5 years or more
837582218,way,last_update,16-8-2020,Feature has not been updated in 5 years or more
837582220,way,last_update,16-8-2020,Feature has not been updated in 5 years or more
837638147,way,last_update,16-8-2020,Feature has not been updated in 5 years or more
837638148,way,last_update,16-8-2020,Feature has not been updated in 5 years or more
837638149,way,last_update,16-8-2020,Feature has not been updated in 5 years or more
837638150,way,last_update,16-8-2020,Feature has not been updated in 5 years or more
837638152,way,last_update,16-8-2020,Feature has not been updated in 5 years or more
837638153,way,last_update,16-8-2020,Feature has not been updated in 5 years or more
837638154,way,last_update,16-8-2020,Feature has not been updated in 5 years or more
837638155,way,last_update,16-8-2020,Feature has not been updated in 5 years or more
837638156,way,last_update,16-8-2020,Feature has not been updated in 5 years or more
837638157,way,last_update,16-8-2020,Feature has not been updated in 5 years or more
838100631,way,last_update,18-8-2020,Feature has not been updated in 5 years or more
838100632,way,last_update,18-8-2020,Feature has not been updated in 5 years or more
842642840,way,last_update,7-6-2021,Feature has not been updated in 5 years or more
846869574,way,last_update,12-10-2020,Feature has not been updated in 5 years or more
847796839,way,last_update,18-7-2021,Feature has not been updated in 5 years or more
847798586,way,last_update,15-9-2020,Feature has not been updated in 5 years or more
849096993,way,last_update,19-9-2020,Feature has not been updated in 5 years or more
849096994,way,last_update,19-9-2020,Feature has not been updated in 5 years or more
850055246,way,last_update,23-8-2021,Feature has not been updated in 5 years or more
850451676,way,last_update,23-9-2020,Feature has not been updated in 5 years or more
850479844,way,last_update,13-2-2021,Feature has not been updated in 5 years or more
850479848,way,last_update,23-9-2020,Feature has not been updated in 5 years or more
851991861,way,last_update,27-9-2020,Feature has not been updated in 5 years or more
852455953,way,last_update,28-9-2020,Feature has not been updated in 5 years or more
852463847,way,last_update,28-9-2020,Feature has not been updated in 5 years or more
852739337,way,last_update,29-9-2020,Feature has not been updated in 5 years or more
852996218,way,last_update,23-11-2020,Feature has not been updated in 5 years or more
852996219,way,last_update,29-9-2020,Feature has not been updated in 5 years or more
852996220,way,last_update,29-9-2020,Feature has not been updated in 5 years or more
854695062,way,last_update,3-10-2020,Feature has not been updated in 5 years or more
854695063,way,last_update,3-10-2020,Feature has not been updated in 5 years or more
854695064,way,last_update,3-10-2020,Feature has not been updated in 5 years or more
854695065,way,last_update,3-10-2020,Feature has not been updated in 5 years or more
854695066,way,last_update,3-10-2020,Feature has not been updated in 5 years or more
854695067,way,last_update,3-10-2020,Feature has not been updated in 5 years or more
854695068,way,last_update,3-10-2020,Feature has not been updated in 5 years or more
854695069,way,last_update,3-10-2020,Feature has not been updated in 5 years or more
854695070,way,last_update,3-10-2020,Feature has not been updated in 5 years or more
854695088,way,last_update,3-10-2020,Feature has not been updated in 5 years or more
854939613,way,last_update,4-10-2020,Feature has not been updated in 5 years or more
854940512,way,last_update,23-11-2020,Feature has not been updated in 5 years or more
854941261,way,last_update,23-11-2020,Feature has not been updated in 5 years or more
855165483,way,last_update,4-10-2020,Feature has not been updated in 5 years or more
855165484,way,last_update,4-10-2020,Feature has not been updated in 5 years or more
855435301,way,last_update,5-10-2020,Feature has not been updated in 5 years or more
855435302,way,last_update,5-10-2020,Feature has not been updated in 5 years or more
855765086,way,last_update,6-10-2020,Feature has not been updated in 5 years or more
856020300,way,last_update,6-10-2020,Feature has not been updated in 5 years or more
856837547,way,last_update,8-10-2020,Feature has not been updated in 5 years or more
857149450,way,last_update,9-10-2020,Feature has not been updated in 5 years or more
857149451,way,last_update,9-10-2020,Feature has not been updated in 5 years or more
857550473,way,last_update,10-10-2020,Feature has not been updated in 5 years or more
857773697,way,last_update,11-10-2020,Feature has not been updated in 5 years or more
858464795,way,last_update,13-1-2021,Feature has not been updated in 5 years or more
859071828,way,last_update,14-10-2020,Feature has not been updated in 5 years or more
859263931,way,last_update,15-10-2020,Feature has not been updated in 5 years or more
859263944,way,last_update,15-10-2020,Feature has not been updated in 5 years or more
859263945,way,last_update,15-10-2020,Feature has not been updated in 5 years or more
859380609,way,last_update,14-5-2021,Feature has not been updated in 5 years or more
860579006,way,last_update,19-10-2020,Feature has not been updated in 5 years or more
860579018,way,last_update,19-10-2020,Feature has not been updated in 5 years or more
863178455,way,last_update,5-12-2020,Feature has not been updated in 5 years or more
864142460,way,last_update,17-11-2020,Feature has not been updated in 5 years or more
864967231,way,last_update,23-8-2021,Feature has not been updated in 5 years or more
864967232,way,last_update,23-8-2021,Feature has not been updated in 5 years or more
864967233,way,last_update,23-8-2021,Feature has not been updated in 5 years or more
864967234,way,last_update,23-8-2021,Feature has not been updated in 5 years or more
864967235,way,last_update,23-8-2021,Feature has not been updated in 5 years or more
864967236,way,last_update,23-8-2021,Feature has not been updated in 5 years or more
864967237,way,last_update,23-8-2021,Feature has not been updated in 5 years or more
864967238,way,last_update,23-8-2021,Feature has not been updated in 5 years or more
864967239,way,last_update,23-8-2021,Feature has not been updated in 5 years or more
865381434,way,last_update,30-10-2020,Feature has not been updated in 5 years or more
865381435,way,last_update,30-10-2020,Feature has not been updated in 5 years or more
865381436,way,last_update,30-10-2020,Feature has not been updated in 5 years or more
865381437,way,last_update,30-10-2020,Feature has not been updated in 5 years or more
865381441,way,last_update,30-10-2020,Feature has not been updated in 5 years or more
865381442,way,last_update,30-10-2020,Feature has not been updated in 5 years or more
865381443,way,last_update,30-10-2020,Feature has not been updated in 5 years or more
865381444,way,last_update,30-10-2020,Feature has not been updated in 5 years or more
865381445,way,last_update,30-10-2020,Feature has not been updated in 5 years or more
865381447,way,last_update,30-10-2020,Feature has not been updated in 5 years or more
865381448,way,last_update,30-10-2020,Feature has not been updated in 5 years or more
865381449,way,last_update,30-10-2020,Feature has not been updated in 5 years or more
865381450,way,last_update,30-10-2020,Feature has not been updated in 5 years or more
865381451,way,last_update,30-10-2020,Feature has not been updated in 5 years or more
865381452,way,last_update,30-10-2020,Feature has not been updated in 5 years or more
871726019,way,last_update,14-11-2020,Feature has not been updated in 5 years or more
873261992,way,last_update,17-11-2020,Feature has not been updated in 5 years or more
873261993,way,last_update,17-11-2020,Feature has not been updated in 5 years or more
873261994,way,last_update,17-11-2020,Feature has not been updated in 5 years or more
874604012,way,last_update,19-11-2020,Feature has not been updated in 5 years or more
874819108,way,last_update,19-11-2020,Feature has not been updated in 5 years or more
874819109,way,last_update,19-11-2020,Feature has not been updated in 5 years or more
874819111,way,last_update,19-11-2020,Feature has not been updated in 5 years or more
874819113,way,last_update,19-11-2020,Feature has not been updated in 5 years or more
874819116,way,last_update,19-11-2020,Feature has not been updated in 5 years or more
875069337,way,last_update,20-11-2020,Feature has not been updated in 5 years or more
875069338,way,last_update,20-11-2020,Feature has not been updated in 5 years or more
875069339,way,last_update,20-11-2020,Feature has not been updated in 5 years or more
876283448,way,last_update,23-11-2020,Feature has not been updated in 5 years or more
876315020,way,last_update,2-4-2021,Feature has not been updated in 5 years or more
876335909,way,last_update,23-11-2020,Feature has not been updated in 5 years or more
878004323,way,last_update,26-11-2020,Feature has not been updated in 5 years or more
878009607,way,last_update,26-11-2020,Feature has not been updated in 5 years or more
878009610,way,last_update,26-11-2020,Feature has not been updated in 5 years or more
878009613,way,last_update,26-11-2020,Feature has not been updated in 5 years or more
879188713,way,last_update,30-11-2020,Feature has not been updated in 5 years or more
879188714,way,last_update,30-11-2020,Feature has not been updated in 5 years or more
880251092,way,last_update,2-12-2020,Feature has not been updated in 5 years or more
885247908,way,last_update,15-12-2020,Feature has not been updated in 5 years or more
885247909,way,last_update,15-12-2020,Feature has not been updated in 5 years or more
885247910,way,last_update,15-12-2020,Feature has not been updated in 5 years or more
885258667,way,last_update,15-12-2020,Feature has not been updated in 5 years or more
885258668,way,last_update,15-12-2020,Feature has not been updated in 5 years or more
885258669,way,last_update,15-12-2020,Feature has not been updated in 5 years or more
885321856,way,last_update,16-12-2020,Feature has not been updated in 5 years or more
885321859,way,last_update,16-12-2020,Feature has not been updated in 5 years or more
885883767,way,last_update,17-12-2020,Feature has not been updated in 5 years or more
885883769,way,last_update,17-12-2020,Feature has not been updated in 5 years or more
885883770,way,last_update,17-12-2020,Feature has not been updated in 5 years or more
888266126,way,last_update,24-12-2020,Feature has not been updated in 5 years or more
888308645,way,last_update,25-12-2020,Feature has not been updated in 5 years or more
888481722,way,last_update,25-12-2020,Feature has not been updated in 5 years or more
888481724,way,last_update,25-12-2020,Feature has not been updated in 5 years or more
888481725,way,last_update,25-12-2020,Feature has not been updated in 5 years or more
888481728,way,last_update,25-12-2020,Feature has not been updated in 5 years or more
888481729,way,last_update,25-12-2020,Feature has not been updated in 5 years or more
888481730,way,last_update,25-12-2020,Feature has not been updated in 5 years or more
888481732,way,last_update,25-12-2020,Feature has not been updated in 5 years or more
888481734,way,last_update,25-12-2020,Feature has not been updated in 5 years or more
888787293,way,last_update,13-1-2021,Feature has not been updated in 5 years or more
891107965,way,last_update,2-1-2021,Feature has not been updated in 5 years or more
891112112,way,last_update,2-1-2021,Feature has not been updated in 5 years or more
891112114,way,last_update,2-1-2021,Feature has not been updated in 5 years or more
891112115,way,last_update,2-1-2021,Feature has not been updated in 5 years or more
891112123,way,last_update,2-1-2021,Feature has not been updated in 5 years or more
891130115,way,last_update,2-1-2021,Feature has not been updated in 5 years or more
891130119,way,last_update,2-1-2021,Feature has not been updated in 5 years or more
891293104,way,last_update,2-1-2021,Feature has not been updated in 5 years or more
891302596,way,last_update,2-1-2021,Feature has not been updated in 5 years or more
891302597,way,last_update,2-1-2021,Feature has not been updated in 5 years or more
891333805,way,last_update,2-1-2021,Feature has not been updated in 5 years or more
894686720,way,last_update,12-1-2021,Feature has not been updated in 5 years or more
894686722,way,last_update,12-1-2021,Feature has not been updated in 5 years or more
894860649,way,last_update,13-1-2021,Feature has not been updated in 5 years or more
895063218,way,last_update,13-1-2021,Feature has not been updated in 5 years or more
897521240,way,last_update,18-4-2021,Feature has not been updated in 5 years or more
899945961,way,last_update,25-1-2021,Feature has not been updated in 5 years or more
899971385,way,last_update,25-1-2021,Feature has not been updated in 5 years or more
900327730,way,last_update,15-2-2021,Feature has not been updated in 5 years or more
902294035,way,last_update,2-8-2021,Feature has not been updated in 5 years or more
902294040,way,last_update,2-8-2021,Feature has not been updated in 5 years or more
902808457,way,last_update,1-2-2021,Feature has not been updated in 5 years or more
903916775,way,last_update,4-2-2021,Feature has not been updated in 5 years or more
903916777,way,last_update,4-2-2021,Feature has not been updated in 5 years or more
903916778,way,last_update,4-2-2021,Feature has not been updated in 5 years or more
904725215,way,last_update,9-2-2021,Feature has not been updated in 5 years or more
904725216,way,last_update,9-2-2021,Feature has not been updated in 5 years or more
904725217,way,last_update,9-2-2021,Feature has not been updated in 5 years or more
904725222,way,last_update,9-2-2021,Feature has not been updated in 5 years or more
904725223,way,last_update,9-2-2021,Feature has not been updated in 5 years or more
904725225,way,last_update,9-2-2021,Feature has not been updated in 5 years or more
904733204,way,last_update,9-2-2021,Feature has not been updated in 5 years or more
904734181,way,last_update,9-2-2021,Feature has not been updated in 5 years or more
904845553,way,last_update,7-2-2021,Feature has not been updated in 5 years or more
904845566,way,last_update,7-2-2021,Feature has not been updated in 5 years or more
904986879,way,last_update,9-3-2021,Feature has not been updated in 5 years or more
904986880,way,last_update,8-2-2021,Feature has not been updated in 5 years or more
904986881,way,last_update,9-3-2021,Feature has not been updated in 5 years or more
904986884,way,last_update,9-2-2021,Feature has not been updated in 5 years or more
905076441,way,last_update,8-2-2021,Feature has not been updated in 5 years or more
905076444,way,last_update,8-2-2021,Feature has not been updated in 5 years or more
905076445,way,last_update,8-2-2021,Feature has not been updated in 5 years or more
905360571,way,last_update,9-2-2021,Feature has not been updated in 5 years or more
905381104,way,last_update,1-4-2021,Feature has not been updated in 5 years or more
905381105,way,last_update,9-2-2021,Feature has not been updated in 5 years or more
905455548,way,last_update,9-2-2021,Feature has not been updated in 5 years or more
905480534,way,last_update,9-2-2021,Feature has not been updated in 5 years or more
906553909,way,last_update,17-3-2021,Feature has not been updated in 5 years or more
907521709,way,last_update,15-2-2021,Feature has not been updated in 5 years or more
908864226,way,last_update,19-2-2021,Feature has not been updated in 5 years or more
911673768,way,last_update,28-2-2021,Feature has not been updated in 5 years or more
912167234,way,last_update,28-2-2021,Feature has not been updated in 5 years or more
912167235,way,last_update,28-2-2021,Feature has not been updated in 5 years or more
913833871,way,last_update,5-3-2021,Feature has not been updated in 5 years or more
913833875,way,last_update,5-3-2021,Feature has not been updated in 5 years or more
913833876,way,last_update,5-3-2021,Feature has not been updated in 5 years or more
913833877,way,last_update,5-3-2021,Feature has not been updated in 5 years or more
914972579,way,last_update,9-3-2021,Feature has not been updated in 5 years or more
914972580,way,last_update,9-3-2021,Feature has not been updated in 5 years or more
914972581,way,last_update,9-3-2021,Feature has not been updated in 5 years or more
915113197,way,last_update,9-3-2021,Feature has not been updated in 5 years or more
915115787,way,last_update,9-3-2021,Feature has not been updated in 5 years or more
915127978,way,last_update,9-3-2021,Feature has not been updated in 5 years or more
915127979,way,last_update,9-3-2021,Feature has not been updated in 5 years or more
915127981,way,last_update,9-3-2021,Feature has not been updated in 5 years or more
915947323,way,last_update,11-3-2021,Feature has not been updated in 5 years or more
916743230,way,last_update,13-3-2021,Feature has not been updated in 5 years or more
917772748,way,last_update,16-3-2021,Feature has not been updated in 5 years or more
918235376,way,last_update,17-3-2021,Feature has not been updated in 5 years or more
918235377,way,last_update,17-3-2021,Feature has not been updated in 5 years or more
918607424,way,last_update,18-3-2021,Feature has not been updated in 5 years or more
918607425,way,last_update,18-3-2021,Feature has not been updated in 5 years or more
918607426,way,last_update,18-3-2021,Feature has not been updated in 5 years or more
918607427,way,last_update,18-3-2021,Feature has not been updated in 5 years or more
918607428,way,last_update,18-3-2021,Feature has not been updated in 5 years or more
918607429,way,last_update,18-3-2021,Feature has not been updated in 5 years or more
918607430,way,last_update,20-5-2021,Feature has not been updated in 5 years or more
920191978,way,last_update,21-3-2021,Feature has not been updated in 5 years or more
920191979,way,last_update,21-3-2021,Feature has not been updated in 5 years or more
920209004,way,last_update,21-3-2021,Feature has not been updated in 5 years or more
920209007,way,last_update,21-3-2021,Feature has not been updated in 5 years or more
920209009,way,last_update,21-3-2021,Feature has not been updated in 5 years or more
920209011,way,last_update,21-3-2021,Feature has not been updated in 5 years or more
920209012,way,last_update,21-3-2021,Feature has not been updated in 5 years or more
920211589,way,last_update,21-3-2021,Feature has not been updated in 5 years or more
921214005,way,last_update,23-3-2021,Feature has not been updated in 5 years or more
922551282,way,last_update,26-3-2021,Feature has not been updated in 5 years or more
922551285,way,last_update,26-3-2021,Feature has not been updated in 5 years or more
922551296,way,last_update,26-3-2021,Feature has not been updated in 5 years or more
923123968,way,last_update,28-3-2021,Feature has not been updated in 5 years or more
924392775,way,last_update,31-3-2021,Feature has not been updated in 5 years or more
925206309,way,last_update,2-4-2021,Feature has not been updated in 5 years or more
926161048,way,last_update,5-4-2021,Feature has not been updated in 5 years or more
926161050,way,last_update,5-4-2021,Feature has not been updated in 5 years or more
926161060,way,last_update,5-4-2021,Feature has not been updated in 5 years or more
926161061,way,last_update,5-4-2021,Feature has not been updated in 5 years or more
926161076,way,last_update,5-4-2021,Feature has not been updated in 5 years or more
926161078,way,last_update,6-8-2021,Feature has not been updated in 5 years or more
926161084,way,last_update,5-4-2021,Feature has not been updated in 5 years or more
926161087,way,last_update,5-4-2021,Feature has not been updated in 5 years or more
926196399,way,last_update,5-4-2021,Feature has not been updated in 5 years or more
926196400,way,last_update,5-4-2021,Feature has not been updated in 5 years or more
926294249,way,last_update,6-4-2021,Feature has not been updated in 5 years or more
926427877,way,last_update,6-4-2021,Feature has not been updated in 5 years or more
926428309,way,last_update,6-4-2021,Feature has not been updated in 5 years or more
926428310,way,last_update,6-4-2021,Feature has not been updated in 5 years or more
926766983,way,last_update,6-4-2021,Feature has not been updated in 5 years or more
926766988,way,last_update,6-4-2021,Feature has not been updated in 5 years or more
930956066,way,last_update,19-4-2021,Feature has not been updated in 5 years or more
931058103,way,last_update,15-4-2021,Feature has not been updated in 5 years or more
931058104,way,last_update,15-4-2021,Feature has not been updated in 5 years or more
931058106,way,last_update,15-4-2021,Feature has not been updated in 5 years or more
931599888,way,last_update,30-8-2021,Feature has not been updated in 5 years or more
931946853,way,last_update,18-4-2021,Feature has not been updated in 5 years or more
932955653,way,last_update,20-4-2021,Feature has not been updated in 5 years or more
933629176,way,last_update,21-4-2021,Feature has not been updated in 5 years or more
933629177,way,last_update,21-4-2021,Feature has not been updated in 5 years or more
933629180,way,last_update,6-5-2021,Feature has not been updated in 5 years or more
933629181,way,last_update,6-5-2021,Feature has not been updated in 5 years or more
933629183,way,last_update,21-4-2021,Feature has not been updated in 5 years or more
933629184,way,last_update,21-4-2021,Feature has not been updated in 5 years or more
933629185,way,last_update,21-4-2021,Feature has not been updated in 5 years or more
933629189,way,last_update,21-4-2021,Feature has not been updated in 5 years or more
933629190,way,last_update,21-4-2021,Feature has not been updated in 5 years or more
933629192,way,last_update,21-4-2021,Feature has not been updated in 5 years or more
933629193,way,last_update,21-4-2021,Feature has not been updated in 5 years or more
933629194,way,last_update,21-4-2021,Feature has not been updated in 5 years or more
933629195,way,last_update,21-4-2021,Feature has not been updated in 5 years or more
933629197,way,last_update,21-4-2021,Feature has not been updated in 5 years or more
934067510,way,last_update,22-4-2021,Feature has not been updated in 5 years or more
935734974,way,last_update,27-4-2021,Feature has not been updated in 5 years or more
936505075,way,last_update,28-4-2021,Feature has not been updated in 5 years or more
936646997,way,last_update,29-4-2021,Feature has not been updated in 5 years or more
936802841,way,last_update,6-5-2021,Feature has not been updated in 5 years or more
936802842,way,last_update,6-5-2021,Feature has not been updated in 5 years or more
937272376,way,last_update,30-4-2021,Feature has not been updated in 5 years or more
937272377,way,last_update,2-6-2021,Feature has not been updated in 5 years or more
937798560,way,last_update,1-5-2021,Feature has not been updated in 5 years or more
937798561,way,last_update,1-5-2021,Feature has not been updated in 5 years or more
937834658,way,last_update,1-5-2021,Feature has not been updated in 5 years or more
941724834,way,last_update,11-5-2021,Feature has not been updated in 5 years or more
942395768,way,last_update,13-5-2021,Feature has not been updated in 5 years or more
942395779,way,last_update,13-5-2021,Feature has not been updated in 5 years or more
942395780,way,last_update,13-5-2021,Feature has not been updated in 5 years or more
942395783,way,last_update,13-5-2021,Feature has not been updated in 5 years or more
942395786,way,last_update,13-5-2021,Feature has not been updated in 5 years or more
942938446,way,last_update,14-5-2021,Feature has not been updated in 5 years or more
942938447,way,last_update,14-5-2021,Feature has not been updated in 5 years or more
944605039,way,last_update,19-5-2021,Feature has not been updated in 5 years or more
944605040,way,last_update,19-5-2021,Feature has not been updated in 5 years or more
944605041,way,last_update,19-5-2021,Feature has not been updated in 5 years or more
944605042,way,last_update,19-5-2021,Feature has not been updated in 5 years or more
944605043,way,last_update,19-5-2021,Feature has not been updated in 5 years or more
944605044,way,last_update,19-5-2021,Feature has not been updated in 5 years or more
944605045,way,last_update,19-5-2021,Feature has not been updated in 5 years or more
944605046,way,last_update,19-5-2021,Feature has not been updated in 5 years or more
944605047,way,last_update,19-5-2021,Feature has not been updated in 5 years or more
944605048,way,last_update,19-5-2021,Feature has not been updated in 5 years or more
944605049,way,last_update,19-5-2021,Feature has not been updated in 5 years or more
944605050,way,last_update,19-5-2021,Feature has not been updated in 5 years or more
944605052,way,last_update,19-5-2021,Feature has not been updated in 5 years or more
944605053,way,last_update,19-5-2021,Feature has not been updated in 5 years or more
945112461,way,last_update,20-5-2021,Feature has not been updated in 5 years or more
945124623,way,last_update,20-5-2021,Feature has not been updated in 5 years or more
945124632,way,last_update,20-5-2021,Feature has not been updated in 5 years or more
945124633,way,last_update,20-5-2021,Feature has not been updated in 5 years or more
945124634,way,last_update,20-5-2021,Feature has not been updated in 5 years or more
945279101,way,last_update,20-5-2021,Feature has not been updated in 5 years or more
946897580,way,last_update,25-5-2021,Feature has not been updated in 5 years or more
946897581,way,last_update,25-5-2021,Feature has not been updated in 5 years or more
946942347,way,last_update,25-5-2021,Feature has not been updated in 5 years or more
946944202,way,last_update,25-5-2021,Feature has not been updated in 5 years or more
946945955,way,last_update,25-5-2021,Feature has not been updated in 5 years or more
947242565,way,last_update,26-5-2021,Feature has not been updated in 5 years or more
947742676,way,last_update,28-5-2021,Feature has not been updated in 5 years or more
947742677,way,last_update,28-5-2021,Feature has not been updated in 5 years or more
947742679,way,last_update,27-5-2021,Feature has not been updated in 5 years or more
948213851,way,last_update,28-5-2021,Feature has not been updated in 5 years or more
948213852,way,last_update,28-5-2021,Feature has not been updated in 5 years or more
948213853,way,last_update,28-5-2021,Feature has not been updated in 5 years or more
948213854,way,last_update,28-5-2021,Feature has not been updated in 5 years or more
948213855,way,last_update,28-5-2021,Feature has not been updated in 5 years or more
948213856,way,last_update,28-5-2021,Feature has not been updated in 5 years or more
948213857,way,last_update,28-5-2021,Feature has not been updated in 5 years or more
948213880,way,last_update,28-5-2021,Feature has not been updated in 5 years or more
948213881,way,last_update,28-5-2021,Feature has not been updated in 5 years or more
948213882,way,last_update,28-5-2021,Feature has not been updated in 5 years or more
948213884,way,last_update,28-5-2021,Feature has not been updated in 5 years or more
948396820,way,last_update,4-7-2021,Feature has not been updated in 5 years or more
948969787,way,last_update,31-5-2021,Feature has not been updated in 5 years or more
948969788,way,last_update,31-5-2021,Feature has not been updated in 5 years or more
949052469,way,last_update,31-5-2021,Feature has not been updated in 5 years or more
949052470,way,last_update,31-5-2021,Feature has not been updated in 5 years or more
949052471,way,last_update,31-5-2021,Feature has not been updated in 5 years or more
949052472,way,last_update,31-5-2021,Feature has not been updated in 5 years or more
949052473,way,last_update,31-5-2021,Feature has not been updated in 5 years or more
949052474,way,last_update,31-5-2021,Feature has not been updated in 5 years or more
949052475,way,last_update,31-5-2021,Feature has not been updated in 5 years or more
949052476,way,last_update,31-5-2021,Feature has not been updated in 5 years or more
949052477,way,last_update,31-5-2021,Feature has not been updated in 5 years or more
949052478,way,last_update,31-5-2021,Feature has not been updated in 5 years or more
949052479,way,last_update,31-5-2021,Feature has not been updated in 5 years or more
950028040,way,last_update,3-6-2021,Feature has not been updated in 5 years or more
951211289,way,last_update,4-6-2021,Feature has not been updated in 5 years or more
951269674,way,last_update,4-6-2021,Feature has not been updated in 5 years or more
951952159,way,last_update,7-6-2021,Feature has not been updated in 5 years or more
953389420,way,last_update,11-6-2021,Feature has not been updated in 5 years or more
953389421,way,last_update,11-6-2021,Feature has not been updated in 5 years or more
953389422,way,last_update,11-6-2021,Feature has not been updated in 5 years or more
953389423,way,last_update,11-6-2021,Feature has not been updated in 5 years or more
953389424,way,last_update,11-6-2021,Feature has not been updated in 5 years or more
953389425,way,last_update,11-6-2021,Feature has not been updated in 5 years or more
953389426,way,last_update,11-6-2021,Feature has not been updated in 5 years or more
953389427,way,last_update,11-6-2021,Feature has not been updated in 5 years or more
953389428,way,last_update,11-6-2021,Feature has not been updated in 5 years or more
953394653,way,last_update,11-6-2021,Feature has not been updated in 5 years or more
953394654,way,last_update,11-6-2021,Feature has not been updated in 5 years or more
955485396,way,last_update,17-6-2021,Feature has not been updated in 5 years or more
957222192,way,last_update,22-6-2021,Feature has not been updated in 5 years or more
957222193,way,last_update,22-6-2021,Feature has not been updated in 5 years or more
957225046,way,last_update,22-6-2021,Feature has not been updated in 5 years or more
957225047,way,last_update,22-6-2021,Feature has not been updated in 5 years or more
957454981,way,last_update,23-6-2021,Feature has not been updated in 5 years or more
957861901,way,last_update,24-6-2021,Feature has not been updated in 5 years or more
957879118,way,last_update,24-6-2021,Feature has not been updated in 5 years or more
958361194,way,last_update,26-6-2021,Feature has not been updated in 5 years or more
958757588,way,last_update,28-6-2021,Feature has not been updated in 5 years or more
958758476,way,last_update,28-6-2021,Feature has not been updated in 5 years or more
960081559,way,last_update,31-8-2021,Feature has not been updated in 5 years or more
960081563,way,last_update,31-8-2021,Feature has not been updated in 5 years or more
961563657,way,last_update,5-7-2021,Feature has not been updated in 5 years or more
961563659,way,last_update,5-7-2021,Feature has not been updated in 5 years or more
961563662,way,last_update,31-8-2021,Feature has not been updated in 5 years or more
961563663,way,last_update,31-8-2021,Feature has not been updated in 5 years or more
962598655,way,last_update,8-7-2021,Feature has not been updated in 5 years or more
962951543,way,last_update,9-7-2021,Feature has not been updated in 5 years or more
962957248,way,last_update,9-7-2021,Feature has not been updated in 5 years or more
964581154,way,last_update,15-7-2021,Feature has not been updated in 5 years or more
964581155,way,last_update,15-7-2021,Feature has not been updated in 5 years or more
964876772,way,last_update,16-7-2021,Feature has not been updated in 5 years or more
964933336,way,last_update,16-7-2021,Feature has not been updated in 5 years or more
965333193,way,last_update,18-7-2021,Feature has not been updated in 5 years or more
965333194,way,last_update,18-7-2021,Feature has not been updated in 5 years or more
965333195,way,last_update,18-7-2021,Feature has not been updated in 5 years or more
965333196,way,last_update,18-7-2021,Feature has not been updated in 5 years or more
965617961,way,last_update,19-7-2021,Feature has not been updated in 5 years or more
966201145,way,last_update,21-7-2021,Feature has not been updated in 5 years or more
966201157,way,last_update,21-7-2021,Feature has not been updated in 5 years or more
966201158,way,last_update,21-7-2021,Feature has not been updated in 5 years or more
966201159,way,last_update,21-7-2021,Feature has not been updated in 5 years or more
966201161,way,last_update,21-7-2021,Feature has not been updated in 5 years or more
968516840,way,last_update,31-8-2021,Feature has not been updated in 5 years or more
969230684,way,last_update,31-7-2021,Feature has not been updated in 5 years or more
969230685,way,last_update,31-7-2021,Feature has not been updated in 5 years or more
969230686,way,last_update,31-7-2021,Feature has not been updated in 5 years or more
969230688,way,last_update,31-7-2021,Feature has not been updated in 5 years or more
970860571,way,last_update,6-8-2021,Feature has not been updated in 5 years or more
970860572,way,last_update,6-8-2021,Feature has not been updated in 5 years or more
970860573,way,last_update,6-8-2021,Feature has not been updated in 5 years or more
970928913,way,last_update,6-8-2021,Feature has not been updated in 5 years or more
970928918,way,last_update,6-8-2021,Feature has not been updated in 5 years or more
970928921,way,last_update,6-8-2021,Feature has not been updated in 5 years or more
970928931,way,last_update,6-8-2021,Feature has not been updated in 5 years or more
970928932,way,last_update,6-8-2021,Feature has not been updated in 5 years or more
970928933,way,last_update,6-8-2021,Feature has not been updated in 5 years or more
971635596,way,last_update,9-8-2021,Feature has not been updated in 5 years or more
971635600,way,last_update,9-8-2021,Feature has not been updated in 5 years or more
971662700,way,last_update,9-8-2021,Feature has not been updated in 5 years or more
971927631,way,last_update,10-8-2021,Feature has not been updated in 5 years or more
971927632,way,last_update,10-8-2021,Feature has not been updated in 5 years or more
975295038,way,last_update,21-8-2021,Feature has not been updated in 5 years or more
975295043,way,last_update,21-8-2021,Feature has not been updated in 5 years or more
976028866,way,last_update,24-8-2021,Feature has not been updated in 5 years or more
977565776,way,last_update,29-8-2021,Feature has not been updated in 5 years or more
