{"type": "FeatureCollection", "features": [{"type": "Feature", "geometry": {"type": "Point", "coordinates": [9.1900368, 45.5010066]}, "properties": {"id": 89129600, "feat_type": "way", "quality_categories": "older_than_five_years", "issue_ids": "[0]", "osm_url": "https://www.openstreetmap.org/way/89129600", "josm_url": "http://127.0.0.1:8111/load_object?new_layer=false&objects=w89129600", "id_url": "https://www.openstreetmap.org/edit?editor=id&way=89129600#map=20/45.5010066/9.1900368"}}, {"type": "Feature", "geometry": {"type": "Point", "coordinates": [9.2227142, 45.4407244]}, "properties": {"id": 170538174, "feat_type": "way", "quality_categories": "missing_tags, older_than_five_years", "issue_ids": "[1, 2]", "osm_url": "https://www.openstreetmap.org/way/170538174", "josm_url": "http://127.0.0.1:8111/load_object?new_layer=false&objects=w170538174", "id_url": "https://www.openstreetmap.org/edit?editor=id&way=170538174#map=20/45.4407244/9.2227142"}}, {"type": "Feature", "geometry": {"type": "Point", "coordinates": [9.1598088, 45.5026467]}, "properties": {"id": 172214611, "feat_type": "way", "quality_categories": "older_than_five_years", "issue_ids": "[3]", "osm_url": "https://www.openstreetmap.org/way/172214611", "josm_url": "http://127.0.0.1:8111/load_object?new_layer=false&objects=w172214611", "id_url": "https://www.openstreetmap.org/edit?editor=id&way=172214611#map=20/45.5026467/9.1598088"}}, {"type": "Feature", "geometry": {"type": "Point", "coordinates": [9.1868492, 45.4981891]}, "properties": {"id": 189085444, "feat_type": "way", "quality_categories": "missing_tags, older_than_five_years", "issue_ids": "[4, 2]", "osm_url": "https://www.openstreetmap.org/way/189085444", "josm_url": "http://127.0.0.1:8111/load_object?new_layer=false&objects=w189085444", "id_url": "https://www.openstreetmap.org/edit?editor=id&way=189085444#map=20/45.4981891/9.1868492"}}, {"type": "Feature", "geometry": {"type": "Point", "coordinates": [9.1850135, 45.5030532]}, "properties": {"id": 269441912, "feat_type": "way", "quality_categories": "older_than_five_years", "issue_ids": "[5]", "osm_url": "https://www.openstreetmap.org/way/269441912", "josm_url": "http://127.0.0.1:8111/load_object?new_layer=false&objects=w269441912", "id_url": "https://www.openstreetmap.org/edit?editor=id&way=269441912#map=20/45.5030532/9.1850135"}}, {"type": "Feature", "geometry": {"type": "Point", "coordinates": [9.184995, 45.5028469]}, "properties": {"id": 269441927, "feat_type": "way", "quality_categories": "older_than_five_years", "issue_ids": "[6]", "osm_url": "https://www.openstreetmap.org/way/269441927", "josm_url": "http://127.0.0.1:8111/load_object?new_layer=false&objects=w269441927", "id_url": "https://www.openstreetmap.org/edit?editor=id&way=269441927#map=20/45.5028469/9.184995"}}, {"type": "Feature", "geometry": {"type": "Point", "coordinates": [9.1829069, 45.480825]}, "properties": {"id": 361037180, "feat_type": "way", "quality_categories": "missing_tags, older_than_five_years", "issue_ids": "[7, 2]", "osm_url": "https://www.openstreetmap.org/way/361037180", "josm_url": "http://127.0.0.1:8111/load_object?new_layer=false&objects=w361037180", "id_url": "https://www.openstreetmap.org/edit?editor=id&way=361037180#map=20/45.480825/9.1829069"}}, {"type": "Feature", "geometry": {"type": "Point", "coordinates": [9.2248713, 45.4397817]}, "properties": {"id": 403082739, "feat_type": "way", "quality_categories": "missing_tags, older_than_five_years", "issue_ids": "[1, 2]", "osm_url": "https://www.openstreetmap.org/way/403082739", "josm_url": "http://127.0.0.1:8111/load_object?new_layer=false&objects=w403082739", "id_url": "https://www.openstreetmap.org/edit?editor=id&way=403082739#map=20/45.4397817/9.2248713"}}, {"type": "Feature", "geometry": {"type": "Point", "coordinates": [9.1882366, 45.480784]}, "properties": {"id": 423440520, "feat_type": "way", "quality_categories": "older_than_five_years", "issue_ids": "[8]", "osm_url": "https://www.openstreetmap.org/way/423440520", "josm_url": "http://127.0.0.1:8111/load_object?new_layer=false&objects=w423440520", "id_url": "https://www.openstreetmap.org/edit?editor=id&way=423440520#map=20/45.480784/9.1882366"}}, {"type": "Feature", "geometry": {"type": "Point", "coordinates": [9.164267, 45.5035459]}, "properties": {"id": 459354625, "feat_type": "way", "quality_categories": "older_than_five_years", "issue_ids": "[3]", "osm_url": "https://www.openstreetmap.org/way/459354625", "josm_url": "http://127.0.0.1:8111/load_object?new_layer=false&objects=w459354625", "id_url": "https://www.openstreetmap.org/edit?editor=id&way=459354625#map=20/45.5035459/9.164267"}}, {"type": "Feature", "geometry": {"type": "Point", "coordinates": [9.1643919, 45.5035123]}, "properties": {"id": 459354634, "feat_type": "way", "quality_categories": "older_than_five_years", "issue_ids": "[3]", "osm_url": "https://www.openstreetmap.org/way/459354634", "josm_url": "http://127.0.0.1:8111/load_object?new_layer=false&objects=w459354634", "id_url": "https://www.openstreetmap.org/edit?editor=id&way=459354634#map=20/45.5035123/9.1643919"}}, {"type": "Feature", "geometry": {"type": "Point", "coordinates": [9.1808508, 45.4782788]}, "properties": {"id": 498385010, "feat_type": "way", "quality_categories": "older_than_five_years", "issue_ids": "[9]", "osm_url": "https://www.openstreetmap.org/way/498385010", "josm_url": "http://127.0.0.1:8111/load_object?new_layer=false&objects=w498385010", "id_url": "https://www.openstreetmap.org/edit?editor=id&way=498385010#map=20/45.4782788/9.1808508"}}, {"type": "Feature", "geometry": {"type": "Point", "coordinates": [9.2238456, 45.4401635]}, "properties": {"id": 561632303, "feat_type": "way", "quality_categories": "missing_tags, older_than_five_years", "issue_ids": "[1, 2]", "osm_url": "https://www.openstreetmap.org/way/561632303", "josm_url": "http://127.0.0.1:8111/load_object?new_layer=false&objects=w561632303", "id_url": "https://www.openstreetmap.org/edit?editor=id&way=561632303#map=20/45.4401635/9.2238456"}}, {"type": "Feature", "geometry": {"type": "Point", "coordinates": [9.1989972, 45.4626723]}, "properties": {"id": 663506634, "feat_type": "way", "quality_categories": "missing_tags, older_than_five_years", "issue_ids": "[10, 2]", "osm_url": "https://www.openstreetmap.org/way/663506634", "josm_url": "http://127.0.0.1:8111/load_object?new_layer=false&objects=w663506634", "id_url": "https://www.openstreetmap.org/edit?editor=id&way=663506634#map=20/45.4626723/9.1989972"}}, {"type": "Feature", "geometry": {"type": "Point", "coordinates": [9.1973095, 45.462676]}, "properties": {"id": 672310059, "feat_type": "way", "quality_categories": "missing_tags, older_than_five_years", "issue_ids": "[11, 2]", "osm_url": "https://www.openstreetmap.org/way/672310059", "josm_url": "http://127.0.0.1:8111/load_object?new_layer=false&objects=w672310059", "id_url": "https://www.openstreetmap.org/edit?editor=id&way=672310059#map=20/45.462676/9.1973095"}}, {"type": "Feature", "geometry": {"type": "Point", "coordinates": [9.2308533, 45.4369838]}, "properties": {"id": 684105439, "feat_type": "way", "quality_categories": "older_than_five_years", "issue_ids": "[12]", "osm_url": "https://www.openstreetmap.org/way/684105439", "josm_url": "http://127.0.0.1:8111/load_object?new_layer=false&objects=w684105439", "id_url": "https://www.openstreetmap.org/edit?editor=id&way=684105439#map=20/45.4369838/9.2308533"}}, {"type": "Feature", "geometry": {"type": "Point", "coordinates": [9.2286713, 45.4379636]}, "properties": {"id": 684107093, "feat_type": "way", "quality_categories": "missing_tags, older_than_five_years", "issue_ids": "[12, 2]", "osm_url": "https://www.openstreetmap.org/way/684107093", "josm_url": "http://127.0.0.1:8111/load_object?new_layer=false&objects=w684107093", "id_url": "https://www.openstreetmap.org/edit?editor=id&way=684107093#map=20/45.4379636/9.2286713"}}, {"type": "Feature", "geometry": {"type": "Point", "coordinates": [9.2300464, 45.4386738]}, "properties": {"id": 684108765, "feat_type": "way", "quality_categories": "missing_tags, older_than_five_years", "issue_ids": "[12, 2]", "osm_url": "https://www.openstreetmap.org/way/684108765", "josm_url": "http://127.0.0.1:8111/load_object?new_layer=false&objects=w684108765", "id_url": "https://www.openstreetmap.org/edit?editor=id&way=684108765#map=20/45.4386738/9.2300464"}}, {"type": "Feature", "geometry": {"type": "Point", "coordinates": [9.2266114, 45.4389924]}, "properties": {"id": 684113924, "feat_type": "way", "quality_categories": "missing_tags, older_than_five_years", "issue_ids": "[12, 2]", "osm_url": "https://www.openstreetmap.org/way/684113924", "josm_url": "http://127.0.0.1:8111/load_object?new_layer=false&objects=w684113924", "id_url": "https://www.openstreetmap.org/edit?editor=id&way=684113924#map=20/45.4389924/9.2266114"}}, {"type": "Feature", "geometry": {"type": "Point", "coordinates": [9.2287064, 45.4393043]}, "properties": {"id": 684123939, "feat_type": "way", "quality_categories": "missing_tags, older_than_five_years", "issue_ids": "[13, 2]", "osm_url": "https://www.openstreetmap.org/way/684123939", "josm_url": "http://127.0.0.1:8111/load_object?new_layer=false&objects=w684123939", "id_url": "https://www.openstreetmap.org/edit?editor=id&way=684123939#map=20/45.4393043/9.2287064"}}, {"type": "Feature", "geometry": {"type": "Point", "coordinates": [9.2325334, 45.437605]}, "properties": {"id": 684127645, "feat_type": "way", "quality_categories": "missing_tags, older_than_five_years", "issue_ids": "[12, 2]", "osm_url": "https://www.openstreetmap.org/way/684127645", "josm_url": "http://127.0.0.1:8111/load_object?new_layer=false&objects=w684127645", "id_url": "https://www.openstreetmap.org/edit?editor=id&way=684127645#map=20/45.437605/9.2325334"}}, {"type": "Feature", "geometry": {"type": "Point", "coordinates": [9.2321945, 45.4376893]}, "properties": {"id": 684127648, "feat_type": "way", "quality_categories": "missing_tags, older_than_five_years", "issue_ids": "[12, 2]", "osm_url": "https://www.openstreetmap.org/way/684127648", "josm_url": "http://127.0.0.1:8111/load_object?new_layer=false&objects=w684127648", "id_url": "https://www.openstreetmap.org/edit?editor=id&way=684127648#map=20/45.4376893/9.2321945"}}, {"type": "Feature", "geometry": {"type": "Point", "coordinates": [9.2321985, 45.4377782]}, "properties": {"id": 684127650, "feat_type": "way", "quality_categories": "missing_tags, older_than_five_years", "issue_ids": "[12, 2]", "osm_url": "https://www.openstreetmap.org/way/684127650", "josm_url": "http://127.0.0.1:8111/load_object?new_layer=false&objects=w684127650", "id_url": "https://www.openstreetmap.org/edit?editor=id&way=684127650#map=20/45.4377782/9.2321985"}}, {"type": "Feature", "geometry": {"type": "Point", "coordinates": [9.2324442, 45.4377713]}, "properties": {"id": 684127657, "feat_type": "way", "quality_categories": "missing_tags, older_than_five_years", "issue_ids": "[12, 2]", "osm_url": "https://www.openstreetmap.org/way/684127657", "josm_url": "http://127.0.0.1:8111/load_object?new_layer=false&objects=w684127657", "id_url": "https://www.openstreetmap.org/edit?editor=id&way=684127657#map=20/45.4377713/9.2324442"}}, {"type": "Feature", "geometry": {"type": "Point", "coordinates": [9.2334603, 45.4371908]}, "properties": {"id": 684129835, "feat_type": "way", "quality_categories": "missing_tags, older_than_five_years", "issue_ids": "[12, 2]", "osm_url": "https://www.openstreetmap.org/way/684129835", "josm_url": "http://127.0.0.1:8111/load_object?new_layer=false&objects=w684129835", "id_url": "https://www.openstreetmap.org/edit?editor=id&way=684129835#map=20/45.4371908/9.2334603"}}, {"type": "Feature", "geometry": {"type": "Point", "coordinates": [9.2334621, 45.4371074]}, "properties": {"id": 684129839, "feat_type": "way", "quality_categories": "missing_tags, older_than_five_years", "issue_ids": "[12, 2]", "osm_url": "https://www.openstreetmap.org/way/684129839", "josm_url": "http://127.0.0.1:8111/load_object?new_layer=false&objects=w684129839", "id_url": "https://www.openstreetmap.org/edit?editor=id&way=684129839#map=20/45.4371074/9.2334621"}}, {"type": "Feature", "geometry": {"type": "Point", "coordinates": [9.2256503, 45.4394739]}, "properties": {"id": 684318546, "feat_type": "way", "quality_categories": "missing_tags, older_than_five_years", "issue_ids": "[12, 2]", "osm_url": "https://www.openstreetmap.org/way/684318546", "josm_url": "http://127.0.0.1:8111/load_object?new_layer=false&objects=w684318546", "id_url": "https://www.openstreetmap.org/edit?editor=id&way=684318546#map=20/45.4394739/9.2256503"}}, {"type": "Feature", "geometry": {"type": "Point", "coordinates": [9.2253478, 45.4404718]}, "properties": {"id": 684343539, "feat_type": "way", "quality_categories": "missing_tags, older_than_five_years", "issue_ids": "[12, 2]", "osm_url": "https://www.openstreetmap.org/way/684343539", "josm_url": "http://127.0.0.1:8111/load_object?new_layer=false&objects=w684343539", "id_url": "https://www.openstreetmap.org/edit?editor=id&way=684343539#map=20/45.4404718/9.2253478"}}, {"type": "Feature", "geometry": {"type": "Point", "coordinates": [9.2266116, 45.4405375]}, "properties": {"id": 684346748, "feat_type": "way", "quality_categories": "missing_tags, older_than_five_years", "issue_ids": "[12, 2]", "osm_url": "https://www.openstreetmap.org/way/684346748", "josm_url": "http://127.0.0.1:8111/load_object?new_layer=false&objects=w684346748", "id_url": "https://www.openstreetmap.org/edit?editor=id&way=684346748#map=20/45.4405375/9.2266116"}}, {"type": "Feature", "geometry": {"type": "Point", "coordinates": [9.2273659, 45.4411651]}, "properties": {"id": 684348088, "feat_type": "way", "quality_categories": "missing_tags, older_than_five_years", "issue_ids": "[12, 2]", "osm_url": "https://www.openstreetmap.org/way/684348088", "josm_url": "http://127.0.0.1:8111/load_object?new_layer=false&objects=w684348088", "id_url": "https://www.openstreetmap.org/edit?editor=id&way=684348088#map=20/45.4411651/9.2273659"}}, {"type": "Feature", "geometry": {"type": "Point", "coordinates": [9.2267489, 45.4419861]}, "properties": {"id": 684352135, "feat_type": "way", "quality_categories": "missing_tags, older_than_five_years", "issue_ids": "[14, 2]", "osm_url": "https://www.openstreetmap.org/way/684352135", "josm_url": "http://127.0.0.1:8111/load_object?new_layer=false&objects=w684352135", "id_url": "https://www.openstreetmap.org/edit?editor=id&way=684352135#map=20/45.4419861/9.2267489"}}, {"type": "Feature", "geometry": {"type": "Point", "coordinates": [9.2266469, 45.4416729]}, "properties": {"id": 684352137, "feat_type": "way", "quality_categories": "missing_tags, older_than_five_years", "issue_ids": "[12, 2]", "osm_url": "https://www.openstreetmap.org/way/684352137", "josm_url": "http://127.0.0.1:8111/load_object?new_layer=false&objects=w684352137", "id_url": "https://www.openstreetmap.org/edit?editor=id&way=684352137#map=20/45.4416729/9.2266469"}}, {"type": "Feature", "geometry": {"type": "Point", "coordinates": [9.2269932, 45.4415211]}, "properties": {"id": 684352141, "feat_type": "way", "quality_categories": "missing_tags, older_than_five_years", "issue_ids": "[15, 2]", "osm_url": "https://www.openstreetmap.org/way/684352141", "josm_url": "http://127.0.0.1:8111/load_object?new_layer=false&objects=w684352141", "id_url": "https://www.openstreetmap.org/edit?editor=id&way=684352141#map=20/45.4415211/9.2269932"}}, {"type": "Feature", "geometry": {"type": "Point", "coordinates": [9.2264791, 45.4417628]}, "properties": {"id": 684352142, "feat_type": "way", "quality_categories": "missing_tags, older_than_five_years", "issue_ids": "[12, 2]", "osm_url": "https://www.openstreetmap.org/way/684352142", "josm_url": "http://127.0.0.1:8111/load_object?new_layer=false&objects=w684352142", "id_url": "https://www.openstreetmap.org/edit?editor=id&way=684352142#map=20/45.4417628/9.2264791"}}, {"type": "Feature", "geometry": {"type": "Point", "coordinates": [9.2249264, 45.44019]}, "properties": {"id": 684355017, "feat_type": "way", "quality_categories": "missing_tags, older_than_five_years", "issue_ids": "[12, 2]", "osm_url": "https://www.openstreetmap.org/way/684355017", "josm_url": "http://127.0.0.1:8111/load_object?new_layer=false&objects=w684355017", "id_url": "https://www.openstreetmap.org/edit?editor=id&way=684355017#map=20/45.44019/9.2249264"}}, {"type": "Feature", "geometry": {"type": "Point", "coordinates": [9.2213719, 45.4415795]}, "properties": {"id": 684586733, "feat_type": "way", "quality_categories": "missing_tags, older_than_five_years", "issue_ids": "[1, 2]", "osm_url": "https://www.openstreetmap.org/way/684586733", "josm_url": "http://127.0.0.1:8111/load_object?new_layer=false&objects=w684586733", "id_url": "https://www.openstreetmap.org/edit?editor=id&way=684586733#map=20/45.4415795/9.2213719"}}, {"type": "Feature", "geometry": {"type": "Point", "coordinates": [9.1695227, 45.4759616]}, "properties": {"id": 685236125, "feat_type": "way", "quality_categories": "missing_tags, older_than_five_years", "issue_ids": "[16, 2]", "osm_url": "https://www.openstreetmap.org/way/685236125", "josm_url": "http://127.0.0.1:8111/load_object?new_layer=false&objects=w685236125", "id_url": "https://www.openstreetmap.org/edit?editor=id&way=685236125#map=20/45.4759616/9.1695227"}}, {"type": "Feature", "geometry": {"type": "Point", "coordinates": [9.1851865, 45.480703]}, "properties": {"id": 685369265, "feat_type": "way", "quality_categories": "missing_tags, older_than_five_years", "issue_ids": "[17, 2]", "osm_url": "https://www.openstreetmap.org/way/685369265", "josm_url": "http://127.0.0.1:8111/load_object?new_layer=false&objects=w685369265", "id_url": "https://www.openstreetmap.org/edit?editor=id&way=685369265#map=20/45.480703/9.1851865"}}, {"type": "Feature", "geometry": {"type": "Point", "coordinates": [9.2271403, 45.4395521]}, "properties": {"id": 685430972, "feat_type": "way", "quality_categories": "missing_tags, older_than_five_years", "issue_ids": "[12, 2]", "osm_url": "https://www.openstreetmap.org/way/685430972", "josm_url": "http://127.0.0.1:8111/load_object?new_layer=false&objects=w685430972", "id_url": "https://www.openstreetmap.org/edit?editor=id&way=685430972#map=20/45.4395521/9.2271403"}}, {"type": "Feature", "geometry": {"type": "Point", "coordinates": [9.1726088, 45.4718829]}, "properties": {"id": 685622721, "feat_type": "way", "quality_categories": "older_than_five_years", "issue_ids": "[18]", "osm_url": "https://www.openstreetmap.org/way/685622721", "josm_url": "http://127.0.0.1:8111/load_object?new_layer=false&objects=w685622721", "id_url": "https://www.openstreetmap.org/edit?editor=id&way=685622721#map=20/45.4718829/9.1726088"}}, {"type": "Feature", "geometry": {"type": "Point", "coordinates": [9.1645256, 45.4653397]}, "properties": {"id": 686919526, "feat_type": "way", "quality_categories": "missing_tags, older_than_five_years", "issue_ids": "[19, 2]", "osm_url": "https://www.openstreetmap.org/way/686919526", "josm_url": "http://127.0.0.1:8111/load_object?new_layer=false&objects=w686919526", "id_url": "https://www.openstreetmap.org/edit?editor=id&way=686919526#map=20/45.4653397/9.1645256"}}, {"type": "Feature", "geometry": {"type": "Point", "coordinates": [9.1882497, 45.4743264]}, "properties": {"id": 691197646, "feat_type": "way", "quality_categories": "missing_tags, older_than_five_years", "issue_ids": "[20, 2]", "osm_url": "https://www.openstreetmap.org/way/691197646", "josm_url": "http://127.0.0.1:8111/load_object?new_layer=false&objects=w691197646", "id_url": "https://www.openstreetmap.org/edit?editor=id&way=691197646#map=20/45.4743264/9.1882497"}}, {"type": "Feature", "geometry": {"type": "Point", "coordinates": [9.1875931, 45.4515097]}, "properties": {"id": 696609838, "feat_type": "way", "quality_categories": "missing_tags, older_than_five_years", "issue_ids": "[21, 2]", "osm_url": "https://www.openstreetmap.org/way/696609838", "josm_url": "http://127.0.0.1:8111/load_object?new_layer=false&objects=w696609838", "id_url": "https://www.openstreetmap.org/edit?editor=id&way=696609838#map=20/45.4515097/9.1875931"}}, {"type": "Feature", "geometry": {"type": "Point", "coordinates": [9.1853687, 45.4752977]}, "properties": {"id": 749418737, "feat_type": "way", "quality_categories": "missing_tags, older_than_five_years", "issue_ids": "[22, 2]", "osm_url": "https://www.openstreetmap.org/way/749418737", "josm_url": "http://127.0.0.1:8111/load_object?new_layer=false&objects=w749418737", "id_url": "https://www.openstreetmap.org/edit?editor=id&way=749418737#map=20/45.4752977/9.1853687"}}, {"type": "Feature", "geometry": {"type": "Point", "coordinates": [9.1835513, 45.4708366]}, "properties": {"id": 749804646, "feat_type": "way", "quality_categories": "missing_tags, older_than_five_years", "issue_ids": "[23, 2]", "osm_url": "https://www.openstreetmap.org/way/749804646", "josm_url": "http://127.0.0.1:8111/load_object?new_layer=false&objects=w749804646", "id_url": "https://www.openstreetmap.org/edit?editor=id&way=749804646#map=20/45.4708366/9.1835513"}}, {"type": "Feature", "geometry": {"type": "Point", "coordinates": [9.1836837, 45.4704326]}, "properties": {"id": 749808212, "feat_type": "way", "quality_categories": "missing_tags, older_than_five_years", "issue_ids": "[23, 2]", "osm_url": "https://www.openstreetmap.org/way/749808212", "josm_url": "http://127.0.0.1:8111/load_object?new_layer=false&objects=w749808212", "id_url": "https://www.openstreetmap.org/edit?editor=id&way=749808212#map=20/45.4704326/9.1836837"}}, {"type": "Feature", "geometry": {"type": "Point", "coordinates": [9.1957289, 45.4705895]}, "properties": {"id": 750037329, "feat_type": "way", "quality_categories": "missing_tags, older_than_five_years", "issue_ids": "[24, 2]", "osm_url": "https://www.openstreetmap.org/way/750037329", "josm_url": "http://127.0.0.1:8111/load_object?new_layer=false&objects=w750037329", "id_url": "https://www.openstreetmap.org/edit?editor=id&way=750037329#map=20/45.4705895/9.1957289"}}, {"type": "Feature", "geometry": {"type": "Point", "coordinates": [9.2006959, 45.4720051]}, "properties": {"id": 750057088, "feat_type": "way", "quality_categories": "missing_tags, older_than_five_years", "issue_ids": "[24, 2]", "osm_url": "https://www.openstreetmap.org/way/750057088", "josm_url": "http://127.0.0.1:8111/load_object?new_layer=false&objects=w750057088", "id_url": "https://www.openstreetmap.org/edit?editor=id&way=750057088#map=20/45.4720051/9.2006959"}}, {"type": "Feature", "geometry": {"type": "Point", "coordinates": [9.1693786, 45.4600844]}, "properties": {"id": 750532279, "feat_type": "way", "quality_categories": "older_than_five_years", "issue_ids": "[25]", "osm_url": "https://www.openstreetmap.org/way/750532279", "josm_url": "http://127.0.0.1:8111/load_object?new_layer=false&objects=w750532279", "id_url": "https://www.openstreetmap.org/edit?editor=id&way=750532279#map=20/45.4600844/9.1693786"}}, {"type": "Feature", "geometry": {"type": "Point", "coordinates": [9.1840114, 45.4596032]}, "properties": {"id": 751646565, "feat_type": "way", "quality_categories": "missing_tags, older_than_five_years", "issue_ids": "[26, 2]", "osm_url": "https://www.openstreetmap.org/way/751646565", "josm_url": "http://127.0.0.1:8111/load_object?new_layer=false&objects=w751646565", "id_url": "https://www.openstreetmap.org/edit?editor=id&way=751646565#map=20/45.4596032/9.1840114"}}, {"type": "Feature", "geometry": {"type": "Point", "coordinates": [9.1856057, 45.4582277]}, "properties": {"id": 751904437, "feat_type": "way", "quality_categories": "missing_tags, older_than_five_years", "issue_ids": "[27, 2]", "osm_url": "https://www.openstreetmap.org/way/751904437", "josm_url": "http://127.0.0.1:8111/load_object?new_layer=false&objects=w751904437", "id_url": "https://www.openstreetmap.org/edit?editor=id&way=751904437#map=20/45.4582277/9.1856057"}}, {"type": "Feature", "geometry": {"type": "Point", "coordinates": [9.1853581, 45.4583366]}, "properties": {"id": 751904438, "feat_type": "way", "quality_categories": "missing_tags, older_than_five_years", "issue_ids": "[27, 2]", "osm_url": "https://www.openstreetmap.org/way/751904438", "josm_url": "http://127.0.0.1:8111/load_object?new_layer=false&objects=w751904438", "id_url": "https://www.openstreetmap.org/edit?editor=id&way=751904438#map=20/45.4583366/9.1853581"}}, {"type": "Feature", "geometry": {"type": "Point", "coordinates": [9.1879703, 45.4555011]}, "properties": {"id": 752185681, "feat_type": "way", "quality_categories": "missing_tags, older_than_five_years", "issue_ids": "[28, 2]", "osm_url": "https://www.openstreetmap.org/way/752185681", "josm_url": "http://127.0.0.1:8111/load_object?new_layer=false&objects=w752185681", "id_url": "https://www.openstreetmap.org/edit?editor=id&way=752185681#map=20/45.4555011/9.1879703"}}, {"type": "Feature", "geometry": {"type": "Point", "coordinates": [9.1895747, 45.4521548]}, "properties": {"id": 752284566, "feat_type": "way", "quality_categories": "missing_tags, older_than_five_years", "issue_ids": "[28, 2]", "osm_url": "https://www.openstreetmap.org/way/752284566", "josm_url": "http://127.0.0.1:8111/load_object?new_layer=false&objects=w752284566", "id_url": "https://www.openstreetmap.org/edit?editor=id&way=752284566#map=20/45.4521548/9.1895747"}}, {"type": "Feature", "geometry": {"type": "Point", "coordinates": [9.1704292, 45.4769875]}, "properties": {"id": 755856059, "feat_type": "way", "quality_categories": "missing_tags, older_than_five_years", "issue_ids": "[16, 2]", "osm_url": "https://www.openstreetmap.org/way/755856059", "josm_url": "http://127.0.0.1:8111/load_object?new_layer=false&objects=w755856059", "id_url": "https://www.openstreetmap.org/edit?editor=id&way=755856059#map=20/45.4769875/9.1704292"}}, {"type": "Feature", "geometry": {"type": "Point", "coordinates": [9.1693342, 45.4762626]}, "properties": {"id": 755862586, "feat_type": "way", "quality_categories": "missing_tags, older_than_five_years", "issue_ids": "[16, 2]", "osm_url": "https://www.openstreetmap.org/way/755862586", "josm_url": "http://127.0.0.1:8111/load_object?new_layer=false&objects=w755862586", "id_url": "https://www.openstreetmap.org/edit?editor=id&way=755862586#map=20/45.4762626/9.1693342"}}, {"type": "Feature", "geometry": {"type": "Point", "coordinates": [9.1710204, 45.4765299]}, "properties": {"id": 755862941, "feat_type": "way", "quality_categories": "older_than_five_years", "issue_ids": "[29]", "osm_url": "https://www.openstreetmap.org/way/755862941", "josm_url": "http://127.0.0.1:8111/load_object?new_layer=false&objects=w755862941", "id_url": "https://www.openstreetmap.org/edit?editor=id&way=755862941#map=20/45.4765299/9.1710204"}}, {"type": "Feature", "geometry": {"type": "Point", "coordinates": [9.1707376, 45.4771917]}, "properties": {"id": 755863532, "feat_type": "way", "quality_categories": "missing_tags, older_than_five_years", "issue_ids": "[16, 2]", "osm_url": "https://www.openstreetmap.org/way/755863532", "josm_url": "http://127.0.0.1:8111/load_object?new_layer=false&objects=w755863532", "id_url": "https://www.openstreetmap.org/edit?editor=id&way=755863532#map=20/45.4771917/9.1707376"}}, {"type": "Feature", "geometry": {"type": "Point", "coordinates": [9.1924194, 45.5095789]}, "properties": {"id": 831201759, "feat_type": "way", "quality_categories": "missing_tags, older_than_five_years", "issue_ids": "[30, 2]", "osm_url": "https://www.openstreetmap.org/way/831201759", "josm_url": "http://127.0.0.1:8111/load_object?new_layer=false&objects=w831201759", "id_url": "https://www.openstreetmap.org/edit?editor=id&way=831201759#map=20/45.5095789/9.1924194"}}, {"type": "Feature", "geometry": {"type": "Point", "coordinates": [9.1925621, 45.5094461]}, "properties": {"id": 831201760, "feat_type": "way", "quality_categories": "missing_tags, older_than_five_years", "issue_ids": "[30, 2]", "osm_url": "https://www.openstreetmap.org/way/831201760", "josm_url": "http://127.0.0.1:8111/load_object?new_layer=false&objects=w831201760", "id_url": "https://www.openstreetmap.org/edit?editor=id&way=831201760#map=20/45.5094461/9.1925621"}}, {"type": "Feature", "geometry": {"type": "Point", "coordinates": [9.1926434, 45.5096139]}, "properties": {"id": 831201761, "feat_type": "way", "quality_categories": "older_than_five_years", "issue_ids": "[30]", "osm_url": "https://www.openstreetmap.org/way/831201761", "josm_url": "http://127.0.0.1:8111/load_object?new_layer=false&objects=w831201761", "id_url": "https://www.openstreetmap.org/edit?editor=id&way=831201761#map=20/45.5096139/9.1926434"}}, {"type": "Feature", "geometry": {"type": "Point", "coordinates": [9.192042, 45.5086215]}, "properties": {"id": 831201769, "feat_type": "way", "quality_categories": "older_than_five_years", "issue_ids": "[31]", "osm_url": "https://www.openstreetmap.org/way/831201769", "josm_url": "http://127.0.0.1:8111/load_object?new_layer=false&objects=w831201769", "id_url": "https://www.openstreetmap.org/edit?editor=id&way=831201769#map=20/45.5086215/9.192042"}}, {"type": "Feature", "geometry": {"type": "Point", "coordinates": [9.1898006, 45.5088506]}, "properties": {"id": 831239997, "feat_type": "way", "quality_categories": "older_than_five_years", "issue_ids": "[31]", "osm_url": "https://www.openstreetmap.org/way/831239997", "josm_url": "http://127.0.0.1:8111/load_object?new_layer=false&objects=w831239997", "id_url": "https://www.openstreetmap.org/edit?editor=id&way=831239997#map=20/45.5088506/9.1898006"}}, {"type": "Feature", "geometry": {"type": "Point", "coordinates": [9.1898139, 45.5091481]}, "properties": {"id": 831240013, "feat_type": "way", "quality_categories": "older_than_five_years", "issue_ids": "[31]", "osm_url": "https://www.openstreetmap.org/way/831240013", "josm_url": "http://127.0.0.1:8111/load_object?new_layer=false&objects=w831240013", "id_url": "https://www.openstreetmap.org/edit?editor=id&way=831240013#map=20/45.5091481/9.1898139"}}, {"type": "Feature", "geometry": {"type": "Point", "coordinates": [9.1976748, 45.5058458]}, "properties": {"id": 857240484, "feat_type": "way", "quality_categories": "older_than_five_years", "issue_ids": "[32]", "osm_url": "https://www.openstreetmap.org/way/857240484", "josm_url": "http://127.0.0.1:8111/load_object?new_layer=false&objects=w857240484", "id_url": "https://www.openstreetmap.org/edit?editor=id&way=857240484#map=20/45.5058458/9.1976748"}}, {"type": "Feature", "geometry": {"type": "Point", "coordinates": [9.1996009, 45.505383]}, "properties": {"id": 857240486, "feat_type": "way", "quality_categories": "older_than_five_years", "issue_ids": "[33]", "osm_url": "https://www.openstreetmap.org/way/857240486", "josm_url": "http://127.0.0.1:8111/load_object?new_layer=false&objects=w857240486", "id_url": "https://www.openstreetmap.org/edit?editor=id&way=857240486#map=20/45.505383/9.1996009"}}, {"type": "Feature", "geometry": {"type": "Point", "coordinates": [9.1922097, 45.5055912]}, "properties": {"id": 858205393, "feat_type": "way", "quality_categories": "older_than_five_years", "issue_ids": "[32]", "osm_url": "https://www.openstreetmap.org/way/858205393", "josm_url": "http://127.0.0.1:8111/load_object?new_layer=false&objects=w858205393", "id_url": "https://www.openstreetmap.org/edit?editor=id&way=858205393#map=20/45.5055912/9.1922097"}}, {"type": "Feature", "geometry": {"type": "Point", "coordinates": [9.1909912, 45.505878]}, "properties": {"id": 858205394, "feat_type": "way", "quality_categories": "older_than_five_years", "issue_ids": "[34]", "osm_url": "https://www.openstreetmap.org/way/858205394", "josm_url": "http://127.0.0.1:8111/load_object?new_layer=false&objects=w858205394", "id_url": "https://www.openstreetmap.org/edit?editor=id&way=858205394#map=20/45.505878/9.1909912"}}, {"type": "Feature", "geometry": {"type": "Point", "coordinates": [9.1913348, 45.5066737]}, "properties": {"id": 858213752, "feat_type": "way", "quality_categories": "older_than_five_years", "issue_ids": "[34]", "osm_url": "https://www.openstreetmap.org/way/858213752", "josm_url": "http://127.0.0.1:8111/load_object?new_layer=false&objects=w858213752", "id_url": "https://www.openstreetmap.org/edit?editor=id&way=858213752#map=20/45.5066737/9.1913348"}}, {"type": "Feature", "geometry": {"type": "Point", "coordinates": [9.1912406, 45.5064792]}, "properties": {"id": 858213753, "feat_type": "way", "quality_categories": "older_than_five_years", "issue_ids": "[34]", "osm_url": "https://www.openstreetmap.org/way/858213753", "josm_url": "http://127.0.0.1:8111/load_object?new_layer=false&objects=w858213753", "id_url": "https://www.openstreetmap.org/edit?editor=id&way=858213753#map=20/45.5064792/9.1912406"}}, {"type": "Feature", "geometry": {"type": "Point", "coordinates": [9.194396, 45.5067194]}, "properties": {"id": 863800695, "feat_type": "way", "quality_categories": "older_than_five_years", "issue_ids": "[32]", "osm_url": "https://www.openstreetmap.org/way/863800695", "josm_url": "http://127.0.0.1:8111/load_object?new_layer=false&objects=w863800695", "id_url": "https://www.openstreetmap.org/edit?editor=id&way=863800695#map=20/45.5067194/9.194396"}}, {"type": "Feature", "geometry": {"type": "Point", "coordinates": [9.1940396, 45.50662]}, "properties": {"id": 864963490, "feat_type": "way", "quality_categories": "older_than_five_years", "issue_ids": "[32]", "osm_url": "https://www.openstreetmap.org/way/864963490", "josm_url": "http://127.0.0.1:8111/load_object?new_layer=false&objects=w864963490", "id_url": "https://www.openstreetmap.org/edit?editor=id&way=864963490#map=20/45.50662/9.1940396"}}, {"type": "Feature", "geometry": {"type": "Point", "coordinates": [9.194266, 45.5066713]}, "properties": {"id": 864963491, "feat_type": "way", "quality_categories": "older_than_five_years", "issue_ids": "[32]", "osm_url": "https://www.openstreetmap.org/way/864963491", "josm_url": "http://127.0.0.1:8111/load_object?new_layer=false&objects=w864963491", "id_url": "https://www.openstreetmap.org/edit?editor=id&way=864963491#map=20/45.5066713/9.194266"}}, {"type": "Feature", "geometry": {"type": "Point", "coordinates": [9.1958197, 45.5056954]}, "properties": {"id": 864967228, "feat_type": "way", "quality_categories": "older_than_five_years", "issue_ids": "[32]", "osm_url": "https://www.openstreetmap.org/way/864967228", "josm_url": "http://127.0.0.1:8111/load_object?new_layer=false&objects=w864967228", "id_url": "https://www.openstreetmap.org/edit?editor=id&way=864967228#map=20/45.5056954/9.1958197"}}, {"type": "Feature", "geometry": {"type": "Point", "coordinates": [9.195607, 45.5057467]}, "properties": {"id": 864967229, "feat_type": "way", "quality_categories": "older_than_five_years", "issue_ids": "[32]", "osm_url": "https://www.openstreetmap.org/way/864967229", "josm_url": "http://127.0.0.1:8111/load_object?new_layer=false&objects=w864967229", "id_url": "https://www.openstreetmap.org/edit?editor=id&way=864967229#map=20/45.5057467/9.195607"}}, {"type": "Feature", "geometry": {"type": "Point", "coordinates": [9.1957098, 45.5056688]}, "properties": {"id": 864967230, "feat_type": "way", "quality_categories": "older_than_five_years", "issue_ids": "[32]", "osm_url": "https://www.openstreetmap.org/way/864967230", "josm_url": "http://127.0.0.1:8111/load_object?new_layer=false&objects=w864967230", "id_url": "https://www.openstreetmap.org/edit?editor=id&way=864967230#map=20/45.5056688/9.1957098"}}, {"type": "Feature", "geometry": {"type": "Point", "coordinates": [9.1969411, 45.5050172]}, "properties": {"id": 864967241, "feat_type": "way", "quality_categories": "older_than_five_years", "issue_ids": "[32]", "osm_url": "https://www.openstreetmap.org/way/864967241", "josm_url": "http://127.0.0.1:8111/load_object?new_layer=false&objects=w864967241", "id_url": "https://www.openstreetmap.org/edit?editor=id&way=864967241#map=20/45.5050172/9.1969411"}}, {"type": "Feature", "geometry": {"type": "Point", "coordinates": [9.1934561, 45.5053727]}, "properties": {"id": 864977429, "feat_type": "way", "quality_categories": "older_than_five_years", "issue_ids": "[32]", "osm_url": "https://www.openstreetmap.org/way/864977429", "josm_url": "http://127.0.0.1:8111/load_object?new_layer=false&objects=w864977429", "id_url": "https://www.openstreetmap.org/edit?editor=id&way=864977429#map=20/45.5053727/9.1934561"}}, {"type": "Feature", "geometry": {"type": "Point", "coordinates": [9.1935734, 45.5057893]}, "properties": {"id": 864977434, "feat_type": "way", "quality_categories": "older_than_five_years", "issue_ids": "[32]", "osm_url": "https://www.openstreetmap.org/way/864977434", "josm_url": "http://127.0.0.1:8111/load_object?new_layer=false&objects=w864977434", "id_url": "https://www.openstreetmap.org/edit?editor=id&way=864977434#map=20/45.5057893/9.1935734"}}, {"type": "Feature", "geometry": {"type": "Point", "coordinates": [9.1937811, 45.5062013]}, "properties": {"id": 864977437, "feat_type": "way", "quality_categories": "older_than_five_years", "issue_ids": "[32]", "osm_url": "https://www.openstreetmap.org/way/864977437", "josm_url": "http://127.0.0.1:8111/load_object?new_layer=false&objects=w864977437", "id_url": "https://www.openstreetmap.org/edit?editor=id&way=864977437#map=20/45.5062013/9.1937811"}}, {"type": "Feature", "geometry": {"type": "Point", "coordinates": [9.1966836, 45.5045294]}, "properties": {"id": 865035309, "feat_type": "way", "quality_categories": "older_than_five_years", "issue_ids": "[35]", "osm_url": "https://www.openstreetmap.org/way/865035309", "josm_url": "http://127.0.0.1:8111/load_object?new_layer=false&objects=w865035309", "id_url": "https://www.openstreetmap.org/edit?editor=id&way=865035309#map=20/45.5045294/9.1966836"}}, {"type": "Feature", "geometry": {"type": "Point", "coordinates": [9.194844, 45.504905]}, "properties": {"id": 865035311, "feat_type": "way", "quality_categories": "older_than_five_years", "issue_ids": "[32]", "osm_url": "https://www.openstreetmap.org/way/865035311", "josm_url": "http://127.0.0.1:8111/load_object?new_layer=false&objects=w865035311", "id_url": "https://www.openstreetmap.org/edit?editor=id&way=865035311#map=20/45.504905/9.194844"}}, {"type": "Feature", "geometry": {"type": "Point", "coordinates": [9.1934879, 45.5052913]}, "properties": {"id": 865035312, "feat_type": "way", "quality_categories": "older_than_five_years", "issue_ids": "[32]", "osm_url": "https://www.openstreetmap.org/way/865035312", "josm_url": "http://127.0.0.1:8111/load_object?new_layer=false&objects=w865035312", "id_url": "https://www.openstreetmap.org/edit?editor=id&way=865035312#map=20/45.5052913/9.1934879"}}, {"type": "Feature", "geometry": {"type": "Point", "coordinates": [9.1970811, 45.5050345]}, "properties": {"id": 865041074, "feat_type": "way", "quality_categories": "older_than_five_years", "issue_ids": "[32]", "osm_url": "https://www.openstreetmap.org/way/865041074", "josm_url": "http://127.0.0.1:8111/load_object?new_layer=false&objects=w865041074", "id_url": "https://www.openstreetmap.org/edit?editor=id&way=865041074#map=20/45.5050345/9.1970811"}}, {"type": "Feature", "geometry": {"type": "Point", "coordinates": [9.1970275, 45.5049338]}, "properties": {"id": 865041075, "feat_type": "way", "quality_categories": "older_than_five_years", "issue_ids": "[32]", "osm_url": "https://www.openstreetmap.org/way/865041075", "josm_url": "http://127.0.0.1:8111/load_object?new_layer=false&objects=w865041075", "id_url": "https://www.openstreetmap.org/edit?editor=id&way=865041075#map=20/45.5049338/9.1970275"}}, {"type": "Feature", "geometry": {"type": "Point", "coordinates": [9.196394, 45.5040097]}, "properties": {"id": 865041080, "feat_type": "way", "quality_categories": "older_than_five_years", "issue_ids": "[36]", "osm_url": "https://www.openstreetmap.org/way/865041080", "josm_url": "http://127.0.0.1:8111/load_object?new_layer=false&objects=w865041080", "id_url": "https://www.openstreetmap.org/edit?editor=id&way=865041080#map=20/45.5040097/9.196394"}}, {"type": "Feature", "geometry": {"type": "Point", "coordinates": [9.1996295, 45.5040145]}, "properties": {"id": 865055556, "feat_type": "way", "quality_categories": "older_than_five_years", "issue_ids": "[37]", "osm_url": "https://www.openstreetmap.org/way/865055556", "josm_url": "http://127.0.0.1:8111/load_object?new_layer=false&objects=w865055556", "id_url": "https://www.openstreetmap.org/edit?editor=id&way=865055556#map=20/45.5040145/9.1996295"}}, {"type": "Feature", "geometry": {"type": "Point", "coordinates": [9.201367, 45.5069478]}, "properties": {"id": 865059592, "feat_type": "way", "quality_categories": "older_than_five_years", "issue_ids": "[37]", "osm_url": "https://www.openstreetmap.org/way/865059592", "josm_url": "http://127.0.0.1:8111/load_object?new_layer=false&objects=w865059592", "id_url": "https://www.openstreetmap.org/edit?editor=id&way=865059592#map=20/45.5069478/9.201367"}}, {"type": "Feature", "geometry": {"type": "Point", "coordinates": [9.185137, 45.5052551]}, "properties": {"id": 865396401, "feat_type": "way", "quality_categories": "older_than_five_years", "issue_ids": "[38]", "osm_url": "https://www.openstreetmap.org/way/865396401", "josm_url": "http://127.0.0.1:8111/load_object?new_layer=false&objects=w865396401", "id_url": "https://www.openstreetmap.org/edit?editor=id&way=865396401#map=20/45.5052551/9.185137"}}, {"type": "Feature", "geometry": {"type": "Point", "coordinates": [9.1886291, 45.4969637]}, "properties": {"id": 867130327, "feat_type": "way", "quality_categories": "older_than_five_years", "issue_ids": "[39]", "osm_url": "https://www.openstreetmap.org/way/867130327", "josm_url": "http://127.0.0.1:8111/load_object?new_layer=false&objects=w867130327", "id_url": "https://www.openstreetmap.org/edit?editor=id&way=867130327#map=20/45.4969637/9.1886291"}}, {"type": "Feature", "geometry": {"type": "Point", "coordinates": [9.1860339, 45.5050731]}, "properties": {"id": 867324919, "feat_type": "way", "quality_categories": "older_than_five_years", "issue_ids": "[40]", "osm_url": "https://www.openstreetmap.org/way/867324919", "josm_url": "http://127.0.0.1:8111/load_object?new_layer=false&objects=w867324919", "id_url": "https://www.openstreetmap.org/edit?editor=id&way=867324919#map=20/45.5050731/9.1860339"}}, {"type": "Feature", "geometry": {"type": "Point", "coordinates": [9.1848506, 45.5052308]}, "properties": {"id": 867507768, "feat_type": "way", "quality_categories": "older_than_five_years", "issue_ids": "[41]", "osm_url": "https://www.openstreetmap.org/way/867507768", "josm_url": "http://127.0.0.1:8111/load_object?new_layer=false&objects=w867507768", "id_url": "https://www.openstreetmap.org/edit?editor=id&way=867507768#map=20/45.5052308/9.1848506"}}, {"type": "Feature", "geometry": {"type": "Point", "coordinates": [9.1850014, 45.5052002]}, "properties": {"id": 867507769, "feat_type": "way", "quality_categories": "older_than_five_years", "issue_ids": "[41]", "osm_url": "https://www.openstreetmap.org/way/867507769", "josm_url": "http://127.0.0.1:8111/load_object?new_layer=false&objects=w867507769", "id_url": "https://www.openstreetmap.org/edit?editor=id&way=867507769#map=20/45.5052002/9.1850014"}}, {"type": "Feature", "geometry": {"type": "Point", "coordinates": [9.1803402, 45.5041877]}, "properties": {"id": 867641786, "feat_type": "way", "quality_categories": "older_than_five_years", "issue_ids": "[42]", "osm_url": "https://www.openstreetmap.org/way/867641786", "josm_url": "http://127.0.0.1:8111/load_object?new_layer=false&objects=w867641786", "id_url": "https://www.openstreetmap.org/edit?editor=id&way=867641786#map=20/45.5041877/9.1803402"}}, {"type": "Feature", "geometry": {"type": "Point", "coordinates": [9.1833982, 45.5052098]}, "properties": {"id": 867641788, "feat_type": "way", "quality_categories": "older_than_five_years", "issue_ids": "[42]", "osm_url": "https://www.openstreetmap.org/way/867641788", "josm_url": "http://127.0.0.1:8111/load_object?new_layer=false&objects=w867641788", "id_url": "https://www.openstreetmap.org/edit?editor=id&way=867641788#map=20/45.5052098/9.1833982"}}, {"type": "Feature", "geometry": {"type": "Point", "coordinates": [9.1905376, 45.4930276]}, "properties": {"id": 867839248, "feat_type": "way", "quality_categories": "older_than_five_years", "issue_ids": "[43]", "osm_url": "https://www.openstreetmap.org/way/867839248", "josm_url": "http://127.0.0.1:8111/load_object?new_layer=false&objects=w867839248", "id_url": "https://www.openstreetmap.org/edit?editor=id&way=867839248#map=20/45.4930276/9.1905376"}}, {"type": "Feature", "geometry": {"type": "Point", "coordinates": [9.190691, 45.4933123]}, "properties": {"id": 870547846, "feat_type": "way", "quality_categories": "older_than_five_years", "issue_ids": "[43]", "osm_url": "https://www.openstreetmap.org/way/870547846", "josm_url": "http://127.0.0.1:8111/load_object?new_layer=false&objects=w870547846", "id_url": "https://www.openstreetmap.org/edit?editor=id&way=870547846#map=20/45.4933123/9.190691"}}, {"type": "Feature", "geometry": {"type": "Point", "coordinates": [9.1835999, 45.5027962]}, "properties": {"id": 871577778, "feat_type": "way", "quality_categories": "older_than_five_years", "issue_ids": "[44]", "osm_url": "https://www.openstreetmap.org/way/871577778", "josm_url": "http://127.0.0.1:8111/load_object?new_layer=false&objects=w871577778", "id_url": "https://www.openstreetmap.org/edit?editor=id&way=871577778#map=20/45.5027962/9.1835999"}}, {"type": "Feature", "geometry": {"type": "Point", "coordinates": [9.1826518, 45.5027012]}, "properties": {"id": 871577780, "feat_type": "way", "quality_categories": "older_than_five_years", "issue_ids": "[44]", "osm_url": "https://www.openstreetmap.org/way/871577780", "josm_url": "http://127.0.0.1:8111/load_object?new_layer=false&objects=w871577780", "id_url": "https://www.openstreetmap.org/edit?editor=id&way=871577780#map=20/45.5027012/9.1826518"}}, {"type": "Feature", "geometry": {"type": "Point", "coordinates": [9.1817098, 45.502607]}, "properties": {"id": 871577786, "feat_type": "way", "quality_categories": "older_than_five_years", "issue_ids": "[42]", "osm_url": "https://www.openstreetmap.org/way/871577786", "josm_url": "http://127.0.0.1:8111/load_object?new_layer=false&objects=w871577786", "id_url": "https://www.openstreetmap.org/edit?editor=id&way=871577786#map=20/45.502607/9.1817098"}}, {"type": "Feature", "geometry": {"type": "Point", "coordinates": [9.190517, 45.4932746]}, "properties": {"id": 871657855, "feat_type": "way", "quality_categories": "older_than_five_years", "issue_ids": "[5]", "osm_url": "https://www.openstreetmap.org/way/871657855", "josm_url": "http://127.0.0.1:8111/load_object?new_layer=false&objects=w871657855", "id_url": "https://www.openstreetmap.org/edit?editor=id&way=871657855#map=20/45.4932746/9.190517"}}, {"type": "Feature", "geometry": {"type": "Point", "coordinates": [9.19138, 45.4946217]}, "properties": {"id": 871664399, "feat_type": "way", "quality_categories": "older_than_five_years", "issue_ids": "[43]", "osm_url": "https://www.openstreetmap.org/way/871664399", "josm_url": "http://127.0.0.1:8111/load_object?new_layer=false&objects=w871664399", "id_url": "https://www.openstreetmap.org/edit?editor=id&way=871664399#map=20/45.4946217/9.19138"}}, {"type": "Feature", "geometry": {"type": "Point", "coordinates": [9.1914628, 45.4947849]}, "properties": {"id": 871664400, "feat_type": "way", "quality_categories": "older_than_five_years", "issue_ids": "[45]", "osm_url": "https://www.openstreetmap.org/way/871664400", "josm_url": "http://127.0.0.1:8111/load_object?new_layer=false&objects=w871664400", "id_url": "https://www.openstreetmap.org/edit?editor=id&way=871664400#map=20/45.4947849/9.1914628"}}, {"type": "Feature", "geometry": {"type": "Point", "coordinates": [9.1908793, 45.4934675]}, "properties": {"id": 871664401, "feat_type": "way", "quality_categories": "older_than_five_years", "issue_ids": "[45]", "osm_url": "https://www.openstreetmap.org/way/871664401", "josm_url": "http://127.0.0.1:8111/load_object?new_layer=false&objects=w871664401", "id_url": "https://www.openstreetmap.org/edit?editor=id&way=871664401#map=20/45.4934675/9.1908793"}}, {"type": "Feature", "geometry": {"type": "Point", "coordinates": [9.1913095, 45.4947314]}, "properties": {"id": 871664402, "feat_type": "way", "quality_categories": "older_than_five_years", "issue_ids": "[45]", "osm_url": "https://www.openstreetmap.org/way/871664402", "josm_url": "http://127.0.0.1:8111/load_object?new_layer=false&objects=w871664402", "id_url": "https://www.openstreetmap.org/edit?editor=id&way=871664402#map=20/45.4947314/9.1913095"}}, {"type": "Feature", "geometry": {"type": "Point", "coordinates": [9.1827415, 45.5012227]}, "properties": {"id": 871835341, "feat_type": "way", "quality_categories": "older_than_five_years", "issue_ids": "[44]", "osm_url": "https://www.openstreetmap.org/way/871835341", "josm_url": "http://127.0.0.1:8111/load_object?new_layer=false&objects=w871835341", "id_url": "https://www.openstreetmap.org/edit?editor=id&way=871835341#map=20/45.5012227/9.1827415"}}, {"type": "Feature", "geometry": {"type": "Point", "coordinates": [9.1844402, 45.5015628]}, "properties": {"id": 871837831, "feat_type": "way", "quality_categories": "older_than_five_years", "issue_ids": "[46]", "osm_url": "https://www.openstreetmap.org/way/871837831", "josm_url": "http://127.0.0.1:8111/load_object?new_layer=false&objects=w871837831", "id_url": "https://www.openstreetmap.org/edit?editor=id&way=871837831#map=20/45.5015628/9.1844402"}}, {"type": "Feature", "geometry": {"type": "Point", "coordinates": [9.183979, 45.5014726]}, "properties": {"id": 871837833, "feat_type": "way", "quality_categories": "older_than_five_years", "issue_ids": "[44]", "osm_url": "https://www.openstreetmap.org/way/871837833", "josm_url": "http://127.0.0.1:8111/load_object?new_layer=false&objects=w871837833", "id_url": "https://www.openstreetmap.org/edit?editor=id&way=871837833#map=20/45.5014726/9.183979"}}, {"type": "Feature", "geometry": {"type": "Point", "coordinates": [9.1835138, 45.5013799]}, "properties": {"id": 871837834, "feat_type": "way", "quality_categories": "older_than_five_years", "issue_ids": "[44]", "osm_url": "https://www.openstreetmap.org/way/871837834", "josm_url": "http://127.0.0.1:8111/load_object?new_layer=false&objects=w871837834", "id_url": "https://www.openstreetmap.org/edit?editor=id&way=871837834#map=20/45.5013799/9.1835138"}}, {"type": "Feature", "geometry": {"type": "Point", "coordinates": [9.1837547, 45.4996698]}, "properties": {"id": 871843464, "feat_type": "way", "quality_categories": "older_than_five_years", "issue_ids": "[46]", "osm_url": "https://www.openstreetmap.org/way/871843464", "josm_url": "http://127.0.0.1:8111/load_object?new_layer=false&objects=w871843464", "id_url": "https://www.openstreetmap.org/edit?editor=id&way=871843464#map=20/45.4996698/9.1837547"}}, {"type": "Feature", "geometry": {"type": "Point", "coordinates": [9.1847892, 45.4999272]}, "properties": {"id": 871843467, "feat_type": "way", "quality_categories": "older_than_five_years", "issue_ids": "[47]", "osm_url": "https://www.openstreetmap.org/way/871843467", "josm_url": "http://127.0.0.1:8111/load_object?new_layer=false&objects=w871843467", "id_url": "https://www.openstreetmap.org/edit?editor=id&way=871843467#map=20/45.4999272/9.1847892"}}, {"type": "Feature", "geometry": {"type": "Point", "coordinates": [9.1845017, 45.4986077]}, "properties": {"id": 871845224, "feat_type": "way", "quality_categories": "older_than_five_years", "issue_ids": "[46]", "osm_url": "https://www.openstreetmap.org/way/871845224", "josm_url": "http://127.0.0.1:8111/load_object?new_layer=false&objects=w871845224", "id_url": "https://www.openstreetmap.org/edit?editor=id&way=871845224#map=20/45.4986077/9.1845017"}}, {"type": "Feature", "geometry": {"type": "Point", "coordinates": [9.1871794, 45.501498]}, "properties": {"id": 871898366, "feat_type": "way", "quality_categories": "older_than_five_years", "issue_ids": "[47]", "osm_url": "https://www.openstreetmap.org/way/871898366", "josm_url": "http://127.0.0.1:8111/load_object?new_layer=false&objects=w871898366", "id_url": "https://www.openstreetmap.org/edit?editor=id&way=871898366#map=20/45.501498/9.1871794"}}, {"type": "Feature", "geometry": {"type": "Point", "coordinates": [9.1907807, 45.4932038]}, "properties": {"id": 871935243, "feat_type": "way", "quality_categories": "older_than_five_years", "issue_ids": "[43]", "osm_url": "https://www.openstreetmap.org/way/871935243", "josm_url": "http://127.0.0.1:8111/load_object?new_layer=false&objects=w871935243", "id_url": "https://www.openstreetmap.org/edit?editor=id&way=871935243#map=20/45.4932038/9.1907807"}}, {"type": "Feature", "geometry": {"type": "Point", "coordinates": [9.1907049, 45.4930506]}, "properties": {"id": 871935244, "feat_type": "way", "quality_categories": "older_than_five_years", "issue_ids": "[43]", "osm_url": "https://www.openstreetmap.org/way/871935244", "josm_url": "http://127.0.0.1:8111/load_object?new_layer=false&objects=w871935244", "id_url": "https://www.openstreetmap.org/edit?editor=id&way=871935244#map=20/45.4930506/9.1907049"}}, {"type": "Feature", "geometry": {"type": "Point", "coordinates": [9.1843315, 45.4986558]}, "properties": {"id": 872309217, "feat_type": "way", "quality_categories": "older_than_five_years", "issue_ids": "[46]", "osm_url": "https://www.openstreetmap.org/way/872309217", "josm_url": "http://127.0.0.1:8111/load_object?new_layer=false&objects=w872309217", "id_url": "https://www.openstreetmap.org/edit?editor=id&way=872309217#map=20/45.4986558/9.1843315"}}, {"type": "Feature", "geometry": {"type": "Point", "coordinates": [9.1836057, 45.4995594]}, "properties": {"id": 872329348, "feat_type": "way", "quality_categories": "older_than_five_years", "issue_ids": "[48]", "osm_url": "https://www.openstreetmap.org/way/872329348", "josm_url": "http://127.0.0.1:8111/load_object?new_layer=false&objects=w872329348", "id_url": "https://www.openstreetmap.org/edit?editor=id&way=872329348#map=20/45.4995594/9.1836057"}}, {"type": "Feature", "geometry": {"type": "Point", "coordinates": [9.1827818, 45.5005998]}, "properties": {"id": 872329350, "feat_type": "way", "quality_categories": "older_than_five_years", "issue_ids": "[48]", "osm_url": "https://www.openstreetmap.org/way/872329350", "josm_url": "http://127.0.0.1:8111/load_object?new_layer=false&objects=w872329350", "id_url": "https://www.openstreetmap.org/edit?editor=id&way=872329350#map=20/45.5005998/9.1827818"}}, {"type": "Feature", "geometry": {"type": "Point", "coordinates": [9.183597, 45.4997072]}, "properties": {"id": 872329351, "feat_type": "way", "quality_categories": "older_than_five_years", "issue_ids": "[46]", "osm_url": "https://www.openstreetmap.org/way/872329351", "josm_url": "http://127.0.0.1:8111/load_object?new_layer=false&objects=w872329351", "id_url": "https://www.openstreetmap.org/edit?editor=id&way=872329351#map=20/45.4997072/9.183597"}}, {"type": "Feature", "geometry": {"type": "Point", "coordinates": [9.1874402, 45.4993363]}, "properties": {"id": 873063612, "feat_type": "way", "quality_categories": "older_than_five_years", "issue_ids": "[49]", "osm_url": "https://www.openstreetmap.org/way/873063612", "josm_url": "http://127.0.0.1:8111/load_object?new_layer=false&objects=w873063612", "id_url": "https://www.openstreetmap.org/edit?editor=id&way=873063612#map=20/45.4993363/9.1874402"}}, {"type": "Feature", "geometry": {"type": "Point", "coordinates": [9.1872945, 45.4993645]}, "properties": {"id": 873063615, "feat_type": "way", "quality_categories": "older_than_five_years", "issue_ids": "[49]", "osm_url": "https://www.openstreetmap.org/way/873063615", "josm_url": "http://127.0.0.1:8111/load_object?new_layer=false&objects=w873063615", "id_url": "https://www.openstreetmap.org/edit?editor=id&way=873063615#map=20/45.4993645/9.1872945"}}, {"type": "Feature", "geometry": {"type": "Point", "coordinates": [9.1875008, 45.4992821]}, "properties": {"id": 873063616, "feat_type": "way", "quality_categories": "improper_keys, older_than_five_years", "issue_ids": "[50, 48]", "osm_url": "https://www.openstreetmap.org/way/873063616", "josm_url": "http://127.0.0.1:8111/load_object?new_layer=false&objects=w873063616", "id_url": "https://www.openstreetmap.org/edit?editor=id&way=873063616#map=20/45.4992821/9.1875008"}}, {"type": "Feature", "geometry": {"type": "Point", "coordinates": [9.1875396, 45.4993732]}, "properties": {"id": 873072913, "feat_type": "way", "quality_categories": "improper_keys, older_than_five_years", "issue_ids": "[50, 48]", "osm_url": "https://www.openstreetmap.org/way/873072913", "josm_url": "http://127.0.0.1:8111/load_object?new_layer=false&objects=w873072913", "id_url": "https://www.openstreetmap.org/edit?editor=id&way=873072913#map=20/45.4993732/9.1875396"}}, {"type": "Feature", "geometry": {"type": "Point", "coordinates": [9.1902186, 45.4950307]}, "properties": {"id": 873275511, "feat_type": "way", "quality_categories": "older_than_five_years", "issue_ids": "[45]", "osm_url": "https://www.openstreetmap.org/way/873275511", "josm_url": "http://127.0.0.1:8111/load_object?new_layer=false&objects=w873275511", "id_url": "https://www.openstreetmap.org/edit?editor=id&way=873275511#map=20/45.4950307/9.1902186"}}, {"type": "Feature", "geometry": {"type": "Point", "coordinates": [9.1901579, 45.4951392]}, "properties": {"id": 873275512, "feat_type": "way", "quality_categories": "older_than_five_years", "issue_ids": "[45]", "osm_url": "https://www.openstreetmap.org/way/873275512", "josm_url": "http://127.0.0.1:8111/load_object?new_layer=false&objects=w873275512", "id_url": "https://www.openstreetmap.org/edit?editor=id&way=873275512#map=20/45.4951392/9.1901579"}}, {"type": "Feature", "geometry": {"type": "Point", "coordinates": [9.1897485, 45.5020421]}, "properties": {"id": 874432336, "feat_type": "way", "quality_categories": "older_than_five_years", "issue_ids": "[49]", "osm_url": "https://www.openstreetmap.org/way/874432336", "josm_url": "http://127.0.0.1:8111/load_object?new_layer=false&objects=w874432336", "id_url": "https://www.openstreetmap.org/edit?editor=id&way=874432336#map=20/45.5020421/9.1897485"}}, {"type": "Feature", "geometry": {"type": "Point", "coordinates": [9.1896074, 45.5020684]}, "properties": {"id": 874432341, "feat_type": "way", "quality_categories": "older_than_five_years", "issue_ids": "[49]", "osm_url": "https://www.openstreetmap.org/way/874432341", "josm_url": "http://127.0.0.1:8111/load_object?new_layer=false&objects=w874432341", "id_url": "https://www.openstreetmap.org/edit?editor=id&way=874432341#map=20/45.5020684/9.1896074"}}, {"type": "Feature", "geometry": {"type": "Point", "coordinates": [9.1900431, 45.5015908]}, "properties": {"id": 874656887, "feat_type": "way", "quality_categories": "older_than_five_years", "issue_ids": "[0]", "osm_url": "https://www.openstreetmap.org/way/874656887", "josm_url": "http://127.0.0.1:8111/load_object?new_layer=false&objects=w874656887", "id_url": "https://www.openstreetmap.org/edit?editor=id&way=874656887#map=20/45.5015908/9.1900431"}}, {"type": "Feature", "geometry": {"type": "Point", "coordinates": [9.1898121, 45.5021331]}, "properties": {"id": 874656889, "feat_type": "way", "quality_categories": "older_than_five_years", "issue_ids": "[0]", "osm_url": "https://www.openstreetmap.org/way/874656889", "josm_url": "http://127.0.0.1:8111/load_object?new_layer=false&objects=w874656889", "id_url": "https://www.openstreetmap.org/edit?editor=id&way=874656889#map=20/45.5021331/9.1898121"}}, {"type": "Feature", "geometry": {"type": "Point", "coordinates": [9.1910827, 45.498808]}, "properties": {"id": 874777995, "feat_type": "way", "quality_categories": "older_than_five_years", "issue_ids": "[0]", "osm_url": "https://www.openstreetmap.org/way/874777995", "josm_url": "http://127.0.0.1:8111/load_object?new_layer=false&objects=w874777995", "id_url": "https://www.openstreetmap.org/edit?editor=id&way=874777995#map=20/45.498808/9.1910827"}}, {"type": "Feature", "geometry": {"type": "Point", "coordinates": [9.1909083, 45.4992427]}, "properties": {"id": 874777997, "feat_type": "way", "quality_categories": "older_than_five_years", "issue_ids": "[0]", "osm_url": "https://www.openstreetmap.org/way/874777997", "josm_url": "http://127.0.0.1:8111/load_object?new_layer=false&objects=w874777997", "id_url": "https://www.openstreetmap.org/edit?editor=id&way=874777997#map=20/45.4992427/9.1909083"}}, {"type": "Feature", "geometry": {"type": "Point", "coordinates": [9.1913366, 45.4990925]}, "properties": {"id": 874778000, "feat_type": "way", "quality_categories": "older_than_five_years", "issue_ids": "[51]", "osm_url": "https://www.openstreetmap.org/way/874778000", "josm_url": "http://127.0.0.1:8111/load_object?new_layer=false&objects=w874778000", "id_url": "https://www.openstreetmap.org/edit?editor=id&way=874778000#map=20/45.4990925/9.1913366"}}, {"type": "Feature", "geometry": {"type": "Point", "coordinates": [9.1903397, 45.5009361]}, "properties": {"id": 874778007, "feat_type": "way", "quality_categories": "older_than_five_years", "issue_ids": "[52]", "osm_url": "https://www.openstreetmap.org/way/874778007", "josm_url": "http://127.0.0.1:8111/load_object?new_layer=false&objects=w874778007", "id_url": "https://www.openstreetmap.org/edit?editor=id&way=874778007#map=20/45.5009361/9.1903397"}}, {"type": "Feature", "geometry": {"type": "Point", "coordinates": [9.2082821, 45.509993]}, "properties": {"id": 884817788, "feat_type": "way", "quality_categories": "older_than_five_years", "issue_ids": "[53]", "osm_url": "https://www.openstreetmap.org/way/884817788", "josm_url": "http://127.0.0.1:8111/load_object?new_layer=false&objects=w884817788", "id_url": "https://www.openstreetmap.org/edit?editor=id&way=884817788#map=20/45.509993/9.2082821"}}, {"type": "Feature", "geometry": {"type": "Point", "coordinates": [9.1804052, 45.5044056]}, "properties": {"id": 894864380, "feat_type": "way", "quality_categories": "older_than_five_years", "issue_ids": "[42]", "osm_url": "https://www.openstreetmap.org/way/894864380", "josm_url": "http://127.0.0.1:8111/load_object?new_layer=false&objects=w894864380", "id_url": "https://www.openstreetmap.org/edit?editor=id&way=894864380#map=20/45.5044056/9.1804052"}}, {"type": "Feature", "geometry": {"type": "Point", "coordinates": [9.1816117, 45.5047715]}, "properties": {"id": 894869642, "feat_type": "way", "quality_categories": "older_than_five_years", "issue_ids": "[42]", "osm_url": "https://www.openstreetmap.org/way/894869642", "josm_url": "http://127.0.0.1:8111/load_object?new_layer=false&objects=w894869642", "id_url": "https://www.openstreetmap.org/edit?editor=id&way=894869642#map=20/45.5047715/9.1816117"}}, {"type": "Feature", "geometry": {"type": "Point", "coordinates": [9.1827879, 45.5050074]}, "properties": {"id": 894869643, "feat_type": "way", "quality_categories": "older_than_five_years", "issue_ids": "[42]", "osm_url": "https://www.openstreetmap.org/way/894869643", "josm_url": "http://127.0.0.1:8111/load_object?new_layer=false&objects=w894869643", "id_url": "https://www.openstreetmap.org/edit?editor=id&way=894869643#map=20/45.5050074/9.1827879"}}, {"type": "Feature", "geometry": {"type": "Point", "coordinates": [9.1835106, 45.5051512]}, "properties": {"id": 894871945, "feat_type": "way", "quality_categories": "older_than_five_years", "issue_ids": "[42]", "osm_url": "https://www.openstreetmap.org/way/894871945", "josm_url": "http://127.0.0.1:8111/load_object?new_layer=false&objects=w894871945", "id_url": "https://www.openstreetmap.org/edit?editor=id&way=894871945#map=20/45.5051512/9.1835106"}}, {"type": "Feature", "geometry": {"type": "Point", "coordinates": [9.1926241, 45.4958889]}, "properties": {"id": 900803743, "feat_type": "way", "quality_categories": "crossings_lacking_kerbs, older_than_five_years", "issue_ids": "[41, 54]", "osm_url": "https://www.openstreetmap.org/way/900803743", "josm_url": "http://127.0.0.1:8111/load_object?new_layer=false&objects=w900803743", "id_url": "https://www.openstreetmap.org/edit?editor=id&way=900803743#map=20/45.4958889/9.1926241"}}, {"type": "Feature", "geometry": {"type": "Point", "coordinates": [9.1947268, 45.5066524]}, "properties": {"id": 903711299, "feat_type": "way", "quality_categories": "older_than_five_years", "issue_ids": "[32]", "osm_url": "https://www.openstreetmap.org/way/903711299", "josm_url": "http://127.0.0.1:8111/load_object?new_layer=false&objects=w903711299", "id_url": "https://www.openstreetmap.org/edit?editor=id&way=903711299#map=20/45.5066524/9.1947268"}}, {"type": "Feature", "geometry": {"type": "Point", "coordinates": [9.2192425, 45.43774]}, "properties": {"id": 905771535, "feat_type": "way", "quality_categories": "missing_tags, older_than_five_years", "issue_ids": "[13, 2]", "osm_url": "https://www.openstreetmap.org/way/905771535", "josm_url": "http://127.0.0.1:8111/load_object?new_layer=false&objects=w905771535", "id_url": "https://www.openstreetmap.org/edit?editor=id&way=905771535#map=20/45.43774/9.2192425"}}, {"type": "Feature", "geometry": {"type": "Point", "coordinates": [9.164022, 45.5041606]}, "properties": {"id": 912735146, "feat_type": "way", "quality_categories": "missing_tags, older_than_five_years", "issue_ids": "[3, 2]", "osm_url": "https://www.openstreetmap.org/way/912735146", "josm_url": "http://127.0.0.1:8111/load_object?new_layer=false&objects=w912735146", "id_url": "https://www.openstreetmap.org/edit?editor=id&way=912735146#map=20/45.5041606/9.164022"}}, {"type": "Feature", "geometry": {"type": "Point", "coordinates": [9.1602724, 45.5050489]}, "properties": {"id": 912895880, "feat_type": "way", "quality_categories": "older_than_five_years", "issue_ids": "[55]", "osm_url": "https://www.openstreetmap.org/way/912895880", "josm_url": "http://127.0.0.1:8111/load_object?new_layer=false&objects=w912895880", "id_url": "https://www.openstreetmap.org/edit?editor=id&way=912895880#map=20/45.5050489/9.1602724"}}, {"type": "Feature", "geometry": {"type": "Point", "coordinates": [9.1601734, 45.5050787]}, "properties": {"id": 912895881, "feat_type": "way", "quality_categories": "missing_tags, older_than_five_years", "issue_ids": "[3, 2]", "osm_url": "https://www.openstreetmap.org/way/912895881", "josm_url": "http://127.0.0.1:8111/load_object?new_layer=false&objects=w912895881", "id_url": "https://www.openstreetmap.org/edit?editor=id&way=912895881#map=20/45.5050787/9.1601734"}}, {"type": "Feature", "geometry": {"type": "Point", "coordinates": [9.2108794, 45.4429665]}, "properties": {"id": 920998337, "feat_type": "way", "quality_categories": "missing_tags, older_than_five_years", "issue_ids": "[56, 2]", "osm_url": "https://www.openstreetmap.org/way/920998337", "josm_url": "http://127.0.0.1:8111/load_object?new_layer=false&objects=w920998337", "id_url": "https://www.openstreetmap.org/edit?editor=id&way=920998337#map=20/45.4429665/9.2108794"}}, {"type": "Feature", "geometry": {"type": "Point", "coordinates": [9.210254, 45.4405333]}, "properties": {"id": 920998360, "feat_type": "way", "quality_categories": "missing_tags, older_than_five_years", "issue_ids": "[56, 2]", "osm_url": "https://www.openstreetmap.org/way/920998360", "josm_url": "http://127.0.0.1:8111/load_object?new_layer=false&objects=w920998360", "id_url": "https://www.openstreetmap.org/edit?editor=id&way=920998360#map=20/45.4405333/9.210254"}}, {"type": "Feature", "geometry": {"type": "Point", "coordinates": [9.2104448, 45.440432]}, "properties": {"id": 920998361, "feat_type": "way", "quality_categories": "missing_tags, older_than_five_years", "issue_ids": "[56, 2]", "osm_url": "https://www.openstreetmap.org/way/920998361", "josm_url": "http://127.0.0.1:8111/load_object?new_layer=false&objects=w920998361", "id_url": "https://www.openstreetmap.org/edit?editor=id&way=920998361#map=20/45.440432/9.2104448"}}, {"type": "Feature", "geometry": {"type": "Point", "coordinates": [9.2119102, 45.4442197]}, "properties": {"id": 921411542, "feat_type": "way", "quality_categories": "missing_tags, older_than_five_years", "issue_ids": "[57, 2]", "osm_url": "https://www.openstreetmap.org/way/921411542", "josm_url": "http://127.0.0.1:8111/load_object?new_layer=false&objects=w921411542", "id_url": "https://www.openstreetmap.org/edit?editor=id&way=921411542#map=20/45.4442197/9.2119102"}}, {"type": "Feature", "geometry": {"type": "Point", "coordinates": [9.2177214, 45.4431694]}, "properties": {"id": 921647548, "feat_type": "way", "quality_categories": "missing_tags, older_than_five_years", "issue_ids": "[1, 2]", "osm_url": "https://www.openstreetmap.org/way/921647548", "josm_url": "http://127.0.0.1:8111/load_object?new_layer=false&objects=w921647548", "id_url": "https://www.openstreetmap.org/edit?editor=id&way=921647548#map=20/45.4431694/9.2177214"}}, {"type": "Feature", "geometry": {"type": "Point", "coordinates": [9.217842, 45.4432056]}, "properties": {"id": 921647549, "feat_type": "way", "quality_categories": "missing_tags, older_than_five_years", "issue_ids": "[1, 2]", "osm_url": "https://www.openstreetmap.org/way/921647549", "josm_url": "http://127.0.0.1:8111/load_object?new_layer=false&objects=w921647549", "id_url": "https://www.openstreetmap.org/edit?editor=id&way=921647549#map=20/45.4432056/9.217842"}}, {"type": "Feature", "geometry": {"type": "Point", "coordinates": [9.2237687, 45.4402237]}, "properties": {"id": 921647557, "feat_type": "way", "quality_categories": "missing_tags, older_than_five_years", "issue_ids": "[1, 2]", "osm_url": "https://www.openstreetmap.org/way/921647557", "josm_url": "http://127.0.0.1:8111/load_object?new_layer=false&objects=w921647557", "id_url": "https://www.openstreetmap.org/edit?editor=id&way=921647557#map=20/45.4402237/9.2237687"}}, {"type": "Feature", "geometry": {"type": "Point", "coordinates": [9.2217525, 45.4431971]}, "properties": {"id": 922073728, "feat_type": "way", "quality_categories": "missing_tags, older_than_five_years", "issue_ids": "[58, 2]", "osm_url": "https://www.openstreetmap.org/way/922073728", "josm_url": "http://127.0.0.1:8111/load_object?new_layer=false&objects=w922073728", "id_url": "https://www.openstreetmap.org/edit?editor=id&way=922073728#map=20/45.4431971/9.2217525"}}, {"type": "Feature", "geometry": {"type": "Point", "coordinates": [9.2217432, 45.4440127]}, "properties": {"id": 922073733, "feat_type": "way", "quality_categories": "missing_tags, older_than_five_years", "issue_ids": "[58, 2]", "osm_url": "https://www.openstreetmap.org/way/922073733", "josm_url": "http://127.0.0.1:8111/load_object?new_layer=false&objects=w922073733", "id_url": "https://www.openstreetmap.org/edit?editor=id&way=922073733#map=20/45.4440127/9.2217432"}}, {"type": "Feature", "geometry": {"type": "Point", "coordinates": [9.2217406, 45.4444097]}, "properties": {"id": 922073736, "feat_type": "way", "quality_categories": "missing_tags, older_than_five_years", "issue_ids": "[58, 2]", "osm_url": "https://www.openstreetmap.org/way/922073736", "josm_url": "http://127.0.0.1:8111/load_object?new_layer=false&objects=w922073736", "id_url": "https://www.openstreetmap.org/edit?editor=id&way=922073736#map=20/45.4444097/9.2217406"}}, {"type": "Feature", "geometry": {"type": "Point", "coordinates": [9.2215863, 45.4459561]}, "properties": {"id": 922073737, "feat_type": "way", "quality_categories": "missing_tags, older_than_five_years", "issue_ids": "[58, 2]", "osm_url": "https://www.openstreetmap.org/way/922073737", "josm_url": "http://127.0.0.1:8111/load_object?new_layer=false&objects=w922073737", "id_url": "https://www.openstreetmap.org/edit?editor=id&way=922073737#map=20/45.4459561/9.2215863"}}, {"type": "Feature", "geometry": {"type": "Point", "coordinates": [9.219927, 45.4447695]}, "properties": {"id": 922073745, "feat_type": "way", "quality_categories": "missing_tags, older_than_five_years", "issue_ids": "[58, 2]", "osm_url": "https://www.openstreetmap.org/way/922073745", "josm_url": "http://127.0.0.1:8111/load_object?new_layer=false&objects=w922073745", "id_url": "https://www.openstreetmap.org/edit?editor=id&way=922073745#map=20/45.4447695/9.219927"}}, {"type": "Feature", "geometry": {"type": "Point", "coordinates": [9.2184713, 45.4438196]}, "properties": {"id": 922073746, "feat_type": "way", "quality_categories": "missing_tags, older_than_five_years", "issue_ids": "[58, 2]", "osm_url": "https://www.openstreetmap.org/way/922073746", "josm_url": "http://127.0.0.1:8111/load_object?new_layer=false&objects=w922073746", "id_url": "https://www.openstreetmap.org/edit?editor=id&way=922073746#map=20/45.4438196/9.2184713"}}, {"type": "Feature", "geometry": {"type": "Point", "coordinates": [9.2183284, 45.4438102]}, "properties": {"id": 922073747, "feat_type": "way", "quality_categories": "missing_tags, older_than_five_years", "issue_ids": "[58, 2]", "osm_url": "https://www.openstreetmap.org/way/922073747", "josm_url": "http://127.0.0.1:8111/load_object?new_layer=false&objects=w922073747", "id_url": "https://www.openstreetmap.org/edit?editor=id&way=922073747#map=20/45.4438102/9.2183284"}}, {"type": "Feature", "geometry": {"type": "Point", "coordinates": [9.2167509, 45.4447671]}, "properties": {"id": 922073748, "feat_type": "way", "quality_categories": "missing_tags, older_than_five_years", "issue_ids": "[58, 2]", "osm_url": "https://www.openstreetmap.org/way/922073748", "josm_url": "http://127.0.0.1:8111/load_object?new_layer=false&objects=w922073748", "id_url": "https://www.openstreetmap.org/edit?editor=id&way=922073748#map=20/45.4447671/9.2167509"}}, {"type": "Feature", "geometry": {"type": "Point", "coordinates": [9.2152748, 45.4456225]}, "properties": {"id": 922073753, "feat_type": "way", "quality_categories": "missing_tags, older_than_five_years", "issue_ids": "[58, 2]", "osm_url": "https://www.openstreetmap.org/way/922073753", "josm_url": "http://127.0.0.1:8111/load_object?new_layer=false&objects=w922073753", "id_url": "https://www.openstreetmap.org/edit?editor=id&way=922073753#map=20/45.4456225/9.2152748"}}, {"type": "Feature", "geometry": {"type": "Point", "coordinates": [9.217567, 45.4432425]}, "properties": {"id": 922073758, "feat_type": "way", "quality_categories": "older_than_five_years", "issue_ids": "[1]", "osm_url": "https://www.openstreetmap.org/way/922073758", "josm_url": "http://127.0.0.1:8111/load_object?new_layer=false&objects=w922073758", "id_url": "https://www.openstreetmap.org/edit?editor=id&way=922073758#map=20/45.4432425/9.217567"}}, {"type": "Feature", "geometry": {"type": "Point", "coordinates": [9.2200311, 45.4409938]}, "properties": {"id": 922513049, "feat_type": "way", "quality_categories": "missing_tags, older_than_five_years", "issue_ids": "[12, 2]", "osm_url": "https://www.openstreetmap.org/way/922513049", "josm_url": "http://127.0.0.1:8111/load_object?new_layer=false&objects=w922513049", "id_url": "https://www.openstreetmap.org/edit?editor=id&way=922513049#map=20/45.4409938/9.2200311"}}, {"type": "Feature", "geometry": {"type": "Point", "coordinates": [9.2196607, 45.4408176]}, "properties": {"id": 922513053, "feat_type": "way", "quality_categories": "missing_tags, older_than_five_years", "issue_ids": "[12, 2]", "osm_url": "https://www.openstreetmap.org/way/922513053", "josm_url": "http://127.0.0.1:8111/load_object?new_layer=false&objects=w922513053", "id_url": "https://www.openstreetmap.org/edit?editor=id&way=922513053#map=20/45.4408176/9.2196607"}}, {"type": "Feature", "geometry": {"type": "Point", "coordinates": [9.2178797, 45.4399995]}, "properties": {"id": 922513054, "feat_type": "way", "quality_categories": "missing_tags, older_than_five_years", "issue_ids": "[12, 2]", "osm_url": "https://www.openstreetmap.org/way/922513054", "josm_url": "http://127.0.0.1:8111/load_object?new_layer=false&objects=w922513054", "id_url": "https://www.openstreetmap.org/edit?editor=id&way=922513054#map=20/45.4399995/9.2178797"}}, {"type": "Feature", "geometry": {"type": "Point", "coordinates": [9.2170094, 45.4396024]}, "properties": {"id": 922513056, "feat_type": "way", "quality_categories": "missing_tags, older_than_five_years", "issue_ids": "[12, 2]", "osm_url": "https://www.openstreetmap.org/way/922513056", "josm_url": "http://127.0.0.1:8111/load_object?new_layer=false&objects=w922513056", "id_url": "https://www.openstreetmap.org/edit?editor=id&way=922513056#map=20/45.4396024/9.2170094"}}, {"type": "Feature", "geometry": {"type": "Point", "coordinates": [9.2169803, 45.4394872]}, "properties": {"id": 922513059, "feat_type": "way", "quality_categories": "missing_tags, older_than_five_years", "issue_ids": "[12, 2]", "osm_url": "https://www.openstreetmap.org/way/922513059", "josm_url": "http://127.0.0.1:8111/load_object?new_layer=false&objects=w922513059", "id_url": "https://www.openstreetmap.org/edit?editor=id&way=922513059#map=20/45.4394872/9.2169803"}}, {"type": "Feature", "geometry": {"type": "Point", "coordinates": [9.2167475, 45.4394953]}, "properties": {"id": 922513060, "feat_type": "way", "quality_categories": "missing_tags, older_than_five_years", "issue_ids": "[12, 2]", "osm_url": "https://www.openstreetmap.org/way/922513060", "josm_url": "http://127.0.0.1:8111/load_object?new_layer=false&objects=w922513060", "id_url": "https://www.openstreetmap.org/edit?editor=id&way=922513060#map=20/45.4394953/9.2167475"}}, {"type": "Feature", "geometry": {"type": "Point", "coordinates": [9.216725, 45.4396172]}, "properties": {"id": 922513062, "feat_type": "way", "quality_categories": "missing_tags, older_than_five_years", "issue_ids": "[12, 2]", "osm_url": "https://www.openstreetmap.org/way/922513062", "josm_url": "http://127.0.0.1:8111/load_object?new_layer=false&objects=w922513062", "id_url": "https://www.openstreetmap.org/edit?editor=id&way=922513062#map=20/45.4396172/9.216725"}}, {"type": "Feature", "geometry": {"type": "Point", "coordinates": [9.2160314, 45.4398498]}, "properties": {"id": 922513067, "feat_type": "way", "quality_categories": "missing_tags, older_than_five_years", "issue_ids": "[59, 2]", "osm_url": "https://www.openstreetmap.org/way/922513067", "josm_url": "http://127.0.0.1:8111/load_object?new_layer=false&objects=w922513067", "id_url": "https://www.openstreetmap.org/edit?editor=id&way=922513067#map=20/45.4398498/9.2160314"}}, {"type": "Feature", "geometry": {"type": "Point", "coordinates": [9.2158749, 45.4401754]}, "properties": {"id": 922513070, "feat_type": "way", "quality_categories": "missing_tags, older_than_five_years", "issue_ids": "[12, 2]", "osm_url": "https://www.openstreetmap.org/way/922513070", "josm_url": "http://127.0.0.1:8111/load_object?new_layer=false&objects=w922513070", "id_url": "https://www.openstreetmap.org/edit?editor=id&way=922513070#map=20/45.4401754/9.2158749"}}, {"type": "Feature", "geometry": {"type": "Point", "coordinates": [9.2157467, 45.4400846]}, "properties": {"id": 922513071, "feat_type": "way", "quality_categories": "missing_tags, older_than_five_years", "issue_ids": "[12, 2]", "osm_url": "https://www.openstreetmap.org/way/922513071", "josm_url": "http://127.0.0.1:8111/load_object?new_layer=false&objects=w922513071", "id_url": "https://www.openstreetmap.org/edit?editor=id&way=922513071#map=20/45.4400846/9.2157467"}}, {"type": "Feature", "geometry": {"type": "Point", "coordinates": [9.2243733, 45.4452751]}, "properties": {"id": 922551280, "feat_type": "way", "quality_categories": "missing_tags, older_than_five_years", "issue_ids": "[12, 2]", "osm_url": "https://www.openstreetmap.org/way/922551280", "josm_url": "http://127.0.0.1:8111/load_object?new_layer=false&objects=w922551280", "id_url": "https://www.openstreetmap.org/edit?editor=id&way=922551280#map=20/45.4452751/9.2243733"}}, {"type": "Feature", "geometry": {"type": "Point", "coordinates": [9.2227425, 45.4439929]}, "properties": {"id": 922551289, "feat_type": "way", "quality_categories": "missing_tags, older_than_five_years", "issue_ids": "[12, 2]", "osm_url": "https://www.openstreetmap.org/way/922551289", "josm_url": "http://127.0.0.1:8111/load_object?new_layer=false&objects=w922551289", "id_url": "https://www.openstreetmap.org/edit?editor=id&way=922551289#map=20/45.4439929/9.2227425"}}, {"type": "Feature", "geometry": {"type": "Point", "coordinates": [9.222135, 45.4444238]}, "properties": {"id": 922551292, "feat_type": "way", "quality_categories": "missing_tags, older_than_five_years", "issue_ids": "[12, 2]", "osm_url": "https://www.openstreetmap.org/way/922551292", "josm_url": "http://127.0.0.1:8111/load_object?new_layer=false&objects=w922551292", "id_url": "https://www.openstreetmap.org/edit?editor=id&way=922551292#map=20/45.4444238/9.222135"}}, {"type": "Feature", "geometry": {"type": "Point", "coordinates": [9.2221435, 45.4440172]}, "properties": {"id": 922551293, "feat_type": "way", "quality_categories": "missing_tags, older_than_five_years", "issue_ids": "[12, 2]", "osm_url": "https://www.openstreetmap.org/way/922551293", "josm_url": "http://127.0.0.1:8111/load_object?new_layer=false&objects=w922551293", "id_url": "https://www.openstreetmap.org/edit?editor=id&way=922551293#map=20/45.4440172/9.2221435"}}, {"type": "Feature", "geometry": {"type": "Point", "coordinates": [9.2219857, 45.4460623]}, "properties": {"id": 922551294, "feat_type": "way", "quality_categories": "missing_tags, older_than_five_years", "issue_ids": "[12, 2]", "osm_url": "https://www.openstreetmap.org/way/922551294", "josm_url": "http://127.0.0.1:8111/load_object?new_layer=false&objects=w922551294", "id_url": "https://www.openstreetmap.org/edit?editor=id&way=922551294#map=20/45.4460623/9.2219857"}}, {"type": "Feature", "geometry": {"type": "Point", "coordinates": [9.2219933, 45.4457291]}, "properties": {"id": 922551295, "feat_type": "way", "quality_categories": "missing_tags, older_than_five_years", "issue_ids": "[12, 2]", "osm_url": "https://www.openstreetmap.org/way/922551295", "josm_url": "http://127.0.0.1:8111/load_object?new_layer=false&objects=w922551295", "id_url": "https://www.openstreetmap.org/edit?editor=id&way=922551295#map=20/45.4457291/9.2219933"}}, {"type": "Feature", "geometry": {"type": "Point", "coordinates": [9.2216751, 45.4460962]}, "properties": {"id": 922551298, "feat_type": "way", "quality_categories": "missing_tags, older_than_five_years", "issue_ids": "[12, 2]", "osm_url": "https://www.openstreetmap.org/way/922551298", "josm_url": "http://127.0.0.1:8111/load_object?new_layer=false&objects=w922551298", "id_url": "https://www.openstreetmap.org/edit?editor=id&way=922551298#map=20/45.4460962/9.2216751"}}, {"type": "Feature", "geometry": {"type": "Point", "coordinates": [9.2215882, 45.4400079]}, "properties": {"id": 922559167, "feat_type": "way", "quality_categories": "missing_tags, older_than_five_years", "issue_ids": "[12, 2]", "osm_url": "https://www.openstreetmap.org/way/922559167", "josm_url": "http://127.0.0.1:8111/load_object?new_layer=false&objects=w922559167", "id_url": "https://www.openstreetmap.org/edit?editor=id&way=922559167#map=20/45.4400079/9.2215882"}}, {"type": "Feature", "geometry": {"type": "Point", "coordinates": [9.2216745, 45.4398616]}, "properties": {"id": 922559168, "feat_type": "way", "quality_categories": "missing_tags, older_than_five_years", "issue_ids": "[12, 2]", "osm_url": "https://www.openstreetmap.org/way/922559168", "josm_url": "http://127.0.0.1:8111/load_object?new_layer=false&objects=w922559168", "id_url": "https://www.openstreetmap.org/edit?editor=id&way=922559168#map=20/45.4398616/9.2216745"}}, {"type": "Feature", "geometry": {"type": "Point", "coordinates": [9.2228259, 45.4393847]}, "properties": {"id": 922559170, "feat_type": "way", "quality_categories": "missing_tags, older_than_five_years", "issue_ids": "[12, 2]", "osm_url": "https://www.openstreetmap.org/way/922559170", "josm_url": "http://127.0.0.1:8111/load_object?new_layer=false&objects=w922559170", "id_url": "https://www.openstreetmap.org/edit?editor=id&way=922559170#map=20/45.4393847/9.2228259"}}, {"type": "Feature", "geometry": {"type": "Point", "coordinates": [9.2226882, 45.4393928]}, "properties": {"id": 922559172, "feat_type": "way", "quality_categories": "missing_tags, older_than_five_years", "issue_ids": "[59, 2]", "osm_url": "https://www.openstreetmap.org/way/922559172", "josm_url": "http://127.0.0.1:8111/load_object?new_layer=false&objects=w922559172", "id_url": "https://www.openstreetmap.org/edit?editor=id&way=922559172#map=20/45.4393928/9.2226882"}}, {"type": "Feature", "geometry": {"type": "Point", "coordinates": [9.2276223, 45.4411577]}, "properties": {"id": 922686172, "feat_type": "way", "quality_categories": "missing_tags, older_than_five_years", "issue_ids": "[59, 2]", "osm_url": "https://www.openstreetmap.org/way/922686172", "josm_url": "http://127.0.0.1:8111/load_object?new_layer=false&objects=w922686172", "id_url": "https://www.openstreetmap.org/edit?editor=id&way=922686172#map=20/45.4411577/9.2276223"}}, {"type": "Feature", "geometry": {"type": "Point", "coordinates": [9.2217656, 45.4428552]}, "properties": {"id": 922686173, "feat_type": "way", "quality_categories": "missing_tags, older_than_five_years", "issue_ids": "[12, 2]", "osm_url": "https://www.openstreetmap.org/way/922686173", "josm_url": "http://127.0.0.1:8111/load_object?new_layer=false&objects=w922686173", "id_url": "https://www.openstreetmap.org/edit?editor=id&way=922686173#map=20/45.4428552/9.2217656"}}, {"type": "Feature", "geometry": {"type": "Point", "coordinates": [9.2225324, 45.44286]}, "properties": {"id": 922686174, "feat_type": "way", "quality_categories": "missing_tags, older_than_five_years", "issue_ids": "[12, 2]", "osm_url": "https://www.openstreetmap.org/way/922686174", "josm_url": "http://127.0.0.1:8111/load_object?new_layer=false&objects=w922686174", "id_url": "https://www.openstreetmap.org/edit?editor=id&way=922686174#map=20/45.44286/9.2225324"}}, {"type": "Feature", "geometry": {"type": "Point", "coordinates": [9.2365792, 45.4356872]}, "properties": {"id": 923387926, "feat_type": "way", "quality_categories": "missing_tags, older_than_five_years", "issue_ids": "[13, 2]", "osm_url": "https://www.openstreetmap.org/way/923387926", "josm_url": "http://127.0.0.1:8111/load_object?new_layer=false&objects=w923387926", "id_url": "https://www.openstreetmap.org/edit?editor=id&way=923387926#map=20/45.4356872/9.2365792"}}, {"type": "Feature", "geometry": {"type": "Point", "coordinates": [9.2306471, 45.4385478]}, "properties": {"id": 923387935, "feat_type": "way", "quality_categories": "missing_tags, older_than_five_years", "issue_ids": "[13, 2]", "osm_url": "https://www.openstreetmap.org/way/923387935", "josm_url": "http://127.0.0.1:8111/load_object?new_layer=false&objects=w923387935", "id_url": "https://www.openstreetmap.org/edit?editor=id&way=923387935#map=20/45.4385478/9.2306471"}}, {"type": "Feature", "geometry": {"type": "Point", "coordinates": [9.2264901, 45.4405257]}, "properties": {"id": 923387938, "feat_type": "way", "quality_categories": "missing_tags, older_than_five_years", "issue_ids": "[13, 2]", "osm_url": "https://www.openstreetmap.org/way/923387938", "josm_url": "http://127.0.0.1:8111/load_object?new_layer=false&objects=w923387938", "id_url": "https://www.openstreetmap.org/edit?editor=id&way=923387938#map=20/45.4405257/9.2264901"}}, {"type": "Feature", "geometry": {"type": "Point", "coordinates": [9.2288649, 45.4393554]}, "properties": {"id": 923387944, "feat_type": "way", "quality_categories": "missing_tags, older_than_five_years", "issue_ids": "[60, 2]", "osm_url": "https://www.openstreetmap.org/way/923387944", "josm_url": "http://127.0.0.1:8111/load_object?new_layer=false&objects=w923387944", "id_url": "https://www.openstreetmap.org/edit?editor=id&way=923387944#map=20/45.4393554/9.2288649"}}, {"type": "Feature", "geometry": {"type": "Point", "coordinates": [9.2298448, 45.4388461]}, "properties": {"id": 923387947, "feat_type": "way", "quality_categories": "missing_tags, older_than_five_years", "issue_ids": "[13, 2]", "osm_url": "https://www.openstreetmap.org/way/923387947", "josm_url": "http://127.0.0.1:8111/load_object?new_layer=false&objects=w923387947", "id_url": "https://www.openstreetmap.org/edit?editor=id&way=923387947#map=20/45.4388461/9.2298448"}}, {"type": "Feature", "geometry": {"type": "Point", "coordinates": [9.2302361, 45.4387333]}, "properties": {"id": 923387948, "feat_type": "way", "quality_categories": "missing_tags, older_than_five_years", "issue_ids": "[13, 2]", "osm_url": "https://www.openstreetmap.org/way/923387948", "josm_url": "http://127.0.0.1:8111/load_object?new_layer=false&objects=w923387948", "id_url": "https://www.openstreetmap.org/edit?editor=id&way=923387948#map=20/45.4387333/9.2302361"}}, {"type": "Feature", "geometry": {"type": "Point", "coordinates": [9.2244883, 45.4391223]}, "properties": {"id": 923411296, "feat_type": "way", "quality_categories": "missing_tags, older_than_five_years", "issue_ids": "[13, 2]", "osm_url": "https://www.openstreetmap.org/way/923411296", "josm_url": "http://127.0.0.1:8111/load_object?new_layer=false&objects=w923411296", "id_url": "https://www.openstreetmap.org/edit?editor=id&way=923411296#map=20/45.4391223/9.2244883"}}, {"type": "Feature", "geometry": {"type": "Point", "coordinates": [9.2306402, 45.436987]}, "properties": {"id": 923411307, "feat_type": "way", "quality_categories": "missing_tags, older_than_five_years", "issue_ids": "[13, 2]", "osm_url": "https://www.openstreetmap.org/way/923411307", "josm_url": "http://127.0.0.1:8111/load_object?new_layer=false&objects=w923411307", "id_url": "https://www.openstreetmap.org/edit?editor=id&way=923411307#map=20/45.436987/9.2306402"}}, {"type": "Feature", "geometry": {"type": "Point", "coordinates": [9.225241, 45.4392889]}, "properties": {"id": 923411312, "feat_type": "way", "quality_categories": "missing_tags, older_than_five_years", "issue_ids": "[13, 2]", "osm_url": "https://www.openstreetmap.org/way/923411312", "josm_url": "http://127.0.0.1:8111/load_object?new_layer=false&objects=w923411312", "id_url": "https://www.openstreetmap.org/edit?editor=id&way=923411312#map=20/45.4392889/9.225241"}}, {"type": "Feature", "geometry": {"type": "Point", "coordinates": [9.2250824, 45.4393462]}, "properties": {"id": 923411313, "feat_type": "way", "quality_categories": "missing_tags, older_than_five_years", "issue_ids": "[13, 2]", "osm_url": "https://www.openstreetmap.org/way/923411313", "josm_url": "http://127.0.0.1:8111/load_object?new_layer=false&objects=w923411313", "id_url": "https://www.openstreetmap.org/edit?editor=id&way=923411313#map=20/45.4393462/9.2250824"}}, {"type": "Feature", "geometry": {"type": "Point", "coordinates": [9.2255621, 45.4391344]}, "properties": {"id": 923411314, "feat_type": "way", "quality_categories": "missing_tags, older_than_five_years", "issue_ids": "[13, 2]", "osm_url": "https://www.openstreetmap.org/way/923411314", "josm_url": "http://127.0.0.1:8111/load_object?new_layer=false&objects=w923411314", "id_url": "https://www.openstreetmap.org/edit?editor=id&way=923411314#map=20/45.4391344/9.2255621"}}, {"type": "Feature", "geometry": {"type": "Point", "coordinates": [9.2151479, 45.4390853]}, "properties": {"id": 923415008, "feat_type": "way", "quality_categories": "missing_tags, older_than_five_years", "issue_ids": "[13, 2]", "osm_url": "https://www.openstreetmap.org/way/923415008", "josm_url": "http://127.0.0.1:8111/load_object?new_layer=false&objects=w923415008", "id_url": "https://www.openstreetmap.org/edit?editor=id&way=923415008#map=20/45.4390853/9.2151479"}}, {"type": "Feature", "geometry": {"type": "Point", "coordinates": [9.2143748, 45.4399576]}, "properties": {"id": 923415010, "feat_type": "way", "quality_categories": "missing_tags, older_than_five_years", "issue_ids": "[13, 2]", "osm_url": "https://www.openstreetmap.org/way/923415010", "josm_url": "http://127.0.0.1:8111/load_object?new_layer=false&objects=w923415010", "id_url": "https://www.openstreetmap.org/edit?editor=id&way=923415010#map=20/45.4399576/9.2143748"}}, {"type": "Feature", "geometry": {"type": "Point", "coordinates": [9.2145193, 45.4399189]}, "properties": {"id": 923415011, "feat_type": "way", "quality_categories": "missing_tags, older_than_five_years", "issue_ids": "[13, 2]", "osm_url": "https://www.openstreetmap.org/way/923415011", "josm_url": "http://127.0.0.1:8111/load_object?new_layer=false&objects=w923415011", "id_url": "https://www.openstreetmap.org/edit?editor=id&way=923415011#map=20/45.4399189/9.2145193"}}, {"type": "Feature", "geometry": {"type": "Point", "coordinates": [9.2153259, 45.4390116]}, "properties": {"id": 923417864, "feat_type": "way", "quality_categories": "missing_tags, older_than_five_years", "issue_ids": "[13, 2]", "osm_url": "https://www.openstreetmap.org/way/923417864", "josm_url": "http://127.0.0.1:8111/load_object?new_layer=false&objects=w923417864", "id_url": "https://www.openstreetmap.org/edit?editor=id&way=923417864#map=20/45.4390116/9.2153259"}}, {"type": "Feature", "geometry": {"type": "Point", "coordinates": [9.2198629, 45.4380274]}, "properties": {"id": 923418204, "feat_type": "way", "quality_categories": "missing_tags, older_than_five_years", "issue_ids": "[13, 2]", "osm_url": "https://www.openstreetmap.org/way/923418204", "josm_url": "http://127.0.0.1:8111/load_object?new_layer=false&objects=w923418204", "id_url": "https://www.openstreetmap.org/edit?editor=id&way=923418204#map=20/45.4380274/9.2198629"}}, {"type": "Feature", "geometry": {"type": "Point", "coordinates": [9.2196442, 45.4379279]}, "properties": {"id": 923418208, "feat_type": "way", "quality_categories": "missing_tags, older_than_five_years", "issue_ids": "[13, 2]", "osm_url": "https://www.openstreetmap.org/way/923418208", "josm_url": "http://127.0.0.1:8111/load_object?new_layer=false&objects=w923418208", "id_url": "https://www.openstreetmap.org/edit?editor=id&way=923418208#map=20/45.4379279/9.2196442"}}, {"type": "Feature", "geometry": {"type": "Point", "coordinates": [9.2177821, 45.4390787]}, "properties": {"id": 923418212, "feat_type": "way", "quality_categories": "missing_tags, older_than_five_years", "issue_ids": "[13, 2]", "osm_url": "https://www.openstreetmap.org/way/923418212", "josm_url": "http://127.0.0.1:8111/load_object?new_layer=false&objects=w923418212", "id_url": "https://www.openstreetmap.org/edit?editor=id&way=923418212#map=20/45.4390787/9.2177821"}}, {"type": "Feature", "geometry": {"type": "Point", "coordinates": [9.21779, 45.4365168]}, "properties": {"id": 923434577, "feat_type": "way", "quality_categories": "missing_tags, older_than_five_years", "issue_ids": "[13, 2]", "osm_url": "https://www.openstreetmap.org/way/923434577", "josm_url": "http://127.0.0.1:8111/load_object?new_layer=false&objects=w923434577", "id_url": "https://www.openstreetmap.org/edit?editor=id&way=923434577#map=20/45.4365168/9.21779"}}, {"type": "Feature", "geometry": {"type": "Point", "coordinates": [9.216621, 45.438218]}, "properties": {"id": 923434583, "feat_type": "way", "quality_categories": "missing_tags, older_than_five_years", "issue_ids": "[13, 2]", "osm_url": "https://www.openstreetmap.org/way/923434583", "josm_url": "http://127.0.0.1:8111/load_object?new_layer=false&objects=w923434583", "id_url": "https://www.openstreetmap.org/edit?editor=id&way=923434583#map=20/45.438218/9.216621"}}, {"type": "Feature", "geometry": {"type": "Point", "coordinates": [9.2156499, 45.4384198]}, "properties": {"id": 923434584, "feat_type": "way", "quality_categories": "missing_tags, older_than_five_years", "issue_ids": "[13, 2]", "osm_url": "https://www.openstreetmap.org/way/923434584", "josm_url": "http://127.0.0.1:8111/load_object?new_layer=false&objects=w923434584", "id_url": "https://www.openstreetmap.org/edit?editor=id&way=923434584#map=20/45.4384198/9.2156499"}}, {"type": "Feature", "geometry": {"type": "Point", "coordinates": [9.2155283, 45.4384657]}, "properties": {"id": 923434585, "feat_type": "way", "quality_categories": "missing_tags, older_than_five_years", "issue_ids": "[13, 2]", "osm_url": "https://www.openstreetmap.org/way/923434585", "josm_url": "http://127.0.0.1:8111/load_object?new_layer=false&objects=w923434585", "id_url": "https://www.openstreetmap.org/edit?editor=id&way=923434585#map=20/45.4384657/9.2155283"}}, {"type": "Feature", "geometry": {"type": "Point", "coordinates": [9.215554, 45.4385469]}, "properties": {"id": 923434586, "feat_type": "way", "quality_categories": "missing_tags, older_than_five_years", "issue_ids": "[13, 2]", "osm_url": "https://www.openstreetmap.org/way/923434586", "josm_url": "http://127.0.0.1:8111/load_object?new_layer=false&objects=w923434586", "id_url": "https://www.openstreetmap.org/edit?editor=id&way=923434586#map=20/45.4385469/9.215554"}}, {"type": "Feature", "geometry": {"type": "Point", "coordinates": [9.2157003, 45.4385197]}, "properties": {"id": 923434588, "feat_type": "way", "quality_categories": "missing_tags, older_than_five_years", "issue_ids": "[13, 2]", "osm_url": "https://www.openstreetmap.org/way/923434588", "josm_url": "http://127.0.0.1:8111/load_object?new_layer=false&objects=w923434588", "id_url": "https://www.openstreetmap.org/edit?editor=id&way=923434588#map=20/45.4385197/9.2157003"}}, {"type": "Feature", "geometry": {"type": "Point", "coordinates": [9.2162807, 45.438702]}, "properties": {"id": 923434589, "feat_type": "way", "quality_categories": "missing_tags, older_than_five_years", "issue_ids": "[13, 2]", "osm_url": "https://www.openstreetmap.org/way/923434589", "josm_url": "http://127.0.0.1:8111/load_object?new_layer=false&objects=w923434589", "id_url": "https://www.openstreetmap.org/edit?editor=id&way=923434589#map=20/45.438702/9.2162807"}}, {"type": "Feature", "geometry": {"type": "Point", "coordinates": [9.2161206, 45.4391863]}, "properties": {"id": 923434591, "feat_type": "way", "quality_categories": "missing_tags, older_than_five_years", "issue_ids": "[13, 2]", "osm_url": "https://www.openstreetmap.org/way/923434591", "josm_url": "http://127.0.0.1:8111/load_object?new_layer=false&objects=w923434591", "id_url": "https://www.openstreetmap.org/edit?editor=id&way=923434591#map=20/45.4391863/9.2161206"}}, {"type": "Feature", "geometry": {"type": "Point", "coordinates": [9.2161858, 45.4392865]}, "properties": {"id": 923434592, "feat_type": "way", "quality_categories": "missing_tags, older_than_five_years", "issue_ids": "[13, 2]", "osm_url": "https://www.openstreetmap.org/way/923434592", "josm_url": "http://127.0.0.1:8111/load_object?new_layer=false&objects=w923434592", "id_url": "https://www.openstreetmap.org/edit?editor=id&way=923434592#map=20/45.4392865/9.2161858"}}, {"type": "Feature", "geometry": {"type": "Point", "coordinates": [9.2221131, 45.4360896]}, "properties": {"id": 923693439, "feat_type": "way", "quality_categories": "missing_tags, older_than_five_years", "issue_ids": "[61, 2]", "osm_url": "https://www.openstreetmap.org/way/923693439", "josm_url": "http://127.0.0.1:8111/load_object?new_layer=false&objects=w923693439", "id_url": "https://www.openstreetmap.org/edit?editor=id&way=923693439#map=20/45.4360896/9.2221131"}}, {"type": "Feature", "geometry": {"type": "Point", "coordinates": [9.2219394, 45.4361142]}, "properties": {"id": 923693440, "feat_type": "way", "quality_categories": "missing_tags, older_than_five_years", "issue_ids": "[61, 2]", "osm_url": "https://www.openstreetmap.org/way/923693440", "josm_url": "http://127.0.0.1:8111/load_object?new_layer=false&objects=w923693440", "id_url": "https://www.openstreetmap.org/edit?editor=id&way=923693440#map=20/45.4361142/9.2219394"}}, {"type": "Feature", "geometry": {"type": "Point", "coordinates": [9.2219135, 45.4362485]}, "properties": {"id": 923693441, "feat_type": "way", "quality_categories": "missing_tags, older_than_five_years", "issue_ids": "[61, 2]", "osm_url": "https://www.openstreetmap.org/way/923693441", "josm_url": "http://127.0.0.1:8111/load_object?new_layer=false&objects=w923693441", "id_url": "https://www.openstreetmap.org/edit?editor=id&way=923693441#map=20/45.4362485/9.2219135"}}, {"type": "Feature", "geometry": {"type": "Point", "coordinates": [9.2221341, 45.4362291]}, "properties": {"id": 923693442, "feat_type": "way", "quality_categories": "missing_tags, older_than_five_years", "issue_ids": "[61, 2]", "osm_url": "https://www.openstreetmap.org/way/923693442", "josm_url": "http://127.0.0.1:8111/load_object?new_layer=false&objects=w923693442", "id_url": "https://www.openstreetmap.org/edit?editor=id&way=923693442#map=20/45.4362291/9.2221341"}}, {"type": "Feature", "geometry": {"type": "Point", "coordinates": [9.2188935, 45.4358307]}, "properties": {"id": 923818921, "feat_type": "way", "quality_categories": "missing_tags, older_than_five_years", "issue_ids": "[61, 2]", "osm_url": "https://www.openstreetmap.org/way/923818921", "josm_url": "http://127.0.0.1:8111/load_object?new_layer=false&objects=w923818921", "id_url": "https://www.openstreetmap.org/edit?editor=id&way=923818921#map=20/45.4358307/9.2188935"}}, {"type": "Feature", "geometry": {"type": "Point", "coordinates": [9.2212233, 45.4357892]}, "properties": {"id": 923818923, "feat_type": "way", "quality_categories": "missing_tags, older_than_five_years", "issue_ids": "[61, 2]", "osm_url": "https://www.openstreetmap.org/way/923818923", "josm_url": "http://127.0.0.1:8111/load_object?new_layer=false&objects=w923818923", "id_url": "https://www.openstreetmap.org/edit?editor=id&way=923818923#map=20/45.4357892/9.2212233"}}, {"type": "Feature", "geometry": {"type": "Point", "coordinates": [9.2244824, 45.4344774]}, "properties": {"id": 923841435, "feat_type": "way", "quality_categories": "missing_tags, older_than_five_years", "issue_ids": "[1, 2]", "osm_url": "https://www.openstreetmap.org/way/923841435", "josm_url": "http://127.0.0.1:8111/load_object?new_layer=false&objects=w923841435", "id_url": "https://www.openstreetmap.org/edit?editor=id&way=923841435#map=20/45.4344774/9.2244824"}}, {"type": "Feature", "geometry": {"type": "Point", "coordinates": [9.2242805, 45.4345273]}, "properties": {"id": 923841437, "feat_type": "way", "quality_categories": "missing_tags, older_than_five_years", "issue_ids": "[61, 2]", "osm_url": "https://www.openstreetmap.org/way/923841437", "josm_url": "http://127.0.0.1:8111/load_object?new_layer=false&objects=w923841437", "id_url": "https://www.openstreetmap.org/edit?editor=id&way=923841437#map=20/45.4345273/9.2242805"}}, {"type": "Feature", "geometry": {"type": "Point", "coordinates": [9.2245688, 45.4354916]}, "properties": {"id": 923841440, "feat_type": "way", "quality_categories": "missing_tags, older_than_five_years", "issue_ids": "[61, 2]", "osm_url": "https://www.openstreetmap.org/way/923841440", "josm_url": "http://127.0.0.1:8111/load_object?new_layer=false&objects=w923841440", "id_url": "https://www.openstreetmap.org/edit?editor=id&way=923841440#map=20/45.4354916/9.2245688"}}, {"type": "Feature", "geometry": {"type": "Point", "coordinates": [9.2242269, 45.4349182]}, "properties": {"id": 923841444, "feat_type": "way", "quality_categories": "missing_tags, older_than_five_years", "issue_ids": "[1, 2]", "osm_url": "https://www.openstreetmap.org/way/923841444", "josm_url": "http://127.0.0.1:8111/load_object?new_layer=false&objects=w923841444", "id_url": "https://www.openstreetmap.org/edit?editor=id&way=923841444#map=20/45.4349182/9.2242269"}}, {"type": "Feature", "geometry": {"type": "Point", "coordinates": [9.224209, 45.4356195]}, "properties": {"id": 923841446, "feat_type": "way", "quality_categories": "missing_tags, older_than_five_years", "issue_ids": "[1, 2]", "osm_url": "https://www.openstreetmap.org/way/923841446", "josm_url": "http://127.0.0.1:8111/load_object?new_layer=false&objects=w923841446", "id_url": "https://www.openstreetmap.org/edit?editor=id&way=923841446#map=20/45.4356195/9.224209"}}, {"type": "Feature", "geometry": {"type": "Point", "coordinates": [9.2218136, 45.4334768]}, "properties": {"id": 923841447, "feat_type": "way", "quality_categories": "missing_tags, older_than_five_years", "issue_ids": "[61, 2]", "osm_url": "https://www.openstreetmap.org/way/923841447", "josm_url": "http://127.0.0.1:8111/load_object?new_layer=false&objects=w923841447", "id_url": "https://www.openstreetmap.org/edit?editor=id&way=923841447#map=20/45.4334768/9.2218136"}}, {"type": "Feature", "geometry": {"type": "Point", "coordinates": [9.2217699, 45.4333525]}, "properties": {"id": 923841448, "feat_type": "way", "quality_categories": "missing_tags, older_than_five_years", "issue_ids": "[61, 2]", "osm_url": "https://www.openstreetmap.org/way/923841448", "josm_url": "http://127.0.0.1:8111/load_object?new_layer=false&objects=w923841448", "id_url": "https://www.openstreetmap.org/edit?editor=id&way=923841448#map=20/45.4333525/9.2217699"}}, {"type": "Feature", "geometry": {"type": "Point", "coordinates": [9.221961, 45.4333797]}, "properties": {"id": 923841449, "feat_type": "way", "quality_categories": "missing_tags, older_than_five_years", "issue_ids": "[61, 2]", "osm_url": "https://www.openstreetmap.org/way/923841449", "josm_url": "http://127.0.0.1:8111/load_object?new_layer=false&objects=w923841449", "id_url": "https://www.openstreetmap.org/edit?editor=id&way=923841449#map=20/45.4333797/9.221961"}}, {"type": "Feature", "geometry": {"type": "Point", "coordinates": [9.2219873, 45.4334947]}, "properties": {"id": 923841450, "feat_type": "way", "quality_categories": "missing_tags, older_than_five_years", "issue_ids": "[61, 2]", "osm_url": "https://www.openstreetmap.org/way/923841450", "josm_url": "http://127.0.0.1:8111/load_object?new_layer=false&objects=w923841450", "id_url": "https://www.openstreetmap.org/edit?editor=id&way=923841450#map=20/45.4334947/9.2219873"}}, {"type": "Feature", "geometry": {"type": "Point", "coordinates": [9.2236194, 45.4345107]}, "properties": {"id": 923841452, "feat_type": "way", "quality_categories": "missing_tags, older_than_five_years", "issue_ids": "[61, 2]", "osm_url": "https://www.openstreetmap.org/way/923841452", "josm_url": "http://127.0.0.1:8111/load_object?new_layer=false&objects=w923841452", "id_url": "https://www.openstreetmap.org/edit?editor=id&way=923841452#map=20/45.4345107/9.2236194"}}, {"type": "Feature", "geometry": {"type": "Point", "coordinates": [9.2239912, 45.4345263]}, "properties": {"id": 923841453, "feat_type": "way", "quality_categories": "missing_tags, older_than_five_years", "issue_ids": "[61, 2]", "osm_url": "https://www.openstreetmap.org/way/923841453", "josm_url": "http://127.0.0.1:8111/load_object?new_layer=false&objects=w923841453", "id_url": "https://www.openstreetmap.org/edit?editor=id&way=923841453#map=20/45.4345263/9.2239912"}}, {"type": "Feature", "geometry": {"type": "Point", "coordinates": [9.2239853, 45.4348373]}, "properties": {"id": 923841455, "feat_type": "way", "quality_categories": "missing_tags, older_than_five_years", "issue_ids": "[61, 2]", "osm_url": "https://www.openstreetmap.org/way/923841455", "josm_url": "http://127.0.0.1:8111/load_object?new_layer=false&objects=w923841455", "id_url": "https://www.openstreetmap.org/edit?editor=id&way=923841455#map=20/45.4348373/9.2239853"}}, {"type": "Feature", "geometry": {"type": "Point", "coordinates": [9.2236362, 45.4348772]}, "properties": {"id": 923841456, "feat_type": "way", "quality_categories": "missing_tags, older_than_five_years", "issue_ids": "[61, 2]", "osm_url": "https://www.openstreetmap.org/way/923841456", "josm_url": "http://127.0.0.1:8111/load_object?new_layer=false&objects=w923841456", "id_url": "https://www.openstreetmap.org/edit?editor=id&way=923841456#map=20/45.4348772/9.2236362"}}, {"type": "Feature", "geometry": {"type": "Point", "coordinates": [9.2237096, 45.4359266]}, "properties": {"id": 923841458, "feat_type": "way", "quality_categories": "missing_tags, older_than_five_years", "issue_ids": "[61, 2]", "osm_url": "https://www.openstreetmap.org/way/923841458", "josm_url": "http://127.0.0.1:8111/load_object?new_layer=false&objects=w923841458", "id_url": "https://www.openstreetmap.org/edit?editor=id&way=923841458#map=20/45.4359266/9.2237096"}}, {"type": "Feature", "geometry": {"type": "Point", "coordinates": [9.2230102, 45.4354827]}, "properties": {"id": 923841460, "feat_type": "way", "quality_categories": "missing_tags, older_than_five_years", "issue_ids": "[61, 2]", "osm_url": "https://www.openstreetmap.org/way/923841460", "josm_url": "http://127.0.0.1:8111/load_object?new_layer=false&objects=w923841460", "id_url": "https://www.openstreetmap.org/edit?editor=id&way=923841460#map=20/45.4354827/9.2230102"}}, {"type": "Feature", "geometry": {"type": "Point", "coordinates": [9.2228566, 45.4353865]}, "properties": {"id": 923841462, "feat_type": "way", "quality_categories": "missing_tags, older_than_five_years", "issue_ids": "[61, 2]", "osm_url": "https://www.openstreetmap.org/way/923841462", "josm_url": "http://127.0.0.1:8111/load_object?new_layer=false&objects=w923841462", "id_url": "https://www.openstreetmap.org/edit?editor=id&way=923841462#map=20/45.4353865/9.2228566"}}, {"type": "Feature", "geometry": {"type": "Point", "coordinates": [9.2287881, 45.4372493]}, "properties": {"id": 924381328, "feat_type": "way", "quality_categories": "missing_tags, older_than_five_years", "issue_ids": "[15, 2]", "osm_url": "https://www.openstreetmap.org/way/924381328", "josm_url": "http://127.0.0.1:8111/load_object?new_layer=false&objects=w924381328", "id_url": "https://www.openstreetmap.org/edit?editor=id&way=924381328#map=20/45.4372493/9.2287881"}}, {"type": "Feature", "geometry": {"type": "Point", "coordinates": [9.228492, 45.4357121]}, "properties": {"id": 924381330, "feat_type": "way", "quality_categories": "missing_tags, older_than_five_years", "issue_ids": "[15, 2]", "osm_url": "https://www.openstreetmap.org/way/924381330", "josm_url": "http://127.0.0.1:8111/load_object?new_layer=false&objects=w924381330", "id_url": "https://www.openstreetmap.org/edit?editor=id&way=924381330#map=20/45.4357121/9.228492"}}, {"type": "Feature", "geometry": {"type": "Point", "coordinates": [9.2283854, 45.4356859]}, "properties": {"id": 924381331, "feat_type": "way", "quality_categories": "missing_tags, older_than_five_years", "issue_ids": "[15, 2]", "osm_url": "https://www.openstreetmap.org/way/924381331", "josm_url": "http://127.0.0.1:8111/load_object?new_layer=false&objects=w924381331", "id_url": "https://www.openstreetmap.org/edit?editor=id&way=924381331#map=20/45.4356859/9.2283854"}}, {"type": "Feature", "geometry": {"type": "Point", "coordinates": [9.2206864, 45.4331976]}, "properties": {"id": 924392777, "feat_type": "way", "quality_categories": "missing_tags, older_than_five_years", "issue_ids": "[15, 2]", "osm_url": "https://www.openstreetmap.org/way/924392777", "josm_url": "http://127.0.0.1:8111/load_object?new_layer=false&objects=w924392777", "id_url": "https://www.openstreetmap.org/edit?editor=id&way=924392777#map=20/45.4331976/9.2206864"}}, {"type": "Feature", "geometry": {"type": "Point", "coordinates": [9.2202629, 45.4337811]}, "properties": {"id": 924392781, "feat_type": "way", "quality_categories": "missing_tags, older_than_five_years", "issue_ids": "[15, 2]", "osm_url": "https://www.openstreetmap.org/way/924392781", "josm_url": "http://127.0.0.1:8111/load_object?new_layer=false&objects=w924392781", "id_url": "https://www.openstreetmap.org/edit?editor=id&way=924392781#map=20/45.4337811/9.2202629"}}, {"type": "Feature", "geometry": {"type": "Point", "coordinates": [9.2283158, 45.4406616]}, "properties": {"id": 924400995, "feat_type": "way", "quality_categories": "missing_tags, older_than_five_years", "issue_ids": "[15, 2]", "osm_url": "https://www.openstreetmap.org/way/924400995", "josm_url": "http://127.0.0.1:8111/load_object?new_layer=false&objects=w924400995", "id_url": "https://www.openstreetmap.org/edit?editor=id&way=924400995#map=20/45.4406616/9.2283158"}}, {"type": "Feature", "geometry": {"type": "Point", "coordinates": [9.2281193, 45.4407064]}, "properties": {"id": 924400997, "feat_type": "way", "quality_categories": "missing_tags, older_than_five_years", "issue_ids": "[15, 2]", "osm_url": "https://www.openstreetmap.org/way/924400997", "josm_url": "http://127.0.0.1:8111/load_object?new_layer=false&objects=w924400997", "id_url": "https://www.openstreetmap.org/edit?editor=id&way=924400997#map=20/45.4407064/9.2281193"}}, {"type": "Feature", "geometry": {"type": "Point", "coordinates": [9.2281204, 45.4408557]}, "properties": {"id": 924401000, "feat_type": "way", "quality_categories": "missing_tags, older_than_five_years", "issue_ids": "[15, 2]", "osm_url": "https://www.openstreetmap.org/way/924401000", "josm_url": "http://127.0.0.1:8111/load_object?new_layer=false&objects=w924401000", "id_url": "https://www.openstreetmap.org/edit?editor=id&way=924401000#map=20/45.4408557/9.2281204"}}, {"type": "Feature", "geometry": {"type": "Point", "coordinates": [9.2278994, 45.4408406]}, "properties": {"id": 924401002, "feat_type": "way", "quality_categories": "missing_tags, older_than_five_years", "issue_ids": "[15, 2]", "osm_url": "https://www.openstreetmap.org/way/924401002", "josm_url": "http://127.0.0.1:8111/load_object?new_layer=false&objects=w924401002", "id_url": "https://www.openstreetmap.org/edit?editor=id&way=924401002#map=20/45.4408406/9.2278994"}}, {"type": "Feature", "geometry": {"type": "Point", "coordinates": [9.2275911, 45.4410374]}, "properties": {"id": 924401003, "feat_type": "way", "quality_categories": "missing_tags, older_than_five_years", "issue_ids": "[15, 2]", "osm_url": "https://www.openstreetmap.org/way/924401003", "josm_url": "http://127.0.0.1:8111/load_object?new_layer=false&objects=w924401003", "id_url": "https://www.openstreetmap.org/edit?editor=id&way=924401003#map=20/45.4410374/9.2275911"}}, {"type": "Feature", "geometry": {"type": "Point", "coordinates": [9.1765455, 45.5013333]}, "properties": {"id": 943830325, "feat_type": "way", "quality_categories": "crossings_lacking_kerbs, missing_tags, older_than_five_years", "issue_ids": "[14, 2, 54]", "osm_url": "https://www.openstreetmap.org/way/943830325", "josm_url": "http://127.0.0.1:8111/load_object?new_layer=false&objects=w943830325", "id_url": "https://www.openstreetmap.org/edit?editor=id&way=943830325#map=20/45.5013333/9.1765455"}}, {"type": "Feature", "geometry": {"type": "Point", "coordinates": [9.2290136, 45.4463559]}, "properties": {"id": 943942977, "feat_type": "way", "quality_categories": "missing_tags, older_than_five_years", "issue_ids": "[14, 2]", "osm_url": "https://www.openstreetmap.org/way/943942977", "josm_url": "http://127.0.0.1:8111/load_object?new_layer=false&objects=w943942977", "id_url": "https://www.openstreetmap.org/edit?editor=id&way=943942977#map=20/45.4463559/9.2290136"}}, {"type": "Feature", "geometry": {"type": "Point", "coordinates": [9.227948, 45.4462419]}, "properties": {"id": 943942982, "feat_type": "way", "quality_categories": "missing_tags, older_than_five_years", "issue_ids": "[14, 2]", "osm_url": "https://www.openstreetmap.org/way/943942982", "josm_url": "http://127.0.0.1:8111/load_object?new_layer=false&objects=w943942982", "id_url": "https://www.openstreetmap.org/edit?editor=id&way=943942982#map=20/45.4462419/9.227948"}}, {"type": "Feature", "geometry": {"type": "Point", "coordinates": [9.2273147, 45.4462176]}, "properties": {"id": 943942983, "feat_type": "way", "quality_categories": "missing_tags, older_than_five_years", "issue_ids": "[14, 2]", "osm_url": "https://www.openstreetmap.org/way/943942983", "josm_url": "http://127.0.0.1:8111/load_object?new_layer=false&objects=w943942983", "id_url": "https://www.openstreetmap.org/edit?editor=id&way=943942983#map=20/45.4462176/9.2273147"}}, {"type": "Feature", "geometry": {"type": "Point", "coordinates": [9.2282586, 45.4461946]}, "properties": {"id": 943942984, "feat_type": "way", "quality_categories": "missing_tags, older_than_five_years", "issue_ids": "[14, 2]", "osm_url": "https://www.openstreetmap.org/way/943942984", "josm_url": "http://127.0.0.1:8111/load_object?new_layer=false&objects=w943942984", "id_url": "https://www.openstreetmap.org/edit?editor=id&way=943942984#map=20/45.4461946/9.2282586"}}, {"type": "Feature", "geometry": {"type": "Point", "coordinates": [9.2274327, 45.4425559]}, "properties": {"id": 943942986, "feat_type": "way", "quality_categories": "missing_tags, older_than_five_years", "issue_ids": "[14, 2]", "osm_url": "https://www.openstreetmap.org/way/943942986", "josm_url": "http://127.0.0.1:8111/load_object?new_layer=false&objects=w943942986", "id_url": "https://www.openstreetmap.org/edit?editor=id&way=943942986#map=20/45.4425559/9.2274327"}}, {"type": "Feature", "geometry": {"type": "Point", "coordinates": [9.2272821, 45.4423088]}, "properties": {"id": 943942987, "feat_type": "way", "quality_categories": "missing_tags, older_than_five_years", "issue_ids": "[14, 2]", "osm_url": "https://www.openstreetmap.org/way/943942987", "josm_url": "http://127.0.0.1:8111/load_object?new_layer=false&objects=w943942987", "id_url": "https://www.openstreetmap.org/edit?editor=id&way=943942987#map=20/45.4423088/9.2272821"}}, {"type": "Feature", "geometry": {"type": "Point", "coordinates": [9.2274397, 45.4426725]}, "properties": {"id": 943942989, "feat_type": "way", "quality_categories": "missing_tags, older_than_five_years", "issue_ids": "[14, 2]", "osm_url": "https://www.openstreetmap.org/way/943942989", "josm_url": "http://127.0.0.1:8111/load_object?new_layer=false&objects=w943942989", "id_url": "https://www.openstreetmap.org/edit?editor=id&way=943942989#map=20/45.4426725/9.2274397"}}, {"type": "Feature", "geometry": {"type": "Point", "coordinates": [9.2258844, 45.4421256]}, "properties": {"id": 943942990, "feat_type": "way", "quality_categories": "missing_tags, older_than_five_years", "issue_ids": "[14, 2]", "osm_url": "https://www.openstreetmap.org/way/943942990", "josm_url": "http://127.0.0.1:8111/load_object?new_layer=false&objects=w943942990", "id_url": "https://www.openstreetmap.org/edit?editor=id&way=943942990#map=20/45.4421256/9.2258844"}}, {"type": "Feature", "geometry": {"type": "Point", "coordinates": [9.2252659, 45.442572]}, "properties": {"id": 943942992, "feat_type": "way", "quality_categories": "missing_tags, older_than_five_years", "issue_ids": "[14, 2]", "osm_url": "https://www.openstreetmap.org/way/943942992", "josm_url": "http://127.0.0.1:8111/load_object?new_layer=false&objects=w943942992", "id_url": "https://www.openstreetmap.org/edit?editor=id&way=943942992#map=20/45.442572/9.2252659"}}, {"type": "Feature", "geometry": {"type": "Point", "coordinates": [9.2260046, 45.4421287]}, "properties": {"id": 943942993, "feat_type": "way", "quality_categories": "missing_tags, older_than_five_years", "issue_ids": "[14, 2]", "osm_url": "https://www.openstreetmap.org/way/943942993", "josm_url": "http://127.0.0.1:8111/load_object?new_layer=false&objects=w943942993", "id_url": "https://www.openstreetmap.org/edit?editor=id&way=943942993#map=20/45.4421287/9.2260046"}}, {"type": "Feature", "geometry": {"type": "Point", "coordinates": [9.2270649, 45.4433351]}, "properties": {"id": 943942997, "feat_type": "way", "quality_categories": "missing_tags, older_than_five_years", "issue_ids": "[14, 2]", "osm_url": "https://www.openstreetmap.org/way/943942997", "josm_url": "http://127.0.0.1:8111/load_object?new_layer=false&objects=w943942997", "id_url": "https://www.openstreetmap.org/edit?editor=id&way=943942997#map=20/45.4433351/9.2270649"}}, {"type": "Feature", "geometry": {"type": "Point", "coordinates": [9.2254158, 45.4427917]}, "properties": {"id": 943943004, "feat_type": "way", "quality_categories": "missing_tags, older_than_five_years", "issue_ids": "[59, 2]", "osm_url": "https://www.openstreetmap.org/way/943943004", "josm_url": "http://127.0.0.1:8111/load_object?new_layer=false&objects=w943943004", "id_url": "https://www.openstreetmap.org/edit?editor=id&way=943943004#map=20/45.4427917/9.2254158"}}, {"type": "Feature", "geometry": {"type": "Point", "coordinates": [9.2249589, 45.4430681]}, "properties": {"id": 943943013, "feat_type": "way", "quality_categories": "missing_tags, older_than_five_years", "issue_ids": "[14, 2]", "osm_url": "https://www.openstreetmap.org/way/943943013", "josm_url": "http://127.0.0.1:8111/load_object?new_layer=false&objects=w943943013", "id_url": "https://www.openstreetmap.org/edit?editor=id&way=943943013#map=20/45.4430681/9.2249589"}}, {"type": "Feature", "geometry": {"type": "Point", "coordinates": [9.225705, 45.4434994]}, "properties": {"id": 943943016, "feat_type": "way", "quality_categories": "missing_tags, older_than_five_years", "issue_ids": "[59, 2]", "osm_url": "https://www.openstreetmap.org/way/943943016", "josm_url": "http://127.0.0.1:8111/load_object?new_layer=false&objects=w943943016", "id_url": "https://www.openstreetmap.org/edit?editor=id&way=943943016#map=20/45.4434994/9.225705"}}, {"type": "Feature", "geometry": {"type": "Point", "coordinates": [9.225943, 45.4438166]}, "properties": {"id": 943943021, "feat_type": "way", "quality_categories": "missing_tags, older_than_five_years", "issue_ids": "[14, 2]", "osm_url": "https://www.openstreetmap.org/way/943943021", "josm_url": "http://127.0.0.1:8111/load_object?new_layer=false&objects=w943943021", "id_url": "https://www.openstreetmap.org/edit?editor=id&way=943943021#map=20/45.4438166/9.225943"}}, {"type": "Feature", "geometry": {"type": "Point", "coordinates": [9.2264174, 45.4438423]}, "properties": {"id": 943943025, "feat_type": "way", "quality_categories": "missing_tags, older_than_five_years", "issue_ids": "[14, 2]", "osm_url": "https://www.openstreetmap.org/way/943943025", "josm_url": "http://127.0.0.1:8111/load_object?new_layer=false&objects=w943943025", "id_url": "https://www.openstreetmap.org/edit?editor=id&way=943943025#map=20/45.4438423/9.2264174"}}, {"type": "Feature", "geometry": {"type": "Point", "coordinates": [9.2266285, 45.4438806]}, "properties": {"id": 943943027, "feat_type": "way", "quality_categories": "missing_tags, older_than_five_years", "issue_ids": "[14, 2]", "osm_url": "https://www.openstreetmap.org/way/943943027", "josm_url": "http://127.0.0.1:8111/load_object?new_layer=false&objects=w943943027", "id_url": "https://www.openstreetmap.org/edit?editor=id&way=943943027#map=20/45.4438806/9.2266285"}}, {"type": "Feature", "geometry": {"type": "Point", "coordinates": [9.2265479, 45.4444021]}, "properties": {"id": 943943028, "feat_type": "way", "quality_categories": "missing_tags, older_than_five_years", "issue_ids": "[14, 2]", "osm_url": "https://www.openstreetmap.org/way/943943028", "josm_url": "http://127.0.0.1:8111/load_object?new_layer=false&objects=w943943028", "id_url": "https://www.openstreetmap.org/edit?editor=id&way=943943028#map=20/45.4444021/9.2265479"}}, {"type": "Feature", "geometry": {"type": "Point", "coordinates": [9.2267086, 45.4439397]}, "properties": {"id": 943943029, "feat_type": "way", "quality_categories": "missing_tags, older_than_five_years", "issue_ids": "[14, 2]", "osm_url": "https://www.openstreetmap.org/way/943943029", "josm_url": "http://127.0.0.1:8111/load_object?new_layer=false&objects=w943943029", "id_url": "https://www.openstreetmap.org/edit?editor=id&way=943943029#map=20/45.4439397/9.2267086"}}, {"type": "Feature", "geometry": {"type": "Point", "coordinates": [9.2263158, 45.4444548]}, "properties": {"id": 943943033, "feat_type": "way", "quality_categories": "missing_tags, older_than_five_years", "issue_ids": "[14, 2]", "osm_url": "https://www.openstreetmap.org/way/943943033", "josm_url": "http://127.0.0.1:8111/load_object?new_layer=false&objects=w943943033", "id_url": "https://www.openstreetmap.org/edit?editor=id&way=943943033#map=20/45.4444548/9.2263158"}}, {"type": "Feature", "geometry": {"type": "Point", "coordinates": [9.2263996, 45.4446335]}, "properties": {"id": 943943034, "feat_type": "way", "quality_categories": "missing_tags, older_than_five_years", "issue_ids": "[14, 2]", "osm_url": "https://www.openstreetmap.org/way/943943034", "josm_url": "http://127.0.0.1:8111/load_object?new_layer=false&objects=w943943034", "id_url": "https://www.openstreetmap.org/edit?editor=id&way=943943034#map=20/45.4446335/9.2263996"}}, {"type": "Feature", "geometry": {"type": "Point", "coordinates": [9.2263212, 45.4460693]}, "properties": {"id": 943943035, "feat_type": "way", "quality_categories": "missing_tags, older_than_five_years", "issue_ids": "[14, 2]", "osm_url": "https://www.openstreetmap.org/way/943943035", "josm_url": "http://127.0.0.1:8111/load_object?new_layer=false&objects=w943943035", "id_url": "https://www.openstreetmap.org/edit?editor=id&way=943943035#map=20/45.4460693/9.2263212"}}, {"type": "Feature", "geometry": {"type": "Point", "coordinates": [9.2314383, 45.4452609]}, "properties": {"id": 944190757, "feat_type": "way", "quality_categories": "missing_tags, older_than_five_years", "issue_ids": "[60, 2]", "osm_url": "https://www.openstreetmap.org/way/944190757", "josm_url": "http://127.0.0.1:8111/load_object?new_layer=false&objects=w944190757", "id_url": "https://www.openstreetmap.org/edit?editor=id&way=944190757#map=20/45.4452609/9.2314383"}}, {"type": "Feature", "geometry": {"type": "Point", "coordinates": [9.2316517, 45.4452171]}, "properties": {"id": 944190758, "feat_type": "way", "quality_categories": "missing_tags, older_than_five_years", "issue_ids": "[60, 2]", "osm_url": "https://www.openstreetmap.org/way/944190758", "josm_url": "http://127.0.0.1:8111/load_object?new_layer=false&objects=w944190758", "id_url": "https://www.openstreetmap.org/edit?editor=id&way=944190758#map=20/45.4452171/9.2316517"}}, {"type": "Feature", "geometry": {"type": "Point", "coordinates": [9.234151, 45.4387422]}, "properties": {"id": 944190775, "feat_type": "way", "quality_categories": "missing_tags, older_than_five_years", "issue_ids": "[60, 2]", "osm_url": "https://www.openstreetmap.org/way/944190775", "josm_url": "http://127.0.0.1:8111/load_object?new_layer=false&objects=w944190775", "id_url": "https://www.openstreetmap.org/edit?editor=id&way=944190775#map=20/45.4387422/9.234151"}}, {"type": "Feature", "geometry": {"type": "Point", "coordinates": [9.2342511, 45.4384857]}, "properties": {"id": 944190776, "feat_type": "way", "quality_categories": "missing_tags, older_than_five_years", "issue_ids": "[60, 2]", "osm_url": "https://www.openstreetmap.org/way/944190776", "josm_url": "http://127.0.0.1:8111/load_object?new_layer=false&objects=w944190776", "id_url": "https://www.openstreetmap.org/edit?editor=id&way=944190776#map=20/45.4384857/9.2342511"}}, {"type": "Feature", "geometry": {"type": "Point", "coordinates": [9.2340934, 45.4385357]}, "properties": {"id": 944190777, "feat_type": "way", "quality_categories": "missing_tags, older_than_five_years", "issue_ids": "[60, 2]", "osm_url": "https://www.openstreetmap.org/way/944190777", "josm_url": "http://127.0.0.1:8111/load_object?new_layer=false&objects=w944190777", "id_url": "https://www.openstreetmap.org/edit?editor=id&way=944190777#map=20/45.4385357/9.2340934"}}, {"type": "Feature", "geometry": {"type": "Point", "coordinates": [9.234054, 45.4386575]}, "properties": {"id": 944190778, "feat_type": "way", "quality_categories": "missing_tags, older_than_five_years", "issue_ids": "[60, 2]", "osm_url": "https://www.openstreetmap.org/way/944190778", "josm_url": "http://127.0.0.1:8111/load_object?new_layer=false&objects=w944190778", "id_url": "https://www.openstreetmap.org/edit?editor=id&way=944190778#map=20/45.4386575/9.234054"}}, {"type": "Feature", "geometry": {"type": "Point", "coordinates": [9.2302411, 45.4420551]}, "properties": {"id": 944190781, "feat_type": "way", "quality_categories": "missing_tags, older_than_five_years", "issue_ids": "[60, 2]", "osm_url": "https://www.openstreetmap.org/way/944190781", "josm_url": "http://127.0.0.1:8111/load_object?new_layer=false&objects=w944190781", "id_url": "https://www.openstreetmap.org/edit?editor=id&way=944190781#map=20/45.4420551/9.2302411"}}, {"type": "Feature", "geometry": {"type": "Point", "coordinates": [9.229694, 45.4435116]}, "properties": {"id": 944190782, "feat_type": "way", "quality_categories": "missing_tags, older_than_five_years", "issue_ids": "[60, 2]", "osm_url": "https://www.openstreetmap.org/way/944190782", "josm_url": "http://127.0.0.1:8111/load_object?new_layer=false&objects=w944190782", "id_url": "https://www.openstreetmap.org/edit?editor=id&way=944190782#map=20/45.4435116/9.229694"}}, {"type": "Feature", "geometry": {"type": "Point", "coordinates": [9.2279318, 45.4430122]}, "properties": {"id": 944190783, "feat_type": "way", "quality_categories": "missing_tags, older_than_five_years", "issue_ids": "[60, 2]", "osm_url": "https://www.openstreetmap.org/way/944190783", "josm_url": "http://127.0.0.1:8111/load_object?new_layer=false&objects=w944190783", "id_url": "https://www.openstreetmap.org/edit?editor=id&way=944190783#map=20/45.4430122/9.2279318"}}, {"type": "Feature", "geometry": {"type": "Point", "coordinates": [9.2315554, 45.4457848]}, "properties": {"id": 944233201, "feat_type": "way", "quality_categories": "missing_tags, older_than_five_years", "issue_ids": "[60, 2]", "osm_url": "https://www.openstreetmap.org/way/944233201", "josm_url": "http://127.0.0.1:8111/load_object?new_layer=false&objects=w944233201", "id_url": "https://www.openstreetmap.org/edit?editor=id&way=944233201#map=20/45.4457848/9.2315554"}}, {"type": "Feature", "geometry": {"type": "Point", "coordinates": [9.2301959, 45.4462182]}, "properties": {"id": 944233202, "feat_type": "way", "quality_categories": "missing_tags, older_than_five_years", "issue_ids": "[60, 2]", "osm_url": "https://www.openstreetmap.org/way/944233202", "josm_url": "http://127.0.0.1:8111/load_object?new_layer=false&objects=w944233202", "id_url": "https://www.openstreetmap.org/edit?editor=id&way=944233202#map=20/45.4462182/9.2301959"}}, {"type": "Feature", "geometry": {"type": "Point", "coordinates": [9.230691, 45.4446223]}, "properties": {"id": 944233210, "feat_type": "way", "quality_categories": "missing_tags, older_than_five_years", "issue_ids": "[60, 2]", "osm_url": "https://www.openstreetmap.org/way/944233210", "josm_url": "http://127.0.0.1:8111/load_object?new_layer=false&objects=w944233210", "id_url": "https://www.openstreetmap.org/edit?editor=id&way=944233210#map=20/45.4446223/9.230691"}}, {"type": "Feature", "geometry": {"type": "Point", "coordinates": [9.2284487, 45.448542]}, "properties": {"id": 944686588, "feat_type": "way", "quality_categories": "missing_tags, older_than_five_years", "issue_ids": "[59, 2]", "osm_url": "https://www.openstreetmap.org/way/944686588", "josm_url": "http://127.0.0.1:8111/load_object?new_layer=false&objects=w944686588", "id_url": "https://www.openstreetmap.org/edit?editor=id&way=944686588#map=20/45.448542/9.2284487"}}, {"type": "Feature", "geometry": {"type": "Point", "coordinates": [9.2284212, 45.4486186]}, "properties": {"id": 944686589, "feat_type": "way", "quality_categories": "missing_tags, older_than_five_years", "issue_ids": "[59, 2]", "osm_url": "https://www.openstreetmap.org/way/944686589", "josm_url": "http://127.0.0.1:8111/load_object?new_layer=false&objects=w944686589", "id_url": "https://www.openstreetmap.org/edit?editor=id&way=944686589#map=20/45.4486186/9.2284212"}}, {"type": "Feature", "geometry": {"type": "Point", "coordinates": [9.226905, 45.4431848]}, "properties": {"id": 944686596, "feat_type": "way", "quality_categories": "missing_tags, older_than_five_years", "issue_ids": "[59, 2]", "osm_url": "https://www.openstreetmap.org/way/944686596", "josm_url": "http://127.0.0.1:8111/load_object?new_layer=false&objects=w944686596", "id_url": "https://www.openstreetmap.org/edit?editor=id&way=944686596#map=20/45.4431848/9.226905"}}, {"type": "Feature", "geometry": {"type": "Point", "coordinates": [9.2259577, 45.4427996]}, "properties": {"id": 944686604, "feat_type": "way", "quality_categories": "missing_tags, older_than_five_years", "issue_ids": "[59, 2]", "osm_url": "https://www.openstreetmap.org/way/944686604", "josm_url": "http://127.0.0.1:8111/load_object?new_layer=false&objects=w944686604", "id_url": "https://www.openstreetmap.org/edit?editor=id&way=944686604#map=20/45.4427996/9.2259577"}}, {"type": "Feature", "geometry": {"type": "Point", "coordinates": [9.2257286, 45.4433051]}, "properties": {"id": 944686613, "feat_type": "way", "quality_categories": "missing_tags, older_than_five_years", "issue_ids": "[59, 2]", "osm_url": "https://www.openstreetmap.org/way/944686613", "josm_url": "http://127.0.0.1:8111/load_object?new_layer=false&objects=w944686613", "id_url": "https://www.openstreetmap.org/edit?editor=id&way=944686613#map=20/45.4433051/9.2257286"}}, {"type": "Feature", "geometry": {"type": "Point", "coordinates": [9.2262361, 45.4432798]}, "properties": {"id": 944686615, "feat_type": "way", "quality_categories": "missing_tags, older_than_five_years", "issue_ids": "[59, 2]", "osm_url": "https://www.openstreetmap.org/way/944686615", "josm_url": "http://127.0.0.1:8111/load_object?new_layer=false&objects=w944686615", "id_url": "https://www.openstreetmap.org/edit?editor=id&way=944686615#map=20/45.4432798/9.2262361"}}, {"type": "Feature", "geometry": {"type": "Point", "coordinates": [9.2266796, 45.443325]}, "properties": {"id": 944686616, "feat_type": "way", "quality_categories": "missing_tags, older_than_five_years", "issue_ids": "[59, 2]", "osm_url": "https://www.openstreetmap.org/way/944686616", "josm_url": "http://127.0.0.1:8111/load_object?new_layer=false&objects=w944686616", "id_url": "https://www.openstreetmap.org/edit?editor=id&way=944686616#map=20/45.443325/9.2266796"}}, {"type": "Feature", "geometry": {"type": "Point", "coordinates": [9.2383535, 45.4333189]}, "properties": {"id": 944747291, "feat_type": "way", "quality_categories": "missing_tags, older_than_five_years", "issue_ids": "[59, 2]", "osm_url": "https://www.openstreetmap.org/way/944747291", "josm_url": "http://127.0.0.1:8111/load_object?new_layer=false&objects=w944747291", "id_url": "https://www.openstreetmap.org/edit?editor=id&way=944747291#map=20/45.4333189/9.2383535"}}, {"type": "Feature", "geometry": {"type": "Point", "coordinates": [9.2352572, 45.43502]}, "properties": {"id": 944770660, "feat_type": "way", "quality_categories": "missing_tags, older_than_five_years", "issue_ids": "[59, 2]", "osm_url": "https://www.openstreetmap.org/way/944770660", "josm_url": "http://127.0.0.1:8111/load_object?new_layer=false&objects=w944770660", "id_url": "https://www.openstreetmap.org/edit?editor=id&way=944770660#map=20/45.43502/9.2352572"}}, {"type": "Feature", "geometry": {"type": "Point", "coordinates": [9.2277334, 45.4410913]}, "properties": {"id": 944770668, "feat_type": "way", "quality_categories": "missing_tags, older_than_five_years", "issue_ids": "[59, 2]", "osm_url": "https://www.openstreetmap.org/way/944770668", "josm_url": "http://127.0.0.1:8111/load_object?new_layer=false&objects=w944770668", "id_url": "https://www.openstreetmap.org/edit?editor=id&way=944770668#map=20/45.4410913/9.2277334"}}, {"type": "Feature", "geometry": {"type": "Point", "coordinates": [9.2227701, 45.4407837]}, "properties": {"id": 945109035, "feat_type": "way", "quality_categories": "missing_tags, older_than_five_years", "issue_ids": "[1, 2]", "osm_url": "https://www.openstreetmap.org/way/945109035", "josm_url": "http://127.0.0.1:8111/load_object?new_layer=false&objects=w945109035", "id_url": "https://www.openstreetmap.org/edit?editor=id&way=945109035#map=20/45.4407837/9.2227701"}}, {"type": "Feature", "geometry": {"type": "Point", "coordinates": [9.2226313, 45.4406551]}, "properties": {"id": 945109038, "feat_type": "way", "quality_categories": "missing_tags, older_than_five_years", "issue_ids": "[1, 2]", "osm_url": "https://www.openstreetmap.org/way/945109038", "josm_url": "http://127.0.0.1:8111/load_object?new_layer=false&objects=w945109038", "id_url": "https://www.openstreetmap.org/edit?editor=id&way=945109038#map=20/45.4406551/9.2226313"}}, {"type": "Feature", "geometry": {"type": "Point", "coordinates": [9.2238761, 45.4402966]}, "properties": {"id": 945109116, "feat_type": "way", "quality_categories": "missing_tags, older_than_five_years", "issue_ids": "[1, 2]", "osm_url": "https://www.openstreetmap.org/way/945109116", "josm_url": "http://127.0.0.1:8111/load_object?new_layer=false&objects=w945109116", "id_url": "https://www.openstreetmap.org/edit?editor=id&way=945109116#map=20/45.4402966/9.2238761"}}, {"type": "Feature", "geometry": {"type": "Point", "coordinates": [9.2244664, 45.4356216]}, "properties": {"id": 945109126, "feat_type": "way", "quality_categories": "missing_tags, older_than_five_years", "issue_ids": "[1, 2]", "osm_url": "https://www.openstreetmap.org/way/945109126", "josm_url": "http://127.0.0.1:8111/load_object?new_layer=false&objects=w945109126", "id_url": "https://www.openstreetmap.org/edit?editor=id&way=945109126#map=20/45.4356216/9.2244664"}}, {"type": "Feature", "geometry": {"type": "Point", "coordinates": [9.2240488, 45.435618]}, "properties": {"id": 945109129, "feat_type": "way", "quality_categories": "missing_tags, older_than_five_years", "issue_ids": "[1, 2]", "osm_url": "https://www.openstreetmap.org/way/945109129", "josm_url": "http://127.0.0.1:8111/load_object?new_layer=false&objects=w945109129", "id_url": "https://www.openstreetmap.org/edit?editor=id&way=945109129#map=20/45.435618/9.2240488"}}, {"type": "Feature", "geometry": {"type": "Point", "coordinates": [9.2244728, 45.4349188]}, "properties": {"id": 945109130, "feat_type": "way", "quality_categories": "missing_tags, older_than_five_years", "issue_ids": "[1, 2]", "osm_url": "https://www.openstreetmap.org/way/945109130", "josm_url": "http://127.0.0.1:8111/load_object?new_layer=false&objects=w945109130", "id_url": "https://www.openstreetmap.org/edit?editor=id&way=945109130#map=20/45.4349188/9.2244728"}}, {"type": "Feature", "geometry": {"type": "Point", "coordinates": [9.1851648, 45.4808655]}, "properties": {"id": 970680489, "feat_type": "way", "quality_categories": "missing_tags, older_than_five_years", "issue_ids": "[17, 2]", "osm_url": "https://www.openstreetmap.org/way/970680489", "josm_url": "http://127.0.0.1:8111/load_object?new_layer=false&objects=w970680489", "id_url": "https://www.openstreetmap.org/edit?editor=id&way=970680489#map=20/45.4808655/9.1851648"}}, {"type": "Feature", "geometry": {"type": "Point", "coordinates": [9.2168372, 45.5209023]}, "properties": {"id": 971618372, "feat_type": "way", "quality_categories": "missing_tags, older_than_five_years", "issue_ids": "[62, 2]", "osm_url": "https://www.openstreetmap.org/way/971618372", "josm_url": "http://127.0.0.1:8111/load_object?new_layer=false&objects=w971618372", "id_url": "https://www.openstreetmap.org/edit?editor=id&way=971618372#map=20/45.5209023/9.2168372"}}]}