{"type": "FeatureCollection", "features": [{"type": "Feature", "geometry": {"type": "Point", "coordinates": [9.1823366, 45.4851138]}, "properties": {"id": 575908626, "feat_type": "node", "quality_categories": "kerb_on_top_of_non_crossing, older_than_five_years", "issue_ids": "[0, 1]", "osm_url": "https://www.openstreetmap.org/node/575908626", "josm_url": "http://127.0.0.1:8111/load_object?new_layer=false&objects=n575908626", "id_url": "https://www.openstreetmap.org/edit?editor=id&node=575908626#map=20/45.4851138/9.1823366"}}, {"type": "Feature", "geometry": {"type": "Point", "coordinates": [9.1978596, 45.5068088]}, "properties": {"id": 1514319797, "feat_type": "node", "quality_categories": "kerb_on_top_of_non_crossing, older_than_five_years", "issue_ids": "[2, 1]", "osm_url": "https://www.openstreetmap.org/node/1514319797", "josm_url": "http://127.0.0.1:8111/load_object?new_layer=false&objects=n1514319797", "id_url": "https://www.openstreetmap.org/edit?editor=id&node=1514319797#map=20/45.5068088/9.1978596"}}, {"type": "Feature", "geometry": {"type": "Point", "coordinates": [9.1867804, 45.5033755]}, "properties": {"id": 1753249588, "feat_type": "node", "quality_categories": "kerb_on_top_of_non_crossing, older_than_five_years", "issue_ids": "[3, 1]", "osm_url": "https://www.openstreetmap.org/node/1753249588", "josm_url": "http://127.0.0.1:8111/load_object?new_layer=false&objects=n1753249588", "id_url": "https://www.openstreetmap.org/edit?editor=id&node=1753249588#map=20/45.5033755/9.1867804"}}, {"type": "Feature", "geometry": {"type": "Point", "coordinates": [9.2358902, 45.4847823]}, "properties": {"id": 1836642986, "feat_type": "node", "quality_categories": "kerb_on_top_of_non_crossing, older_than_five_years", "issue_ids": "[4, 1]", "osm_url": "https://www.openstreetmap.org/node/1836642986", "josm_url": "http://127.0.0.1:8111/load_object?new_layer=false&objects=n1836642986", "id_url": "https://www.openstreetmap.org/edit?editor=id&node=1836642986#map=20/45.4847823/9.2358902"}}, {"type": "Feature", "geometry": {"type": "Point", "coordinates": [9.2358258, 45.4847735]}, "properties": {"id": 1836643028, "feat_type": "node", "quality_categories": "kerb_on_top_of_non_crossing, older_than_five_years", "issue_ids": "[4, 1]", "osm_url": "https://www.openstreetmap.org/node/1836643028", "josm_url": "http://127.0.0.1:8111/load_object?new_layer=false&objects=n1836643028", "id_url": "https://www.openstreetmap.org/edit?editor=id&node=1836643028#map=20/45.4847735/9.2358258"}}, {"type": "Feature", "geometry": {"type": "Point", "coordinates": [9.1887197, 45.4640266]}, "properties": {"id": 1850014858, "feat_type": "node", "quality_categories": "older_than_five_years", "issue_ids": "[5]", "osm_url": "https://www.openstreetmap.org/node/1850014858", "josm_url": "http://127.0.0.1:8111/load_object?new_layer=false&objects=n1850014858", "id_url": "https://www.openstreetmap.org/edit?editor=id&node=1850014858#map=20/45.4640266/9.1887197"}}, {"type": "Feature", "geometry": {"type": "Point", "coordinates": [9.1887213, 45.4643573]}, "properties": {"id": 1857902571, "feat_type": "node", "quality_categories": "older_than_five_years", "issue_ids": "[6]", "osm_url": "https://www.openstreetmap.org/node/1857902571", "josm_url": "http://127.0.0.1:8111/load_object?new_layer=false&objects=n1857902571", "id_url": "https://www.openstreetmap.org/edit?editor=id&node=1857902571#map=20/45.4643573/9.1887213"}}, {"type": "Feature", "geometry": {"type": "Point", "coordinates": [9.1874908, 45.4574644]}, "properties": {"id": 1942874532, "feat_type": "node", "quality_categories": "older_than_five_years", "issue_ids": "[7]", "osm_url": "https://www.openstreetmap.org/node/1942874532", "josm_url": "http://127.0.0.1:8111/load_object?new_layer=false&objects=n1942874532", "id_url": "https://www.openstreetmap.org/edit?editor=id&node=1942874532#map=20/45.4574644/9.1874908"}}, {"type": "Feature", "geometry": {"type": "Point", "coordinates": [9.1869014, 45.4805344]}, "properties": {"id": 2145511988, "feat_type": "node", "quality_categories": "older_than_five_years", "issue_ids": "[8]", "osm_url": "https://www.openstreetmap.org/node/2145511988", "josm_url": "http://127.0.0.1:8111/load_object?new_layer=false&objects=n2145511988", "id_url": "https://www.openstreetmap.org/edit?editor=id&node=2145511988#map=20/45.4805344/9.1869014"}}, {"type": "Feature", "geometry": {"type": "Point", "coordinates": [9.1868551, 45.4803476]}, "properties": {"id": 2341666606, "feat_type": "node", "quality_categories": "older_than_five_years", "issue_ids": "[8]", "osm_url": "https://www.openstreetmap.org/node/2341666606", "josm_url": "http://127.0.0.1:8111/load_object?new_layer=false&objects=n2341666606", "id_url": "https://www.openstreetmap.org/edit?editor=id&node=2341666606#map=20/45.4803476/9.1868551"}}, {"type": "Feature", "geometry": {"type": "Point", "coordinates": [9.185143, 45.480599]}, "properties": {"id": 2416148248, "feat_type": "node", "quality_categories": "older_than_five_years", "issue_ids": "[9]", "osm_url": "https://www.openstreetmap.org/node/2416148248", "josm_url": "http://127.0.0.1:8111/load_object?new_layer=false&objects=n2416148248", "id_url": "https://www.openstreetmap.org/edit?editor=id&node=2416148248#map=20/45.480599/9.185143"}}, {"type": "Feature", "geometry": {"type": "Point", "coordinates": [9.1924826, 45.4924867]}, "properties": {"id": 2461310314, "feat_type": "node", "quality_categories": "kerb_on_top_of_non_crossing, older_than_five_years", "issue_ids": "[9, 1]", "osm_url": "https://www.openstreetmap.org/node/2461310314", "josm_url": "http://127.0.0.1:8111/load_object?new_layer=false&objects=n2461310314", "id_url": "https://www.openstreetmap.org/edit?editor=id&node=2461310314#map=20/45.4924867/9.1924826"}}, {"type": "Feature", "geometry": {"type": "Point", "coordinates": [9.1929897, 45.4923522]}, "properties": {"id": 2461310320, "feat_type": "node", "quality_categories": "kerb_on_top_of_non_crossing, older_than_five_years", "issue_ids": "[9, 1]", "osm_url": "https://www.openstreetmap.org/node/2461310320", "josm_url": "http://127.0.0.1:8111/load_object?new_layer=false&objects=n2461310320", "id_url": "https://www.openstreetmap.org/edit?editor=id&node=2461310320#map=20/45.4923522/9.1929897"}}, {"type": "Feature", "geometry": {"type": "Point", "coordinates": [9.2003457, 45.4623792]}, "properties": {"id": 2940882627, "feat_type": "node", "quality_categories": "kerb_on_top_of_non_crossing, older_than_five_years", "issue_ids": "[5, 1]", "osm_url": "https://www.openstreetmap.org/node/2940882627", "josm_url": "http://127.0.0.1:8111/load_object?new_layer=false&objects=n2940882627", "id_url": "https://www.openstreetmap.org/edit?editor=id&node=2940882627#map=20/45.4623792/9.2003457"}}, {"type": "Feature", "geometry": {"type": "Point", "coordinates": [9.1999003, 45.4623807]}, "properties": {"id": 2940882631, "feat_type": "node", "quality_categories": "kerb_on_top_of_non_crossing, older_than_five_years", "issue_ids": "[5, 1]", "osm_url": "https://www.openstreetmap.org/node/2940882631", "josm_url": "http://127.0.0.1:8111/load_object?new_layer=false&objects=n2940882631", "id_url": "https://www.openstreetmap.org/edit?editor=id&node=2940882631#map=20/45.4623807/9.1999003"}}, {"type": "Feature", "geometry": {"type": "Point", "coordinates": [9.1876806, 45.48347]}, "properties": {"id": 3307148303, "feat_type": "node", "quality_categories": "older_than_five_years", "issue_ids": "[10]", "osm_url": "https://www.openstreetmap.org/node/3307148303", "josm_url": "http://127.0.0.1:8111/load_object?new_layer=false&objects=n3307148303", "id_url": "https://www.openstreetmap.org/edit?editor=id&node=3307148303#map=20/45.48347/9.1876806"}}, {"type": "Feature", "geometry": {"type": "Point", "coordinates": [9.1877342, 45.4834791]}, "properties": {"id": 3307148305, "feat_type": "node", "quality_categories": "older_than_five_years", "issue_ids": "[10]", "osm_url": "https://www.openstreetmap.org/node/3307148305", "josm_url": "http://127.0.0.1:8111/load_object?new_layer=false&objects=n3307148305", "id_url": "https://www.openstreetmap.org/edit?editor=id&node=3307148305#map=20/45.4834791/9.1877342"}}, {"type": "Feature", "geometry": {"type": "Point", "coordinates": [9.235791, 45.4847915]}, "properties": {"id": 3455907788, "feat_type": "node", "quality_categories": "older_than_five_years", "issue_ids": "[4]", "osm_url": "https://www.openstreetmap.org/node/3455907788", "josm_url": "http://127.0.0.1:8111/load_object?new_layer=false&objects=n3455907788", "id_url": "https://www.openstreetmap.org/edit?editor=id&node=3455907788#map=20/45.4847915/9.235791"}}, {"type": "Feature", "geometry": {"type": "Point", "coordinates": [9.1852046, 45.4807463]}, "properties": {"id": 3914784452, "feat_type": "node", "quality_categories": "older_than_five_years", "issue_ids": "[9]", "osm_url": "https://www.openstreetmap.org/node/3914784452", "josm_url": "http://127.0.0.1:8111/load_object?new_layer=false&objects=n3914784452", "id_url": "https://www.openstreetmap.org/edit?editor=id&node=3914784452#map=20/45.4807463/9.1852046"}}, {"type": "Feature", "geometry": {"type": "Point", "coordinates": [9.192443, 45.4802698]}, "properties": {"id": 4230457940, "feat_type": "node", "quality_categories": "kerb_on_top_of_non_crossing, older_than_five_years", "issue_ids": "[10, 1]", "osm_url": "https://www.openstreetmap.org/node/4230457940", "josm_url": "http://127.0.0.1:8111/load_object?new_layer=false&objects=n4230457940", "id_url": "https://www.openstreetmap.org/edit?editor=id&node=4230457940#map=20/45.4802698/9.192443"}}, {"type": "Feature", "geometry": {"type": "Point", "coordinates": [9.1924529, 45.4803346]}, "properties": {"id": 4230457942, "feat_type": "node", "quality_categories": "kerb_on_top_of_non_crossing, older_than_five_years", "issue_ids": "[10, 1]", "osm_url": "https://www.openstreetmap.org/node/4230457942", "josm_url": "http://127.0.0.1:8111/load_object?new_layer=false&objects=n4230457942", "id_url": "https://www.openstreetmap.org/edit?editor=id&node=4230457942#map=20/45.4803346/9.1924529"}}, {"type": "Feature", "geometry": {"type": "Point", "coordinates": [9.190228, 45.4514309]}, "properties": {"id": 4382536451, "feat_type": "node", "quality_categories": "older_than_five_years", "issue_ids": "[7]", "osm_url": "https://www.openstreetmap.org/node/4382536451", "josm_url": "http://127.0.0.1:8111/load_object?new_layer=false&objects=n4382536451", "id_url": "https://www.openstreetmap.org/edit?editor=id&node=4382536451#map=20/45.4514309/9.190228"}}, {"type": "Feature", "geometry": {"type": "Point", "coordinates": [9.1905031, 45.4514594]}, "properties": {"id": 4382536457, "feat_type": "node", "quality_categories": "older_than_five_years", "issue_ids": "[7]", "osm_url": "https://www.openstreetmap.org/node/4382536457", "josm_url": "http://127.0.0.1:8111/load_object?new_layer=false&objects=n4382536457", "id_url": "https://www.openstreetmap.org/edit?editor=id&node=4382536457#map=20/45.4514594/9.1905031"}}, {"type": "Feature", "geometry": {"type": "Point", "coordinates": [9.1683425, 45.4728968]}, "properties": {"id": 4538439322, "feat_type": "node", "quality_categories": "older_than_five_years", "issue_ids": "[11]", "osm_url": "https://www.openstreetmap.org/node/4538439322", "josm_url": "http://127.0.0.1:8111/load_object?new_layer=false&objects=n4538439322", "id_url": "https://www.openstreetmap.org/edit?editor=id&node=4538439322#map=20/45.4728968/9.1683425"}}, {"type": "Feature", "geometry": {"type": "Point", "coordinates": [9.17213, 45.4663721]}, "properties": {"id": 4546838979, "feat_type": "node", "quality_categories": "older_than_five_years", "issue_ids": "[11]", "osm_url": "https://www.openstreetmap.org/node/4546838979", "josm_url": "http://127.0.0.1:8111/load_object?new_layer=false&objects=n4546838979", "id_url": "https://www.openstreetmap.org/edit?editor=id&node=4546838979#map=20/45.4663721/9.17213"}}, {"type": "Feature", "geometry": {"type": "Point", "coordinates": [9.1758077, 45.4679798]}, "properties": {"id": 4889403491, "feat_type": "node", "quality_categories": "older_than_five_years", "issue_ids": "[8]", "osm_url": "https://www.openstreetmap.org/node/4889403491", "josm_url": "http://127.0.0.1:8111/load_object?new_layer=false&objects=n4889403491", "id_url": "https://www.openstreetmap.org/edit?editor=id&node=4889403491#map=20/45.4679798/9.1758077"}}, {"type": "Feature", "geometry": {"type": "Point", "coordinates": [9.1877905, 45.4833824]}, "properties": {"id": 5143836544, "feat_type": "node", "quality_categories": "older_than_five_years", "issue_ids": "[10]", "osm_url": "https://www.openstreetmap.org/node/5143836544", "josm_url": "http://127.0.0.1:8111/load_object?new_layer=false&objects=n5143836544", "id_url": "https://www.openstreetmap.org/edit?editor=id&node=5143836544#map=20/45.4833824/9.1877905"}}, {"type": "Feature", "geometry": {"type": "Point", "coordinates": [9.220898, 45.4459532]}, "properties": {"id": 5413090060, "feat_type": "node", "quality_categories": "kerb_on_top_of_non_crossing, older_than_five_years", "issue_ids": "[12, 1]", "osm_url": "https://www.openstreetmap.org/node/5413090060", "josm_url": "http://127.0.0.1:8111/load_object?new_layer=false&objects=n5413090060", "id_url": "https://www.openstreetmap.org/edit?editor=id&node=5413090060#map=20/45.4459532/9.220898"}}, {"type": "Feature", "geometry": {"type": "Point", "coordinates": [9.2051693, 45.456377]}, "properties": {"id": 5585278708, "feat_type": "node", "quality_categories": "kerb_on_top_of_non_crossing, older_than_five_years", "issue_ids": "[5, 1]", "osm_url": "https://www.openstreetmap.org/node/5585278708", "josm_url": "http://127.0.0.1:8111/load_object?new_layer=false&objects=n5585278708", "id_url": "https://www.openstreetmap.org/edit?editor=id&node=5585278708#map=20/45.456377/9.2051693"}}, {"type": "Feature", "geometry": {"type": "Point", "coordinates": [9.2339724, 45.4758217]}, "properties": {"id": 5912626576, "feat_type": "node", "quality_categories": "improper_keys, older_than_five_years", "issue_ids": "[13, 11]", "osm_url": "https://www.openstreetmap.org/node/5912626576", "josm_url": "http://127.0.0.1:8111/load_object?new_layer=false&objects=n5912626576", "id_url": "https://www.openstreetmap.org/edit?editor=id&node=5912626576#map=20/45.4758217/9.2339724"}}, {"type": "Feature", "geometry": {"type": "Point", "coordinates": [9.2339552, 45.4753525]}, "properties": {"id": 5912626578, "feat_type": "node", "quality_categories": "improper_keys, older_than_five_years", "issue_ids": "[13, 11]", "osm_url": "https://www.openstreetmap.org/node/5912626578", "josm_url": "http://127.0.0.1:8111/load_object?new_layer=false&objects=n5912626578", "id_url": "https://www.openstreetmap.org/edit?editor=id&node=5912626578#map=20/45.4753525/9.2339552"}}, {"type": "Feature", "geometry": {"type": "Point", "coordinates": [9.1990077, 45.4626957]}, "properties": {"id": 6210423025, "feat_type": "node", "quality_categories": "older_than_five_years", "issue_ids": "[5]", "osm_url": "https://www.openstreetmap.org/node/6210423025", "josm_url": "http://127.0.0.1:8111/load_object?new_layer=false&objects=n6210423025", "id_url": "https://www.openstreetmap.org/edit?editor=id&node=6210423025#map=20/45.4626957/9.1990077"}}, {"type": "Feature", "geometry": {"type": "Point", "coordinates": [9.1988002, 45.4548883]}, "properties": {"id": 6251697187, "feat_type": "node", "quality_categories": "older_than_five_years", "issue_ids": "[11]", "osm_url": "https://www.openstreetmap.org/node/6251697187", "josm_url": "http://127.0.0.1:8111/load_object?new_layer=false&objects=n6251697187", "id_url": "https://www.openstreetmap.org/edit?editor=id&node=6251697187#map=20/45.4548883/9.1988002"}}, {"type": "Feature", "geometry": {"type": "Point", "coordinates": [9.1987154, 45.4548762]}, "properties": {"id": 6251697196, "feat_type": "node", "quality_categories": "older_than_five_years", "issue_ids": "[11]", "osm_url": "https://www.openstreetmap.org/node/6251697196", "josm_url": "http://127.0.0.1:8111/load_object?new_layer=false&objects=n6251697196", "id_url": "https://www.openstreetmap.org/edit?editor=id&node=6251697196#map=20/45.4548762/9.1987154"}}, {"type": "Feature", "geometry": {"type": "Point", "coordinates": [9.1975441, 45.4596382]}, "properties": {"id": 6251833382, "feat_type": "node", "quality_categories": "older_than_five_years", "issue_ids": "[7]", "osm_url": "https://www.openstreetmap.org/node/6251833382", "josm_url": "http://127.0.0.1:8111/load_object?new_layer=false&objects=n6251833382", "id_url": "https://www.openstreetmap.org/edit?editor=id&node=6251833382#map=20/45.4596382/9.1975441"}}, {"type": "Feature", "geometry": {"type": "Point", "coordinates": [9.2036363, 45.4538474]}, "properties": {"id": 6264079125, "feat_type": "node", "quality_categories": "older_than_five_years", "issue_ids": "[14]", "osm_url": "https://www.openstreetmap.org/node/6264079125", "josm_url": "http://127.0.0.1:8111/load_object?new_layer=false&objects=n6264079125", "id_url": "https://www.openstreetmap.org/edit?editor=id&node=6264079125#map=20/45.4538474/9.2036363"}}, {"type": "Feature", "geometry": {"type": "Point", "coordinates": [9.2035067, 45.4539107]}, "properties": {"id": 6264079126, "feat_type": "node", "quality_categories": "older_than_five_years", "issue_ids": "[14]", "osm_url": "https://www.openstreetmap.org/node/6264079126", "josm_url": "http://127.0.0.1:8111/load_object?new_layer=false&objects=n6264079126", "id_url": "https://www.openstreetmap.org/edit?editor=id&node=6264079126#map=20/45.4539107/9.2035067"}}, {"type": "Feature", "geometry": {"type": "Point", "coordinates": [9.20344, 45.4539297]}, "properties": {"id": 6264079134, "feat_type": "node", "quality_categories": "older_than_five_years", "issue_ids": "[14]", "osm_url": "https://www.openstreetmap.org/node/6264079134", "josm_url": "http://127.0.0.1:8111/load_object?new_layer=false&objects=n6264079134", "id_url": "https://www.openstreetmap.org/edit?editor=id&node=6264079134#map=20/45.4539297/9.20344"}}, {"type": "Feature", "geometry": {"type": "Point", "coordinates": [9.2042545, 45.4550289]}, "properties": {"id": 6266166344, "feat_type": "node", "quality_categories": "kerb_on_top_of_non_crossing, older_than_five_years", "issue_ids": "[14, 1]", "osm_url": "https://www.openstreetmap.org/node/6266166344", "josm_url": "http://127.0.0.1:8111/load_object?new_layer=false&objects=n6266166344", "id_url": "https://www.openstreetmap.org/edit?editor=id&node=6266166344#map=20/45.4550289/9.2042545"}}, {"type": "Feature", "geometry": {"type": "Point", "coordinates": [9.1975148, 45.4563224]}, "properties": {"id": 6278292935, "feat_type": "node", "quality_categories": "older_than_five_years", "issue_ids": "[11]", "osm_url": "https://www.openstreetmap.org/node/6278292935", "josm_url": "http://127.0.0.1:8111/load_object?new_layer=false&objects=n6278292935", "id_url": "https://www.openstreetmap.org/edit?editor=id&node=6278292935#map=20/45.4563224/9.1975148"}}, {"type": "Feature", "geometry": {"type": "Point", "coordinates": [9.2069805, 45.4609991]}, "properties": {"id": 6289208876, "feat_type": "node", "quality_categories": "older_than_five_years", "issue_ids": "[5]", "osm_url": "https://www.openstreetmap.org/node/6289208876", "josm_url": "http://127.0.0.1:8111/load_object?new_layer=false&objects=n6289208876", "id_url": "https://www.openstreetmap.org/edit?editor=id&node=6289208876#map=20/45.4609991/9.2069805"}}, {"type": "Feature", "geometry": {"type": "Point", "coordinates": [9.2070406, 45.4609414]}, "properties": {"id": 6289208881, "feat_type": "node", "quality_categories": "older_than_five_years", "issue_ids": "[5]", "osm_url": "https://www.openstreetmap.org/node/6289208881", "josm_url": "http://127.0.0.1:8111/load_object?new_layer=false&objects=n6289208881", "id_url": "https://www.openstreetmap.org/edit?editor=id&node=6289208881#map=20/45.4609414/9.2070406"}}, {"type": "Feature", "geometry": {"type": "Point", "coordinates": [9.2071721, 45.4598693]}, "properties": {"id": 6301059706, "feat_type": "node", "quality_categories": "older_than_five_years", "issue_ids": "[15]", "osm_url": "https://www.openstreetmap.org/node/6301059706", "josm_url": "http://127.0.0.1:8111/load_object?new_layer=false&objects=n6301059706", "id_url": "https://www.openstreetmap.org/edit?editor=id&node=6301059706#map=20/45.4598693/9.2071721"}}, {"type": "Feature", "geometry": {"type": "Point", "coordinates": [9.2071832, 45.4596517]}, "properties": {"id": 6301059711, "feat_type": "node", "quality_categories": "kerb_on_top_of_non_crossing, older_than_five_years", "issue_ids": "[15, 1]", "osm_url": "https://www.openstreetmap.org/node/6301059711", "josm_url": "http://127.0.0.1:8111/load_object?new_layer=false&objects=n6301059711", "id_url": "https://www.openstreetmap.org/edit?editor=id&node=6301059711#map=20/45.4596517/9.2071832"}}, {"type": "Feature", "geometry": {"type": "Point", "coordinates": [9.191428, 45.4599032]}, "properties": {"id": 6345515649, "feat_type": "node", "quality_categories": "older_than_five_years", "issue_ids": "[7]", "osm_url": "https://www.openstreetmap.org/node/6345515649", "josm_url": "http://127.0.0.1:8111/load_object?new_layer=false&objects=n6345515649", "id_url": "https://www.openstreetmap.org/edit?editor=id&node=6345515649#map=20/45.4599032/9.191428"}}, {"type": "Feature", "geometry": {"type": "Point", "coordinates": [9.1673361, 45.4584013]}, "properties": {"id": 6383705336, "feat_type": "node", "quality_categories": "older_than_five_years", "issue_ids": "[11]", "osm_url": "https://www.openstreetmap.org/node/6383705336", "josm_url": "http://127.0.0.1:8111/load_object?new_layer=false&objects=n6383705336", "id_url": "https://www.openstreetmap.org/edit?editor=id&node=6383705336#map=20/45.4584013/9.1673361"}}, {"type": "Feature", "geometry": {"type": "Point", "coordinates": [9.2350679, 45.4351058]}, "properties": {"id": 6406326822, "feat_type": "node", "quality_categories": "older_than_five_years", "issue_ids": "[11]", "osm_url": "https://www.openstreetmap.org/node/6406326822", "josm_url": "http://127.0.0.1:8111/load_object?new_layer=false&objects=n6406326822", "id_url": "https://www.openstreetmap.org/edit?editor=id&node=6406326822#map=20/45.4351058/9.2350679"}}, {"type": "Feature", "geometry": {"type": "Point", "coordinates": [9.2351795, 45.4350551]}, "properties": {"id": 6406326823, "feat_type": "node", "quality_categories": "older_than_five_years", "issue_ids": "[12]", "osm_url": "https://www.openstreetmap.org/node/6406326823", "josm_url": "http://127.0.0.1:8111/load_object?new_layer=false&objects=n6406326823", "id_url": "https://www.openstreetmap.org/edit?editor=id&node=6406326823#map=20/45.4350551/9.2351795"}}, {"type": "Feature", "geometry": {"type": "Point", "coordinates": [9.2352175, 45.4350392]}, "properties": {"id": 6406326824, "feat_type": "node", "quality_categories": "older_than_five_years", "issue_ids": "[12]", "osm_url": "https://www.openstreetmap.org/node/6406326824", "josm_url": "http://127.0.0.1:8111/load_object?new_layer=false&objects=n6406326824", "id_url": "https://www.openstreetmap.org/edit?editor=id&node=6406326824#map=20/45.4350392/9.2352175"}}, {"type": "Feature", "geometry": {"type": "Point", "coordinates": [9.2353682, 45.4349706]}, "properties": {"id": 6406326826, "feat_type": "node", "quality_categories": "older_than_five_years", "issue_ids": "[12]", "osm_url": "https://www.openstreetmap.org/node/6406326826", "josm_url": "http://127.0.0.1:8111/load_object?new_layer=false&objects=n6406326826", "id_url": "https://www.openstreetmap.org/edit?editor=id&node=6406326826#map=20/45.4349706/9.2353682"}}, {"type": "Feature", "geometry": {"type": "Point", "coordinates": [9.2309449, 45.4369454]}, "properties": {"id": 6407499574, "feat_type": "node", "quality_categories": "older_than_five_years", "issue_ids": "[16]", "osm_url": "https://www.openstreetmap.org/node/6407499574", "josm_url": "http://127.0.0.1:8111/load_object?new_layer=false&objects=n6407499574", "id_url": "https://www.openstreetmap.org/edit?editor=id&node=6407499574#map=20/45.4369454/9.2309449"}}, {"type": "Feature", "geometry": {"type": "Point", "coordinates": [9.230772, 45.4370179]}, "properties": {"id": 6408711287, "feat_type": "node", "quality_categories": "older_than_five_years", "issue_ids": "[17]", "osm_url": "https://www.openstreetmap.org/node/6408711287", "josm_url": "http://127.0.0.1:8111/load_object?new_layer=false&objects=n6408711287", "id_url": "https://www.openstreetmap.org/edit?editor=id&node=6408711287#map=20/45.4370179/9.230772"}}, {"type": "Feature", "geometry": {"type": "Point", "coordinates": [9.2286353, 45.4379799]}, "properties": {"id": 6408742879, "feat_type": "node", "quality_categories": "older_than_five_years", "issue_ids": "[11]", "osm_url": "https://www.openstreetmap.org/node/6408742879", "josm_url": "http://127.0.0.1:8111/load_object?new_layer=false&objects=n6408742879", "id_url": "https://www.openstreetmap.org/edit?editor=id&node=6408742879#map=20/45.4379799/9.2286353"}}, {"type": "Feature", "geometry": {"type": "Point", "coordinates": [9.2287824, 45.4379134]}, "properties": {"id": 6408743685, "feat_type": "node", "quality_categories": "older_than_five_years", "issue_ids": "[11]", "osm_url": "https://www.openstreetmap.org/node/6408743685", "josm_url": "http://127.0.0.1:8111/load_object?new_layer=false&objects=n6408743685", "id_url": "https://www.openstreetmap.org/edit?editor=id&node=6408743685#map=20/45.4379134/9.2287824"}}, {"type": "Feature", "geometry": {"type": "Point", "coordinates": [9.2265632, 45.4390127]}, "properties": {"id": 6408800413, "feat_type": "node", "quality_categories": "older_than_five_years", "issue_ids": "[17]", "osm_url": "https://www.openstreetmap.org/node/6408800413", "josm_url": "http://127.0.0.1:8111/load_object?new_layer=false&objects=n6408800413", "id_url": "https://www.openstreetmap.org/edit?editor=id&node=6408800413#map=20/45.4390127/9.2265632"}}, {"type": "Feature", "geometry": {"type": "Point", "coordinates": [9.2266703, 45.4389601]}, "properties": {"id": 6408800420, "feat_type": "node", "quality_categories": "older_than_five_years", "issue_ids": "[17]", "osm_url": "https://www.openstreetmap.org/node/6408800420", "josm_url": "http://127.0.0.1:8111/load_object?new_layer=false&objects=n6408800420", "id_url": "https://www.openstreetmap.org/edit?editor=id&node=6408800420#map=20/45.4389601/9.2266703"}}, {"type": "Feature", "geometry": {"type": "Point", "coordinates": [9.2325859, 45.4362272]}, "properties": {"id": 6408879021, "feat_type": "node", "quality_categories": "older_than_five_years", "issue_ids": "[11]", "osm_url": "https://www.openstreetmap.org/node/6408879021", "josm_url": "http://127.0.0.1:8111/load_object?new_layer=false&objects=n6408879021", "id_url": "https://www.openstreetmap.org/edit?editor=id&node=6408879021#map=20/45.4362272/9.2325859"}}, {"type": "Feature", "geometry": {"type": "Point", "coordinates": [9.2326732, 45.4361896]}, "properties": {"id": 6408879022, "feat_type": "node", "quality_categories": "older_than_five_years", "issue_ids": "[11]", "osm_url": "https://www.openstreetmap.org/node/6408879022", "josm_url": "http://127.0.0.1:8111/load_object?new_layer=false&objects=n6408879022", "id_url": "https://www.openstreetmap.org/edit?editor=id&node=6408879022#map=20/45.4361896/9.2326732"}}, {"type": "Feature", "geometry": {"type": "Point", "coordinates": [9.2287467, 45.4392856]}, "properties": {"id": 6408915995, "feat_type": "node", "quality_categories": "older_than_five_years", "issue_ids": "[11]", "osm_url": "https://www.openstreetmap.org/node/6408915995", "josm_url": "http://127.0.0.1:8111/load_object?new_layer=false&objects=n6408915995", "id_url": "https://www.openstreetmap.org/edit?editor=id&node=6408915995#map=20/45.4392856/9.2287467"}}, {"type": "Feature", "geometry": {"type": "Point", "coordinates": [9.2286648, 45.4393235]}, "properties": {"id": 6408915996, "feat_type": "node", "quality_categories": "older_than_five_years", "issue_ids": "[11]", "osm_url": "https://www.openstreetmap.org/node/6408915996", "josm_url": "http://127.0.0.1:8111/load_object?new_layer=false&objects=n6408915996", "id_url": "https://www.openstreetmap.org/edit?editor=id&node=6408915996#map=20/45.4393235/9.2286648"}}, {"type": "Feature", "geometry": {"type": "Point", "coordinates": [9.2325334, 45.437605]}, "properties": {"id": 6408955517, "feat_type": "node", "quality_categories": "older_than_five_years", "issue_ids": "[17]", "osm_url": "https://www.openstreetmap.org/node/6408955517", "josm_url": "http://127.0.0.1:8111/load_object?new_layer=false&objects=n6408955517", "id_url": "https://www.openstreetmap.org/edit?editor=id&node=6408955517#map=20/45.437605/9.2325334"}}, {"type": "Feature", "geometry": {"type": "Point", "coordinates": [9.2325786, 45.437645]}, "properties": {"id": 6408955518, "feat_type": "node", "quality_categories": "older_than_five_years", "issue_ids": "[11]", "osm_url": "https://www.openstreetmap.org/node/6408955518", "josm_url": "http://127.0.0.1:8111/load_object?new_layer=false&objects=n6408955518", "id_url": "https://www.openstreetmap.org/edit?editor=id&node=6408955518#map=20/45.437645/9.2325786"}}, {"type": "Feature", "geometry": {"type": "Point", "coordinates": [9.2334973, 45.4372283]}, "properties": {"id": 6408975667, "feat_type": "node", "quality_categories": "older_than_five_years", "issue_ids": "[11]", "osm_url": "https://www.openstreetmap.org/node/6408975667", "josm_url": "http://127.0.0.1:8111/load_object?new_layer=false&objects=n6408975667", "id_url": "https://www.openstreetmap.org/edit?editor=id&node=6408975667#map=20/45.4372283/9.2334973"}}, {"type": "Feature", "geometry": {"type": "Point", "coordinates": [9.2334296, 45.4371597]}, "properties": {"id": 6408975668, "feat_type": "node", "quality_categories": "older_than_five_years", "issue_ids": "[11]", "osm_url": "https://www.openstreetmap.org/node/6408975668", "josm_url": "http://127.0.0.1:8111/load_object?new_layer=false&objects=n6408975668", "id_url": "https://www.openstreetmap.org/edit?editor=id&node=6408975668#map=20/45.4371597/9.2334296"}}, {"type": "Feature", "geometry": {"type": "Point", "coordinates": [9.2335, 45.437092]}, "properties": {"id": 6408975671, "feat_type": "node", "quality_categories": "older_than_five_years", "issue_ids": "[11]", "osm_url": "https://www.openstreetmap.org/node/6408975671", "josm_url": "http://127.0.0.1:8111/load_object?new_layer=false&objects=n6408975671", "id_url": "https://www.openstreetmap.org/edit?editor=id&node=6408975671#map=20/45.437092/9.2335"}}, {"type": "Feature", "geometry": {"type": "Point", "coordinates": [9.2334324, 45.4371195]}, "properties": {"id": 6408975672, "feat_type": "node", "quality_categories": "older_than_five_years", "issue_ids": "[11]", "osm_url": "https://www.openstreetmap.org/node/6408975672", "josm_url": "http://127.0.0.1:8111/load_object?new_layer=false&objects=n6408975672", "id_url": "https://www.openstreetmap.org/edit?editor=id&node=6408975672#map=20/45.4371195/9.2334324"}}, {"type": "Feature", "geometry": {"type": "Point", "coordinates": [9.2324729, 45.4361301]}, "properties": {"id": 6408975673, "feat_type": "node", "quality_categories": "older_than_five_years", "issue_ids": "[11]", "osm_url": "https://www.openstreetmap.org/node/6408975673", "josm_url": "http://127.0.0.1:8111/load_object?new_layer=false&objects=n6408975673", "id_url": "https://www.openstreetmap.org/edit?editor=id&node=6408975673#map=20/45.4361301/9.2324729"}}, {"type": "Feature", "geometry": {"type": "Point", "coordinates": [9.2325556, 45.4362223]}, "properties": {"id": 6408975674, "feat_type": "node", "quality_categories": "older_than_five_years", "issue_ids": "[11]", "osm_url": "https://www.openstreetmap.org/node/6408975674", "josm_url": "http://127.0.0.1:8111/load_object?new_layer=false&objects=n6408975674", "id_url": "https://www.openstreetmap.org/edit?editor=id&node=6408975674#map=20/45.4362223/9.2325556"}}, {"type": "Feature", "geometry": {"type": "Point", "coordinates": [9.2256249, 45.4394867]}, "properties": {"id": 6411109210, "feat_type": "node", "quality_categories": "older_than_five_years", "issue_ids": "[11]", "osm_url": "https://www.openstreetmap.org/node/6411109210", "josm_url": "http://127.0.0.1:8111/load_object?new_layer=false&objects=n6411109210", "id_url": "https://www.openstreetmap.org/edit?editor=id&node=6411109210#map=20/45.4394867/9.2256249"}}, {"type": "Feature", "geometry": {"type": "Point", "coordinates": [9.2257127, 45.4394425]}, "properties": {"id": 6411109213, "feat_type": "node", "quality_categories": "older_than_five_years", "issue_ids": "[11]", "osm_url": "https://www.openstreetmap.org/node/6411109213", "josm_url": "http://127.0.0.1:8111/load_object?new_layer=false&objects=n6411109213", "id_url": "https://www.openstreetmap.org/edit?editor=id&node=6411109213#map=20/45.4394425/9.2257127"}}, {"type": "Feature", "geometry": {"type": "Point", "coordinates": [9.2271224, 45.4395355]}, "properties": {"id": 6411109224, "feat_type": "node", "quality_categories": "older_than_five_years", "issue_ids": "[11]", "osm_url": "https://www.openstreetmap.org/node/6411109224", "josm_url": "http://127.0.0.1:8111/load_object?new_layer=false&objects=n6411109224", "id_url": "https://www.openstreetmap.org/edit?editor=id&node=6411109224#map=20/45.4395355/9.2271224"}}, {"type": "Feature", "geometry": {"type": "Point", "coordinates": [9.2271587, 45.4395688]}, "properties": {"id": 6411109225, "feat_type": "node", "quality_categories": "older_than_five_years", "issue_ids": "[11]", "osm_url": "https://www.openstreetmap.org/node/6411109225", "josm_url": "http://127.0.0.1:8111/load_object?new_layer=false&objects=n6411109225", "id_url": "https://www.openstreetmap.org/edit?editor=id&node=6411109225#map=20/45.4395688/9.2271587"}}, {"type": "Feature", "geometry": {"type": "Point", "coordinates": [9.2278074, 45.4398178]}, "properties": {"id": 6411303227, "feat_type": "node", "quality_categories": "older_than_five_years", "issue_ids": "[11]", "osm_url": "https://www.openstreetmap.org/node/6411303227", "josm_url": "http://127.0.0.1:8111/load_object?new_layer=false&objects=n6411303227", "id_url": "https://www.openstreetmap.org/edit?editor=id&node=6411303227#map=20/45.4398178/9.2278074"}}, {"type": "Feature", "geometry": {"type": "Point", "coordinates": [9.2277558, 45.4397693]}, "properties": {"id": 6411303228, "feat_type": "node", "quality_categories": "older_than_five_years", "issue_ids": "[11]", "osm_url": "https://www.openstreetmap.org/node/6411303228", "josm_url": "http://127.0.0.1:8111/load_object?new_layer=false&objects=n6411303228", "id_url": "https://www.openstreetmap.org/edit?editor=id&node=6411303228#map=20/45.4397693/9.2277558"}}, {"type": "Feature", "geometry": {"type": "Point", "coordinates": [9.2259461, 45.4410759]}, "properties": {"id": 6411383224, "feat_type": "node", "quality_categories": "older_than_five_years", "issue_ids": "[11]", "osm_url": "https://www.openstreetmap.org/node/6411383224", "josm_url": "http://127.0.0.1:8111/load_object?new_layer=false&objects=n6411383224", "id_url": "https://www.openstreetmap.org/edit?editor=id&node=6411383224#map=20/45.4410759/9.2259461"}}, {"type": "Feature", "geometry": {"type": "Point", "coordinates": [9.2258593, 45.4411284]}, "properties": {"id": 6411383225, "feat_type": "node", "quality_categories": "older_than_five_years", "issue_ids": "[11]", "osm_url": "https://www.openstreetmap.org/node/6411383225", "josm_url": "http://127.0.0.1:8111/load_object?new_layer=false&objects=n6411383225", "id_url": "https://www.openstreetmap.org/edit?editor=id&node=6411383225#map=20/45.4411284/9.2258593"}}, {"type": "Feature", "geometry": {"type": "Point", "coordinates": [9.2258996, 45.440835]}, "properties": {"id": 6411383236, "feat_type": "node", "quality_categories": "older_than_five_years", "issue_ids": "[11]", "osm_url": "https://www.openstreetmap.org/node/6411383236", "josm_url": "http://127.0.0.1:8111/load_object?new_layer=false&objects=n6411383236", "id_url": "https://www.openstreetmap.org/edit?editor=id&node=6411383236#map=20/45.440835/9.2258996"}}, {"type": "Feature", "geometry": {"type": "Point", "coordinates": [9.2256285, 45.4408596]}, "properties": {"id": 6411383239, "feat_type": "node", "quality_categories": "older_than_five_years", "issue_ids": "[11]", "osm_url": "https://www.openstreetmap.org/node/6411383239", "josm_url": "http://127.0.0.1:8111/load_object?new_layer=false&objects=n6411383239", "id_url": "https://www.openstreetmap.org/edit?editor=id&node=6411383239#map=20/45.4408596/9.2256285"}}, {"type": "Feature", "geometry": {"type": "Point", "coordinates": [9.2256824, 45.44082]}, "properties": {"id": 6411383240, "feat_type": "node", "quality_categories": "older_than_five_years", "issue_ids": "[11]", "osm_url": "https://www.openstreetmap.org/node/6411383240", "josm_url": "http://127.0.0.1:8111/load_object?new_layer=false&objects=n6411383240", "id_url": "https://www.openstreetmap.org/edit?editor=id&node=6411383240#map=20/45.44082/9.2256824"}}, {"type": "Feature", "geometry": {"type": "Point", "coordinates": [9.2265865, 45.4405543]}, "properties": {"id": 6411413497, "feat_type": "node", "quality_categories": "older_than_five_years", "issue_ids": "[17]", "osm_url": "https://www.openstreetmap.org/node/6411413497", "josm_url": "http://127.0.0.1:8111/load_object?new_layer=false&objects=n6411413497", "id_url": "https://www.openstreetmap.org/edit?editor=id&node=6411413497#map=20/45.4405543/9.2265865"}}, {"type": "Feature", "geometry": {"type": "Point", "coordinates": [9.2266253, 45.4405284]}, "properties": {"id": 6411413498, "feat_type": "node", "quality_categories": "older_than_five_years", "issue_ids": "[17]", "osm_url": "https://www.openstreetmap.org/node/6411413498", "josm_url": "http://127.0.0.1:8111/load_object?new_layer=false&objects=n6411413498", "id_url": "https://www.openstreetmap.org/edit?editor=id&node=6411413498#map=20/45.4405284/9.2266253"}}, {"type": "Feature", "geometry": {"type": "Point", "coordinates": [9.2273745, 45.441274]}, "properties": {"id": 6411432704, "feat_type": "node", "quality_categories": "older_than_five_years", "issue_ids": "[17]", "osm_url": "https://www.openstreetmap.org/node/6411432704", "josm_url": "http://127.0.0.1:8111/load_object?new_layer=false&objects=n6411432704", "id_url": "https://www.openstreetmap.org/edit?editor=id&node=6411432704#map=20/45.441274/9.2273745"}}, {"type": "Feature", "geometry": {"type": "Point", "coordinates": [9.2273196, 45.4412294]}, "properties": {"id": 6411432707, "feat_type": "node", "quality_categories": "older_than_five_years", "issue_ids": "[17]", "osm_url": "https://www.openstreetmap.org/node/6411432707", "josm_url": "http://127.0.0.1:8111/load_object?new_layer=false&objects=n6411432707", "id_url": "https://www.openstreetmap.org/edit?editor=id&node=6411432707#map=20/45.4412294/9.2273196"}}, {"type": "Feature", "geometry": {"type": "Point", "coordinates": [9.2273859, 45.4411548]}, "properties": {"id": 6411432708, "feat_type": "node", "quality_categories": "older_than_five_years", "issue_ids": "[11]", "osm_url": "https://www.openstreetmap.org/node/6411432708", "josm_url": "http://127.0.0.1:8111/load_object?new_layer=false&objects=n6411432708", "id_url": "https://www.openstreetmap.org/edit?editor=id&node=6411432708#map=20/45.4411548/9.2273859"}}, {"type": "Feature", "geometry": {"type": "Point", "coordinates": [9.2273401, 45.4411784]}, "properties": {"id": 6411432709, "feat_type": "node", "quality_categories": "older_than_five_years", "issue_ids": "[11]", "osm_url": "https://www.openstreetmap.org/node/6411432709", "josm_url": "http://127.0.0.1:8111/load_object?new_layer=false&objects=n6411432709", "id_url": "https://www.openstreetmap.org/edit?editor=id&node=6411432709#map=20/45.4411784/9.2273401"}}, {"type": "Feature", "geometry": {"type": "Point", "coordinates": [9.2266679, 45.4416918]}, "properties": {"id": 6411488403, "feat_type": "node", "quality_categories": "older_than_five_years", "issue_ids": "[11]", "osm_url": "https://www.openstreetmap.org/node/6411488403", "josm_url": "http://127.0.0.1:8111/load_object?new_layer=false&objects=n6411488403", "id_url": "https://www.openstreetmap.org/edit?editor=id&node=6411488403#map=20/45.4416918/9.2266679"}}, {"type": "Feature", "geometry": {"type": "Point", "coordinates": [9.2266219, 45.4416505]}, "properties": {"id": 6411488404, "feat_type": "node", "quality_categories": "older_than_five_years", "issue_ids": "[11]", "osm_url": "https://www.openstreetmap.org/node/6411488404", "josm_url": "http://127.0.0.1:8111/load_object?new_layer=false&objects=n6411488404", "id_url": "https://www.openstreetmap.org/edit?editor=id&node=6411488404#map=20/45.4416505/9.2266219"}}, {"type": "Feature", "geometry": {"type": "Point", "coordinates": [9.2265164, 45.4417971]}, "properties": {"id": 6411488409, "feat_type": "node", "quality_categories": "older_than_five_years", "issue_ids": "[11]", "osm_url": "https://www.openstreetmap.org/node/6411488409", "josm_url": "http://127.0.0.1:8111/load_object?new_layer=false&objects=n6411488409", "id_url": "https://www.openstreetmap.org/edit?editor=id&node=6411488409#map=20/45.4417971/9.2265164"}}, {"type": "Feature", "geometry": {"type": "Point", "coordinates": [9.2264622, 45.4417473]}, "properties": {"id": 6411488410, "feat_type": "node", "quality_categories": "older_than_five_years", "issue_ids": "[11]", "osm_url": "https://www.openstreetmap.org/node/6411488410", "josm_url": "http://127.0.0.1:8111/load_object?new_layer=false&objects=n6411488410", "id_url": "https://www.openstreetmap.org/edit?editor=id&node=6411488410#map=20/45.4417473/9.2264622"}}, {"type": "Feature", "geometry": {"type": "Point", "coordinates": [9.1710708, 45.4749007]}, "properties": {"id": 6420967682, "feat_type": "node", "quality_categories": "older_than_five_years", "issue_ids": "[11]", "osm_url": "https://www.openstreetmap.org/node/6420967682", "josm_url": "http://127.0.0.1:8111/load_object?new_layer=false&objects=n6420967682", "id_url": "https://www.openstreetmap.org/edit?editor=id&node=6420967682#map=20/45.4749007/9.1710708"}}, {"type": "Feature", "geometry": {"type": "Point", "coordinates": [9.1704848, 45.4712684]}, "properties": {"id": 6423565546, "feat_type": "node", "quality_categories": "older_than_five_years", "issue_ids": "[11]", "osm_url": "https://www.openstreetmap.org/node/6423565546", "josm_url": "http://127.0.0.1:8111/load_object?new_layer=false&objects=n6423565546", "id_url": "https://www.openstreetmap.org/edit?editor=id&node=6423565546#map=20/45.4712684/9.1704848"}}, {"type": "Feature", "geometry": {"type": "Point", "coordinates": [9.1704322, 45.4712315]}, "properties": {"id": 6423565547, "feat_type": "node", "quality_categories": "older_than_five_years", "issue_ids": "[11]", "osm_url": "https://www.openstreetmap.org/node/6423565547", "josm_url": "http://127.0.0.1:8111/load_object?new_layer=false&objects=n6423565547", "id_url": "https://www.openstreetmap.org/edit?editor=id&node=6423565547#map=20/45.4712315/9.1704322"}}, {"type": "Feature", "geometry": {"type": "Point", "coordinates": [9.1852377, 45.4808254]}, "properties": {"id": 6425054653, "feat_type": "node", "quality_categories": "older_than_five_years", "issue_ids": "[9]", "osm_url": "https://www.openstreetmap.org/node/6425054653", "josm_url": "http://127.0.0.1:8111/load_object?new_layer=false&objects=n6425054653", "id_url": "https://www.openstreetmap.org/edit?editor=id&node=6425054653#map=20/45.4808254/9.1852377"}}, {"type": "Feature", "geometry": {"type": "Point", "coordinates": [9.1674622, 45.4684735]}, "properties": {"id": 6425246243, "feat_type": "node", "quality_categories": "older_than_five_years", "issue_ids": "[8]", "osm_url": "https://www.openstreetmap.org/node/6425246243", "josm_url": "http://127.0.0.1:8111/load_object?new_layer=false&objects=n6425246243", "id_url": "https://www.openstreetmap.org/edit?editor=id&node=6425246243#map=20/45.4684735/9.1674622"}}, {"type": "Feature", "geometry": {"type": "Point", "coordinates": [9.1673696, 45.4684084]}, "properties": {"id": 6425246244, "feat_type": "node", "quality_categories": "older_than_five_years", "issue_ids": "[8]", "osm_url": "https://www.openstreetmap.org/node/6425246244", "josm_url": "http://127.0.0.1:8111/load_object?new_layer=false&objects=n6425246244", "id_url": "https://www.openstreetmap.org/edit?editor=id&node=6425246244#map=20/45.4684084/9.1673696"}}, {"type": "Feature", "geometry": {"type": "Point", "coordinates": [9.1703007, 45.469929]}, "properties": {"id": 6425417312, "feat_type": "node", "quality_categories": "older_than_five_years", "issue_ids": "[11]", "osm_url": "https://www.openstreetmap.org/node/6425417312", "josm_url": "http://127.0.0.1:8111/load_object?new_layer=false&objects=n6425417312", "id_url": "https://www.openstreetmap.org/edit?editor=id&node=6425417312#map=20/45.469929/9.1703007"}}, {"type": "Feature", "geometry": {"type": "Point", "coordinates": [9.1702814, 45.4699442]}, "properties": {"id": 6425417313, "feat_type": "node", "quality_categories": "older_than_five_years", "issue_ids": "[11]", "osm_url": "https://www.openstreetmap.org/node/6425417313", "josm_url": "http://127.0.0.1:8111/load_object?new_layer=false&objects=n6425417313", "id_url": "https://www.openstreetmap.org/edit?editor=id&node=6425417313#map=20/45.4699442/9.1702814"}}, {"type": "Feature", "geometry": {"type": "Point", "coordinates": [9.1702539, 45.4699659]}, "properties": {"id": 6425417314, "feat_type": "node", "quality_categories": "older_than_five_years", "issue_ids": "[11]", "osm_url": "https://www.openstreetmap.org/node/6425417314", "josm_url": "http://127.0.0.1:8111/load_object?new_layer=false&objects=n6425417314", "id_url": "https://www.openstreetmap.org/edit?editor=id&node=6425417314#map=20/45.4699659/9.1702539"}}, {"type": "Feature", "geometry": {"type": "Point", "coordinates": [9.1701184, 45.4700727]}, "properties": {"id": 6425417315, "feat_type": "node", "quality_categories": "older_than_five_years", "issue_ids": "[11]", "osm_url": "https://www.openstreetmap.org/node/6425417315", "josm_url": "http://127.0.0.1:8111/load_object?new_layer=false&objects=n6425417315", "id_url": "https://www.openstreetmap.org/edit?editor=id&node=6425417315#map=20/45.4700727/9.1701184"}}, {"type": "Feature", "geometry": {"type": "Point", "coordinates": [9.1701378, 45.4700574]}, "properties": {"id": 6425417316, "feat_type": "node", "quality_categories": "older_than_five_years", "issue_ids": "[11]", "osm_url": "https://www.openstreetmap.org/node/6425417316", "josm_url": "http://127.0.0.1:8111/load_object?new_layer=false&objects=n6425417316", "id_url": "https://www.openstreetmap.org/edit?editor=id&node=6425417316#map=20/45.4700574/9.1701378"}}, {"type": "Feature", "geometry": {"type": "Point", "coordinates": [9.1701001, 45.4700871]}, "properties": {"id": 6425417317, "feat_type": "node", "quality_categories": "older_than_five_years", "issue_ids": "[11]", "osm_url": "https://www.openstreetmap.org/node/6425417317", "josm_url": "http://127.0.0.1:8111/load_object?new_layer=false&objects=n6425417317", "id_url": "https://www.openstreetmap.org/edit?editor=id&node=6425417317#map=20/45.4700871/9.1701001"}}, {"type": "Feature", "geometry": {"type": "Point", "coordinates": [9.1700635, 45.470116]}, "properties": {"id": 6425417323, "feat_type": "node", "quality_categories": "older_than_five_years", "issue_ids": "[11]", "osm_url": "https://www.openstreetmap.org/node/6425417323", "josm_url": "http://127.0.0.1:8111/load_object?new_layer=false&objects=n6425417323", "id_url": "https://www.openstreetmap.org/edit?editor=id&node=6425417323#map=20/45.470116/9.1700635"}}, {"type": "Feature", "geometry": {"type": "Point", "coordinates": [9.1705608, 45.4699914]}, "properties": {"id": 6425417325, "feat_type": "node", "quality_categories": "older_than_five_years", "issue_ids": "[8]", "osm_url": "https://www.openstreetmap.org/node/6425417325", "josm_url": "http://127.0.0.1:8111/load_object?new_layer=false&objects=n6425417325", "id_url": "https://www.openstreetmap.org/edit?editor=id&node=6425417325#map=20/45.4699914/9.1705608"}}, {"type": "Feature", "geometry": {"type": "Point", "coordinates": [9.1704188, 45.4698978]}, "properties": {"id": 6425417329, "feat_type": "node", "quality_categories": "older_than_five_years", "issue_ids": "[11]", "osm_url": "https://www.openstreetmap.org/node/6425417329", "josm_url": "http://127.0.0.1:8111/load_object?new_layer=false&objects=n6425417329", "id_url": "https://www.openstreetmap.org/edit?editor=id&node=6425417329#map=20/45.4698978/9.1704188"}}, {"type": "Feature", "geometry": {"type": "Point", "coordinates": [9.1703416, 45.4698967]}, "properties": {"id": 6425417330, "feat_type": "node", "quality_categories": "older_than_five_years", "issue_ids": "[8]", "osm_url": "https://www.openstreetmap.org/node/6425417330", "josm_url": "http://127.0.0.1:8111/load_object?new_layer=false&objects=n6425417330", "id_url": "https://www.openstreetmap.org/edit?editor=id&node=6425417330#map=20/45.4698967/9.1703416"}}, {"type": "Feature", "geometry": {"type": "Point", "coordinates": [9.1702166, 45.470253]}, "properties": {"id": 6425417333, "feat_type": "node", "quality_categories": "older_than_five_years", "issue_ids": "[11]", "osm_url": "https://www.openstreetmap.org/node/6425417333", "josm_url": "http://127.0.0.1:8111/load_object?new_layer=false&objects=n6425417333", "id_url": "https://www.openstreetmap.org/edit?editor=id&node=6425417333#map=20/45.470253/9.1702166"}}, {"type": "Feature", "geometry": {"type": "Point", "coordinates": [9.1700669, 45.4701585]}, "properties": {"id": 6425417336, "feat_type": "node", "quality_categories": "older_than_five_years", "issue_ids": "[11]", "osm_url": "https://www.openstreetmap.org/node/6425417336", "josm_url": "http://127.0.0.1:8111/load_object?new_layer=false&objects=n6425417336", "id_url": "https://www.openstreetmap.org/edit?editor=id&node=6425417336#map=20/45.4701585/9.1700669"}}, {"type": "Feature", "geometry": {"type": "Point", "coordinates": [9.1727255, 45.4719143]}, "properties": {"id": 6425494629, "feat_type": "node", "quality_categories": "older_than_five_years", "issue_ids": "[11]", "osm_url": "https://www.openstreetmap.org/node/6425494629", "josm_url": "http://127.0.0.1:8111/load_object?new_layer=false&objects=n6425494629", "id_url": "https://www.openstreetmap.org/edit?editor=id&node=6425494629#map=20/45.4719143/9.1727255"}}, {"type": "Feature", "geometry": {"type": "Point", "coordinates": [9.1725889, 45.4717015]}, "properties": {"id": 6425494637, "feat_type": "node", "quality_categories": "older_than_five_years", "issue_ids": "[11]", "osm_url": "https://www.openstreetmap.org/node/6425494637", "josm_url": "http://127.0.0.1:8111/load_object?new_layer=false&objects=n6425494637", "id_url": "https://www.openstreetmap.org/edit?editor=id&node=6425494637#map=20/45.4717015/9.1725889"}}, {"type": "Feature", "geometry": {"type": "Point", "coordinates": [9.1725712, 45.4718227]}, "properties": {"id": 6425494639, "feat_type": "node", "quality_categories": "older_than_five_years", "issue_ids": "[11]", "osm_url": "https://www.openstreetmap.org/node/6425494639", "josm_url": "http://127.0.0.1:8111/load_object?new_layer=false&objects=n6425494639", "id_url": "https://www.openstreetmap.org/edit?editor=id&node=6425494639#map=20/45.4718227/9.1725712"}}, {"type": "Feature", "geometry": {"type": "Point", "coordinates": [9.1694473, 45.4677751]}, "properties": {"id": 6425731610, "feat_type": "node", "quality_categories": "older_than_five_years", "issue_ids": "[11]", "osm_url": "https://www.openstreetmap.org/node/6425731610", "josm_url": "http://127.0.0.1:8111/load_object?new_layer=false&objects=n6425731610", "id_url": "https://www.openstreetmap.org/edit?editor=id&node=6425731610#map=20/45.4677751/9.1694473"}}, {"type": "Feature", "geometry": {"type": "Point", "coordinates": [9.1723285, 45.4664016]}, "properties": {"id": 6425909151, "feat_type": "node", "quality_categories": "older_than_five_years", "issue_ids": "[5]", "osm_url": "https://www.openstreetmap.org/node/6425909151", "josm_url": "http://127.0.0.1:8111/load_object?new_layer=false&objects=n6425909151", "id_url": "https://www.openstreetmap.org/edit?editor=id&node=6425909151#map=20/45.4664016/9.1723285"}}, {"type": "Feature", "geometry": {"type": "Point", "coordinates": [9.1722103, 45.4664364]}, "properties": {"id": 6425909152, "feat_type": "node", "quality_categories": "older_than_five_years", "issue_ids": "[11]", "osm_url": "https://www.openstreetmap.org/node/6425909152", "josm_url": "http://127.0.0.1:8111/load_object?new_layer=false&objects=n6425909152", "id_url": "https://www.openstreetmap.org/edit?editor=id&node=6425909152#map=20/45.4664364/9.1722103"}}, {"type": "Feature", "geometry": {"type": "Point", "coordinates": [9.1721508, 45.4664155]}, "properties": {"id": 6425909153, "feat_type": "node", "quality_categories": "older_than_five_years", "issue_ids": "[5]", "osm_url": "https://www.openstreetmap.org/node/6425909153", "josm_url": "http://127.0.0.1:8111/load_object?new_layer=false&objects=n6425909153", "id_url": "https://www.openstreetmap.org/edit?editor=id&node=6425909153#map=20/45.4664155/9.1721508"}}, {"type": "Feature", "geometry": {"type": "Point", "coordinates": [9.1706647, 45.4657049]}, "properties": {"id": 6425987370, "feat_type": "node", "quality_categories": "older_than_five_years", "issue_ids": "[11]", "osm_url": "https://www.openstreetmap.org/node/6425987370", "josm_url": "http://127.0.0.1:8111/load_object?new_layer=false&objects=n6425987370", "id_url": "https://www.openstreetmap.org/edit?editor=id&node=6425987370#map=20/45.4657049/9.1706647"}}, {"type": "Feature", "geometry": {"type": "Point", "coordinates": [9.1743494, 45.4564981]}, "properties": {"id": 6438089242, "feat_type": "node", "quality_categories": "older_than_five_years", "issue_ids": "[11]", "osm_url": "https://www.openstreetmap.org/node/6438089242", "josm_url": "http://127.0.0.1:8111/load_object?new_layer=false&objects=n6438089242", "id_url": "https://www.openstreetmap.org/edit?editor=id&node=6438089242#map=20/45.4564981/9.1743494"}}, {"type": "Feature", "geometry": {"type": "Point", "coordinates": [9.1744658, 45.4564202]}, "properties": {"id": 6438089243, "feat_type": "node", "quality_categories": "older_than_five_years", "issue_ids": "[11]", "osm_url": "https://www.openstreetmap.org/node/6438089243", "josm_url": "http://127.0.0.1:8111/load_object?new_layer=false&objects=n6438089243", "id_url": "https://www.openstreetmap.org/edit?editor=id&node=6438089243#map=20/45.4564202/9.1744658"}}, {"type": "Feature", "geometry": {"type": "Point", "coordinates": [9.1812658, 45.4687127]}, "properties": {"id": 6438336914, "feat_type": "node", "quality_categories": "older_than_five_years", "issue_ids": "[18]", "osm_url": "https://www.openstreetmap.org/node/6438336914", "josm_url": "http://127.0.0.1:8111/load_object?new_layer=false&objects=n6438336914", "id_url": "https://www.openstreetmap.org/edit?editor=id&node=6438336914#map=20/45.4687127/9.1812658"}}, {"type": "Feature", "geometry": {"type": "Point", "coordinates": [9.1812403, 45.4686968]}, "properties": {"id": 6438336915, "feat_type": "node", "quality_categories": "older_than_five_years", "issue_ids": "[18]", "osm_url": "https://www.openstreetmap.org/node/6438336915", "josm_url": "http://127.0.0.1:8111/load_object?new_layer=false&objects=n6438336915", "id_url": "https://www.openstreetmap.org/edit?editor=id&node=6438336915#map=20/45.4686968/9.1812403"}}, {"type": "Feature", "geometry": {"type": "Point", "coordinates": [9.1707525, 45.4630278]}, "properties": {"id": 6438762954, "feat_type": "node", "quality_categories": "kerb_on_top_of_non_crossing, older_than_five_years", "issue_ids": "[11, 1]", "osm_url": "https://www.openstreetmap.org/node/6438762954", "josm_url": "http://127.0.0.1:8111/load_object?new_layer=false&objects=n6438762954", "id_url": "https://www.openstreetmap.org/edit?editor=id&node=6438762954#map=20/45.4630278/9.1707525"}}, {"type": "Feature", "geometry": {"type": "Point", "coordinates": [9.1702653, 45.4629768]}, "properties": {"id": 6438762962, "feat_type": "node", "quality_categories": "kerb_on_top_of_non_crossing, older_than_five_years", "issue_ids": "[11, 1]", "osm_url": "https://www.openstreetmap.org/node/6438762962", "josm_url": "http://127.0.0.1:8111/load_object?new_layer=false&objects=n6438762962", "id_url": "https://www.openstreetmap.org/edit?editor=id&node=6438762962#map=20/45.4629768/9.1702653"}}, {"type": "Feature", "geometry": {"type": "Point", "coordinates": [9.1705297, 45.4628289]}, "properties": {"id": 6438762965, "feat_type": "node", "quality_categories": "kerb_on_top_of_non_crossing, older_than_five_years", "issue_ids": "[11, 1]", "osm_url": "https://www.openstreetmap.org/node/6438762965", "josm_url": "http://127.0.0.1:8111/load_object?new_layer=false&objects=n6438762965", "id_url": "https://www.openstreetmap.org/edit?editor=id&node=6438762965#map=20/45.4628289/9.1705297"}}, {"type": "Feature", "geometry": {"type": "Point", "coordinates": [9.1645355, 45.4653791]}, "properties": {"id": 6439075118, "feat_type": "node", "quality_categories": "older_than_five_years", "issue_ids": "[11]", "osm_url": "https://www.openstreetmap.org/node/6439075118", "josm_url": "http://127.0.0.1:8111/load_object?new_layer=false&objects=n6439075118", "id_url": "https://www.openstreetmap.org/edit?editor=id&node=6439075118#map=20/45.4653791/9.1645355"}}, {"type": "Feature", "geometry": {"type": "Point", "coordinates": [9.1645166, 45.4653039]}, "properties": {"id": 6439075119, "feat_type": "node", "quality_categories": "older_than_five_years", "issue_ids": "[11]", "osm_url": "https://www.openstreetmap.org/node/6439075119", "josm_url": "http://127.0.0.1:8111/load_object?new_layer=false&objects=n6439075119", "id_url": "https://www.openstreetmap.org/edit?editor=id&node=6439075119#map=20/45.4653039/9.1645166"}}, {"type": "Feature", "geometry": {"type": "Point", "coordinates": [9.1829696, 45.4684975]}, "properties": {"id": 6442446405, "feat_type": "node", "quality_categories": "older_than_five_years", "issue_ids": "[18]", "osm_url": "https://www.openstreetmap.org/node/6442446405", "josm_url": "http://127.0.0.1:8111/load_object?new_layer=false&objects=n6442446405", "id_url": "https://www.openstreetmap.org/edit?editor=id&node=6442446405#map=20/45.4684975/9.1829696"}}, {"type": "Feature", "geometry": {"type": "Point", "coordinates": [9.1652887, 45.4628027]}, "properties": {"id": 6442954189, "feat_type": "node", "quality_categories": "older_than_five_years", "issue_ids": "[11]", "osm_url": "https://www.openstreetmap.org/node/6442954189", "josm_url": "http://127.0.0.1:8111/load_object?new_layer=false&objects=n6442954189", "id_url": "https://www.openstreetmap.org/edit?editor=id&node=6442954189#map=20/45.4628027/9.1652887"}}, {"type": "Feature", "geometry": {"type": "Point", "coordinates": [9.1652309, 45.462866]}, "properties": {"id": 6442954190, "feat_type": "node", "quality_categories": "older_than_five_years", "issue_ids": "[11]", "osm_url": "https://www.openstreetmap.org/node/6442954190", "josm_url": "http://127.0.0.1:8111/load_object?new_layer=false&objects=n6442954190", "id_url": "https://www.openstreetmap.org/edit?editor=id&node=6442954190#map=20/45.462866/9.1652309"}}, {"type": "Feature", "geometry": {"type": "Point", "coordinates": [9.1677403, 45.4690865]}, "properties": {"id": 6443370420, "feat_type": "node", "quality_categories": "older_than_five_years", "issue_ids": "[5]", "osm_url": "https://www.openstreetmap.org/node/6443370420", "josm_url": "http://127.0.0.1:8111/load_object?new_layer=false&objects=n6443370420", "id_url": "https://www.openstreetmap.org/edit?editor=id&node=6443370420#map=20/45.4690865/9.1677403"}}, {"type": "Feature", "geometry": {"type": "Point", "coordinates": [9.1709848, 45.4748494]}, "properties": {"id": 6445188689, "feat_type": "node", "quality_categories": "older_than_five_years", "issue_ids": "[11]", "osm_url": "https://www.openstreetmap.org/node/6445188689", "josm_url": "http://127.0.0.1:8111/load_object?new_layer=false&objects=n6445188689", "id_url": "https://www.openstreetmap.org/edit?editor=id&node=6445188689#map=20/45.4748494/9.1709848"}}, {"type": "Feature", "geometry": {"type": "Point", "coordinates": [9.1682471, 45.475752]}, "properties": {"id": 6451644991, "feat_type": "node", "quality_categories": "older_than_five_years", "issue_ids": "[11]", "osm_url": "https://www.openstreetmap.org/node/6451644991", "josm_url": "http://127.0.0.1:8111/load_object?new_layer=false&objects=n6451644991", "id_url": "https://www.openstreetmap.org/edit?editor=id&node=6451644991#map=20/45.475752/9.1682471"}}, {"type": "Feature", "geometry": {"type": "Point", "coordinates": [9.1682149, 45.4757259]}, "properties": {"id": 6451645003, "feat_type": "node", "quality_categories": "older_than_five_years", "issue_ids": "[11]", "osm_url": "https://www.openstreetmap.org/node/6451645003", "josm_url": "http://127.0.0.1:8111/load_object?new_layer=false&objects=n6451645003", "id_url": "https://www.openstreetmap.org/edit?editor=id&node=6451645003#map=20/45.4757259/9.1682149"}}, {"type": "Feature", "geometry": {"type": "Point", "coordinates": [9.192804, 45.4804521]}, "properties": {"id": 6451958179, "feat_type": "node", "quality_categories": "older_than_five_years", "issue_ids": "[10]", "osm_url": "https://www.openstreetmap.org/node/6451958179", "josm_url": "http://127.0.0.1:8111/load_object?new_layer=false&objects=n6451958179", "id_url": "https://www.openstreetmap.org/edit?editor=id&node=6451958179#map=20/45.4804521/9.192804"}}, {"type": "Feature", "geometry": {"type": "Point", "coordinates": [9.188227, 45.4809369]}, "properties": {"id": 6451973031, "feat_type": "node", "quality_categories": "older_than_five_years", "issue_ids": "[10]", "osm_url": "https://www.openstreetmap.org/node/6451973031", "josm_url": "http://127.0.0.1:8111/load_object?new_layer=false&objects=n6451973031", "id_url": "https://www.openstreetmap.org/edit?editor=id&node=6451973031#map=20/45.4809369/9.188227"}}, {"type": "Feature", "geometry": {"type": "Point", "coordinates": [9.1758331, 45.4679349]}, "properties": {"id": 6452588916, "feat_type": "node", "quality_categories": "older_than_five_years", "issue_ids": "[8]", "osm_url": "https://www.openstreetmap.org/node/6452588916", "josm_url": "http://127.0.0.1:8111/load_object?new_layer=false&objects=n6452588916", "id_url": "https://www.openstreetmap.org/edit?editor=id&node=6452588916#map=20/45.4679349/9.1758331"}}, {"type": "Feature", "geometry": {"type": "Point", "coordinates": [9.1765776, 45.467967]}, "properties": {"id": 6452588938, "feat_type": "node", "quality_categories": "kerb_on_top_of_non_crossing, older_than_five_years", "issue_ids": "[8, 1]", "osm_url": "https://www.openstreetmap.org/node/6452588938", "josm_url": "http://127.0.0.1:8111/load_object?new_layer=false&objects=n6452588938", "id_url": "https://www.openstreetmap.org/edit?editor=id&node=6452588938#map=20/45.467967/9.1765776"}}, {"type": "Feature", "geometry": {"type": "Point", "coordinates": [9.188194, 45.4809106]}, "properties": {"id": 6454221584, "feat_type": "node", "quality_categories": "older_than_five_years", "issue_ids": "[10]", "osm_url": "https://www.openstreetmap.org/node/6454221584", "josm_url": "http://127.0.0.1:8111/load_object?new_layer=false&objects=n6454221584", "id_url": "https://www.openstreetmap.org/edit?editor=id&node=6454221584#map=20/45.4809106/9.188194"}}, {"type": "Feature", "geometry": {"type": "Point", "coordinates": [9.1882513, 45.4807404]}, "properties": {"id": 6454227485, "feat_type": "node", "quality_categories": "older_than_five_years", "issue_ids": "[10]", "osm_url": "https://www.openstreetmap.org/node/6454227485", "josm_url": "http://127.0.0.1:8111/load_object?new_layer=false&objects=n6454227485", "id_url": "https://www.openstreetmap.org/edit?editor=id&node=6454227485#map=20/45.4807404/9.1882513"}}, {"type": "Feature", "geometry": {"type": "Point", "coordinates": [9.1797511, 45.4676056]}, "properties": {"id": 6454573908, "feat_type": "node", "quality_categories": "kerb_on_top_of_non_crossing, older_than_five_years", "issue_ids": "[5, 1]", "osm_url": "https://www.openstreetmap.org/node/6454573908", "josm_url": "http://127.0.0.1:8111/load_object?new_layer=false&objects=n6454573908", "id_url": "https://www.openstreetmap.org/edit?editor=id&node=6454573908#map=20/45.4676056/9.1797511"}}, {"type": "Feature", "geometry": {"type": "Point", "coordinates": [9.1824632, 45.4677043]}, "properties": {"id": 6457602956, "feat_type": "node", "quality_categories": "older_than_five_years", "issue_ids": "[6]", "osm_url": "https://www.openstreetmap.org/node/6457602956", "josm_url": "http://127.0.0.1:8111/load_object?new_layer=false&objects=n6457602956", "id_url": "https://www.openstreetmap.org/edit?editor=id&node=6457602956#map=20/45.4677043/9.1824632"}}, {"type": "Feature", "geometry": {"type": "Point", "coordinates": [9.1825238, 45.4677232]}, "properties": {"id": 6457602964, "feat_type": "node", "quality_categories": "older_than_five_years", "issue_ids": "[6]", "osm_url": "https://www.openstreetmap.org/node/6457602964", "josm_url": "http://127.0.0.1:8111/load_object?new_layer=false&objects=n6457602964", "id_url": "https://www.openstreetmap.org/edit?editor=id&node=6457602964#map=20/45.4677232/9.1825238"}}, {"type": "Feature", "geometry": {"type": "Point", "coordinates": [9.1842347, 45.4686419]}, "properties": {"id": 6458102198, "feat_type": "node", "quality_categories": "older_than_five_years", "issue_ids": "[5]", "osm_url": "https://www.openstreetmap.org/node/6458102198", "josm_url": "http://127.0.0.1:8111/load_object?new_layer=false&objects=n6458102198", "id_url": "https://www.openstreetmap.org/edit?editor=id&node=6458102198#map=20/45.4686419/9.1842347"}}, {"type": "Feature", "geometry": {"type": "Point", "coordinates": [9.1841922, 45.4686399]}, "properties": {"id": 6458102199, "feat_type": "node", "quality_categories": "older_than_five_years", "issue_ids": "[5]", "osm_url": "https://www.openstreetmap.org/node/6458102199", "josm_url": "http://127.0.0.1:8111/load_object?new_layer=false&objects=n6458102199", "id_url": "https://www.openstreetmap.org/edit?editor=id&node=6458102199#map=20/45.4686399/9.1841922"}}, {"type": "Feature", "geometry": {"type": "Point", "coordinates": [9.1746482, 45.4639905]}, "properties": {"id": 6462172322, "feat_type": "node", "quality_categories": "older_than_five_years", "issue_ids": "[11]", "osm_url": "https://www.openstreetmap.org/node/6462172322", "josm_url": "http://127.0.0.1:8111/load_object?new_layer=false&objects=n6462172322", "id_url": "https://www.openstreetmap.org/edit?editor=id&node=6462172322#map=20/45.4639905/9.1746482"}}, {"type": "Feature", "geometry": {"type": "Point", "coordinates": [9.1882017, 45.4808878]}, "properties": {"id": 6474858393, "feat_type": "node", "quality_categories": "older_than_five_years", "issue_ids": "[10]", "osm_url": "https://www.openstreetmap.org/node/6474858393", "josm_url": "http://127.0.0.1:8111/load_object?new_layer=false&objects=n6474858393", "id_url": "https://www.openstreetmap.org/edit?editor=id&node=6474858393#map=20/45.4808878/9.1882017"}}, {"type": "Feature", "geometry": {"type": "Point", "coordinates": [9.18824, 45.4807741]}, "properties": {"id": 6474858394, "feat_type": "node", "quality_categories": "older_than_five_years", "issue_ids": "[10]", "osm_url": "https://www.openstreetmap.org/node/6474858394", "josm_url": "http://127.0.0.1:8111/load_object?new_layer=false&objects=n6474858394", "id_url": "https://www.openstreetmap.org/edit?editor=id&node=6474858394#map=20/45.4807741/9.18824"}}, {"type": "Feature", "geometry": {"type": "Point", "coordinates": [9.1840553, 45.4765753]}, "properties": {"id": 6477744233, "feat_type": "node", "quality_categories": "older_than_five_years", "issue_ids": "[10]", "osm_url": "https://www.openstreetmap.org/node/6477744233", "josm_url": "http://127.0.0.1:8111/load_object?new_layer=false&objects=n6477744233", "id_url": "https://www.openstreetmap.org/edit?editor=id&node=6477744233#map=20/45.4765753/9.1840553"}}, {"type": "Feature", "geometry": {"type": "Point", "coordinates": [9.1840881, 45.4766493]}, "properties": {"id": 6477744234, "feat_type": "node", "quality_categories": "older_than_five_years", "issue_ids": "[10]", "osm_url": "https://www.openstreetmap.org/node/6477744234", "josm_url": "http://127.0.0.1:8111/load_object?new_layer=false&objects=n6477744234", "id_url": "https://www.openstreetmap.org/edit?editor=id&node=6477744234#map=20/45.4766493/9.1840881"}}, {"type": "Feature", "geometry": {"type": "Point", "coordinates": [9.1841777, 45.4765621]}, "properties": {"id": 6477744244, "feat_type": "node", "quality_categories": "older_than_five_years", "issue_ids": "[10]", "osm_url": "https://www.openstreetmap.org/node/6477744244", "josm_url": "http://127.0.0.1:8111/load_object?new_layer=false&objects=n6477744244", "id_url": "https://www.openstreetmap.org/edit?editor=id&node=6477744244#map=20/45.4765621/9.1841777"}}, {"type": "Feature", "geometry": {"type": "Point", "coordinates": [9.1841948, 45.4766042]}, "properties": {"id": 6477744246, "feat_type": "node", "quality_categories": "older_than_five_years", "issue_ids": "[10]", "osm_url": "https://www.openstreetmap.org/node/6477744246", "josm_url": "http://127.0.0.1:8111/load_object?new_layer=false&objects=n6477744246", "id_url": "https://www.openstreetmap.org/edit?editor=id&node=6477744246#map=20/45.4766042/9.1841948"}}, {"type": "Feature", "geometry": {"type": "Point", "coordinates": [9.1881207, 45.4749242]}, "properties": {"id": 6485366312, "feat_type": "node", "quality_categories": "kerb_on_top_of_non_crossing, older_than_five_years", "issue_ids": "[10, 1]", "osm_url": "https://www.openstreetmap.org/node/6485366312", "josm_url": "http://127.0.0.1:8111/load_object?new_layer=false&objects=n6485366312", "id_url": "https://www.openstreetmap.org/edit?editor=id&node=6485366312#map=20/45.4749242/9.1881207"}}, {"type": "Feature", "geometry": {"type": "Point", "coordinates": [9.1881256, 45.4749399]}, "properties": {"id": 6485366313, "feat_type": "node", "quality_categories": "kerb_on_top_of_non_crossing, older_than_five_years", "issue_ids": "[10, 1]", "osm_url": "https://www.openstreetmap.org/node/6485366313", "josm_url": "http://127.0.0.1:8111/load_object?new_layer=false&objects=n6485366313", "id_url": "https://www.openstreetmap.org/edit?editor=id&node=6485366313#map=20/45.4749399/9.1881256"}}, {"type": "Feature", "geometry": {"type": "Point", "coordinates": [9.188189, 45.4751475]}, "properties": {"id": 6485366314, "feat_type": "node", "quality_categories": "kerb_on_top_of_non_crossing, older_than_five_years", "issue_ids": "[10, 1]", "osm_url": "https://www.openstreetmap.org/node/6485366314", "josm_url": "http://127.0.0.1:8111/load_object?new_layer=false&objects=n6485366314", "id_url": "https://www.openstreetmap.org/edit?editor=id&node=6485366314#map=20/45.4751475/9.188189"}}, {"type": "Feature", "geometry": {"type": "Point", "coordinates": [9.1881935, 45.4751606]}, "properties": {"id": 6485366315, "feat_type": "node", "quality_categories": "kerb_on_top_of_non_crossing, older_than_five_years", "issue_ids": "[10, 1]", "osm_url": "https://www.openstreetmap.org/node/6485366315", "josm_url": "http://127.0.0.1:8111/load_object?new_layer=false&objects=n6485366315", "id_url": "https://www.openstreetmap.org/edit?editor=id&node=6485366315#map=20/45.4751606/9.1881935"}}, {"type": "Feature", "geometry": {"type": "Point", "coordinates": [9.1882478, 45.4743098]}, "properties": {"id": 6485419114, "feat_type": "node", "quality_categories": "older_than_five_years", "issue_ids": "[10]", "osm_url": "https://www.openstreetmap.org/node/6485419114", "josm_url": "http://127.0.0.1:8111/load_object?new_layer=false&objects=n6485419114", "id_url": "https://www.openstreetmap.org/edit?editor=id&node=6485419114#map=20/45.4743098/9.1882478"}}, {"type": "Feature", "geometry": {"type": "Point", "coordinates": [9.1882528, 45.4743536]}, "properties": {"id": 6485419115, "feat_type": "node", "quality_categories": "older_than_five_years", "issue_ids": "[10]", "osm_url": "https://www.openstreetmap.org/node/6485419115", "josm_url": "http://127.0.0.1:8111/load_object?new_layer=false&objects=n6485419115", "id_url": "https://www.openstreetmap.org/edit?editor=id&node=6485419115#map=20/45.4743536/9.1882528"}}, {"type": "Feature", "geometry": {"type": "Point", "coordinates": [9.2072223, 45.465333]}, "properties": {"id": 6490515290, "feat_type": "node", "quality_categories": "kerb_on_top_of_non_crossing, older_than_five_years", "issue_ids": "[5, 1]", "osm_url": "https://www.openstreetmap.org/node/6490515290", "josm_url": "http://127.0.0.1:8111/load_object?new_layer=false&objects=n6490515290", "id_url": "https://www.openstreetmap.org/edit?editor=id&node=6490515290#map=20/45.465333/9.2072223"}}, {"type": "Feature", "geometry": {"type": "Point", "coordinates": [9.1830046, 45.4779597]}, "properties": {"id": 6494683386, "feat_type": "node", "quality_categories": "older_than_five_years", "issue_ids": "[8]", "osm_url": "https://www.openstreetmap.org/node/6494683386", "josm_url": "http://127.0.0.1:8111/load_object?new_layer=false&objects=n6494683386", "id_url": "https://www.openstreetmap.org/edit?editor=id&node=6494683386#map=20/45.4779597/9.1830046"}}, {"type": "Feature", "geometry": {"type": "Point", "coordinates": [9.1809073, 45.4782758]}, "properties": {"id": 6497121638, "feat_type": "node", "quality_categories": "older_than_five_years", "issue_ids": "[10]", "osm_url": "https://www.openstreetmap.org/node/6497121638", "josm_url": "http://127.0.0.1:8111/load_object?new_layer=false&objects=n6497121638", "id_url": "https://www.openstreetmap.org/edit?editor=id&node=6497121638#map=20/45.4782758/9.1809073"}}, {"type": "Feature", "geometry": {"type": "Point", "coordinates": [9.1868782, 45.4804409]}, "properties": {"id": 6497219939, "feat_type": "node", "quality_categories": "older_than_five_years", "issue_ids": "[8]", "osm_url": "https://www.openstreetmap.org/node/6497219939", "josm_url": "http://127.0.0.1:8111/load_object?new_layer=false&objects=n6497219939", "id_url": "https://www.openstreetmap.org/edit?editor=id&node=6497219939#map=20/45.4804409/9.1868782"}}, {"type": "Feature", "geometry": {"type": "Point", "coordinates": [9.1868823, 45.4804576]}, "properties": {"id": 6497219940, "feat_type": "node", "quality_categories": "older_than_five_years", "issue_ids": "[8]", "osm_url": "https://www.openstreetmap.org/node/6497219940", "josm_url": "http://127.0.0.1:8111/load_object?new_layer=false&objects=n6497219940", "id_url": "https://www.openstreetmap.org/edit?editor=id&node=6497219940#map=20/45.4804576/9.1868823"}}, {"type": "Feature", "geometry": {"type": "Point", "coordinates": [9.1675415, 45.4584367]}, "properties": {"id": 6510800909, "feat_type": "node", "quality_categories": "older_than_five_years", "issue_ids": "[11]", "osm_url": "https://www.openstreetmap.org/node/6510800909", "josm_url": "http://127.0.0.1:8111/load_object?new_layer=false&objects=n6510800909", "id_url": "https://www.openstreetmap.org/edit?editor=id&node=6510800909#map=20/45.4584367/9.1675415"}}, {"type": "Feature", "geometry": {"type": "Point", "coordinates": [9.1691719, 45.4571263]}, "properties": {"id": 6510888095, "feat_type": "node", "quality_categories": "older_than_five_years", "issue_ids": "[11]", "osm_url": "https://www.openstreetmap.org/node/6510888095", "josm_url": "http://127.0.0.1:8111/load_object?new_layer=false&objects=n6510888095", "id_url": "https://www.openstreetmap.org/edit?editor=id&node=6510888095#map=20/45.4571263/9.1691719"}}, {"type": "Feature", "geometry": {"type": "Point", "coordinates": [9.1691705, 45.4571407]}, "properties": {"id": 6510888096, "feat_type": "node", "quality_categories": "older_than_five_years", "issue_ids": "[11]", "osm_url": "https://www.openstreetmap.org/node/6510888096", "josm_url": "http://127.0.0.1:8111/load_object?new_layer=false&objects=n6510888096", "id_url": "https://www.openstreetmap.org/edit?editor=id&node=6510888096#map=20/45.4571407/9.1691705"}}, {"type": "Feature", "geometry": {"type": "Point", "coordinates": [9.1691788, 45.457057]}, "properties": {"id": 6510888097, "feat_type": "node", "quality_categories": "older_than_five_years", "issue_ids": "[11]", "osm_url": "https://www.openstreetmap.org/node/6510888097", "josm_url": "http://127.0.0.1:8111/load_object?new_layer=false&objects=n6510888097", "id_url": "https://www.openstreetmap.org/edit?editor=id&node=6510888097#map=20/45.457057/9.1691788"}}, {"type": "Feature", "geometry": {"type": "Point", "coordinates": [9.1691773, 45.457072]}, "properties": {"id": 6510888098, "feat_type": "node", "quality_categories": "older_than_five_years", "issue_ids": "[11]", "osm_url": "https://www.openstreetmap.org/node/6510888098", "josm_url": "http://127.0.0.1:8111/load_object?new_layer=false&objects=n6510888098", "id_url": "https://www.openstreetmap.org/edit?editor=id&node=6510888098#map=20/45.457072/9.1691773"}}, {"type": "Feature", "geometry": {"type": "Point", "coordinates": [9.1691845, 45.4569992]}, "properties": {"id": 6510888108, "feat_type": "node", "quality_categories": "older_than_five_years", "issue_ids": "[19]", "osm_url": "https://www.openstreetmap.org/node/6510888108", "josm_url": "http://127.0.0.1:8111/load_object?new_layer=false&objects=n6510888108", "id_url": "https://www.openstreetmap.org/edit?editor=id&node=6510888108#map=20/45.4569992/9.1691845"}}, {"type": "Feature", "geometry": {"type": "Point", "coordinates": [9.1691672, 45.457174]}, "properties": {"id": 6510888111, "feat_type": "node", "quality_categories": "older_than_five_years", "issue_ids": "[19]", "osm_url": "https://www.openstreetmap.org/node/6510888111", "josm_url": "http://127.0.0.1:8111/load_object?new_layer=false&objects=n6510888111", "id_url": "https://www.openstreetmap.org/edit?editor=id&node=6510888111#map=20/45.457174/9.1691672"}}, {"type": "Feature", "geometry": {"type": "Point", "coordinates": [9.1876184, 45.4515032]}, "properties": {"id": 6541835073, "feat_type": "node", "quality_categories": "older_than_five_years", "issue_ids": "[11]", "osm_url": "https://www.openstreetmap.org/node/6541835073", "josm_url": "http://127.0.0.1:8111/load_object?new_layer=false&objects=n6541835073", "id_url": "https://www.openstreetmap.org/edit?editor=id&node=6541835073#map=20/45.4515032/9.1876184"}}, {"type": "Feature", "geometry": {"type": "Point", "coordinates": [9.1875344, 45.4515248]}, "properties": {"id": 6541835074, "feat_type": "node", "quality_categories": "older_than_five_years", "issue_ids": "[7]", "osm_url": "https://www.openstreetmap.org/node/6541835074", "josm_url": "http://127.0.0.1:8111/load_object?new_layer=false&objects=n6541835074", "id_url": "https://www.openstreetmap.org/edit?editor=id&node=6541835074#map=20/45.4515248/9.1875344"}}, {"type": "Feature", "geometry": {"type": "Point", "coordinates": [9.1876898, 45.4574553]}, "properties": {"id": 6553466799, "feat_type": "node", "quality_categories": "older_than_five_years", "issue_ids": "[7]", "osm_url": "https://www.openstreetmap.org/node/6553466799", "josm_url": "http://127.0.0.1:8111/load_object?new_layer=false&objects=n6553466799", "id_url": "https://www.openstreetmap.org/edit?editor=id&node=6553466799#map=20/45.4574553/9.1876898"}}, {"type": "Feature", "geometry": {"type": "Point", "coordinates": [9.1870199, 45.4545087]}, "properties": {"id": 6554743929, "feat_type": "node", "quality_categories": "older_than_five_years", "issue_ids": "[7]", "osm_url": "https://www.openstreetmap.org/node/6554743929", "josm_url": "http://127.0.0.1:8111/load_object?new_layer=false&objects=n6554743929", "id_url": "https://www.openstreetmap.org/edit?editor=id&node=6554743929#map=20/45.4545087/9.1870199"}}, {"type": "Feature", "geometry": {"type": "Point", "coordinates": [9.1870398, 45.4546061]}, "properties": {"id": 6554743936, "feat_type": "node", "quality_categories": "kerb_on_top_of_non_crossing, older_than_five_years", "issue_ids": "[7, 1]", "osm_url": "https://www.openstreetmap.org/node/6554743936", "josm_url": "http://127.0.0.1:8111/load_object?new_layer=false&objects=n6554743936", "id_url": "https://www.openstreetmap.org/edit?editor=id&node=6554743936#map=20/45.4546061/9.1870398"}}, {"type": "Feature", "geometry": {"type": "Point", "coordinates": [9.1870431, 45.4546221]}, "properties": {"id": 6554743937, "feat_type": "node", "quality_categories": "kerb_on_top_of_non_crossing, older_than_five_years", "issue_ids": "[7, 1]", "osm_url": "https://www.openstreetmap.org/node/6554743937", "josm_url": "http://127.0.0.1:8111/load_object?new_layer=false&objects=n6554743937", "id_url": "https://www.openstreetmap.org/edit?editor=id&node=6554743937#map=20/45.4546221/9.1870431"}}, {"type": "Feature", "geometry": {"type": "Point", "coordinates": [9.1869394, 45.4524716]}, "properties": {"id": 6554793085, "feat_type": "node", "quality_categories": "older_than_five_years", "issue_ids": "[7]", "osm_url": "https://www.openstreetmap.org/node/6554793085", "josm_url": "http://127.0.0.1:8111/load_object?new_layer=false&objects=n6554793085", "id_url": "https://www.openstreetmap.org/edit?editor=id&node=6554793085#map=20/45.4524716/9.1869394"}}, {"type": "Feature", "geometry": {"type": "Point", "coordinates": [9.1816651, 45.4737308]}, "properties": {"id": 6555023370, "feat_type": "node", "quality_categories": "older_than_five_years", "issue_ids": "[10]", "osm_url": "https://www.openstreetmap.org/node/6555023370", "josm_url": "http://127.0.0.1:8111/load_object?new_layer=false&objects=n6555023370", "id_url": "https://www.openstreetmap.org/edit?editor=id&node=6555023370#map=20/45.4737308/9.1816651"}}, {"type": "Feature", "geometry": {"type": "Point", "coordinates": [9.1818742, 45.4737775]}, "properties": {"id": 6555023373, "feat_type": "node", "quality_categories": "older_than_five_years", "issue_ids": "[10]", "osm_url": "https://www.openstreetmap.org/node/6555023373", "josm_url": "http://127.0.0.1:8111/load_object?new_layer=false&objects=n6555023373", "id_url": "https://www.openstreetmap.org/edit?editor=id&node=6555023373#map=20/45.4737775/9.1818742"}}, {"type": "Feature", "geometry": {"type": "Point", "coordinates": [9.1817432, 45.4737482]}, "properties": {"id": 6555023374, "feat_type": "node", "quality_categories": "older_than_five_years", "issue_ids": "[10]", "osm_url": "https://www.openstreetmap.org/node/6555023374", "josm_url": "http://127.0.0.1:8111/load_object?new_layer=false&objects=n6555023374", "id_url": "https://www.openstreetmap.org/edit?editor=id&node=6555023374#map=20/45.4737482/9.1817432"}}, {"type": "Feature", "geometry": {"type": "Point", "coordinates": [9.1818531, 45.4737728]}, "properties": {"id": 6555023375, "feat_type": "node", "quality_categories": "older_than_five_years", "issue_ids": "[10]", "osm_url": "https://www.openstreetmap.org/node/6555023375", "josm_url": "http://127.0.0.1:8111/load_object?new_layer=false&objects=n6555023375", "id_url": "https://www.openstreetmap.org/edit?editor=id&node=6555023375#map=20/45.4737728/9.1818531"}}, {"type": "Feature", "geometry": {"type": "Point", "coordinates": [9.1871068, 45.4836943]}, "properties": {"id": 6555232632, "feat_type": "node", "quality_categories": "older_than_five_years", "issue_ids": "[10]", "osm_url": "https://www.openstreetmap.org/node/6555232632", "josm_url": "http://127.0.0.1:8111/load_object?new_layer=false&objects=n6555232632", "id_url": "https://www.openstreetmap.org/edit?editor=id&node=6555232632#map=20/45.4836943/9.1871068"}}, {"type": "Feature", "geometry": {"type": "Point", "coordinates": [9.1873545, 45.4832137]}, "properties": {"id": 6555265966, "feat_type": "node", "quality_categories": "older_than_five_years", "issue_ids": "[10]", "osm_url": "https://www.openstreetmap.org/node/6555265966", "josm_url": "http://127.0.0.1:8111/load_object?new_layer=false&objects=n6555265966", "id_url": "https://www.openstreetmap.org/edit?editor=id&node=6555265966#map=20/45.4832137/9.1873545"}}, {"type": "Feature", "geometry": {"type": "Point", "coordinates": [9.1870547, 45.4836331]}, "properties": {"id": 6555267090, "feat_type": "node", "quality_categories": "older_than_five_years", "issue_ids": "[10]", "osm_url": "https://www.openstreetmap.org/node/6555267090", "josm_url": "http://127.0.0.1:8111/load_object?new_layer=false&objects=n6555267090", "id_url": "https://www.openstreetmap.org/edit?editor=id&node=6555267090#map=20/45.4836331/9.1870547"}}, {"type": "Feature", "geometry": {"type": "Point", "coordinates": [9.1903664, 45.4514453]}, "properties": {"id": 6574226875, "feat_type": "node", "quality_categories": "older_than_five_years", "issue_ids": "[7]", "osm_url": "https://www.openstreetmap.org/node/6574226875", "josm_url": "http://127.0.0.1:8111/load_object?new_layer=false&objects=n6574226875", "id_url": "https://www.openstreetmap.org/edit?editor=id&node=6574226875#map=20/45.4514453/9.1903664"}}, {"type": "Feature", "geometry": {"type": "Point", "coordinates": [9.1903095, 45.4514394]}, "properties": {"id": 6574226876, "feat_type": "node", "quality_categories": "older_than_five_years", "issue_ids": "[7]", "osm_url": "https://www.openstreetmap.org/node/6574226876", "josm_url": "http://127.0.0.1:8111/load_object?new_layer=false&objects=n6574226876", "id_url": "https://www.openstreetmap.org/edit?editor=id&node=6574226876#map=20/45.4514394/9.1903095"}}, {"type": "Feature", "geometry": {"type": "Point", "coordinates": [9.2034735, 45.4840064]}, "properties": {"id": 6629903122, "feat_type": "node", "quality_categories": "kerb_on_top_of_non_crossing, older_than_five_years", "issue_ids": "[5, 1]", "osm_url": "https://www.openstreetmap.org/node/6629903122", "josm_url": "http://127.0.0.1:8111/load_object?new_layer=false&objects=n6629903122", "id_url": "https://www.openstreetmap.org/edit?editor=id&node=6629903122#map=20/45.4840064/9.2034735"}}, {"type": "Feature", "geometry": {"type": "Point", "coordinates": [9.1853589, 45.4752694]}, "properties": {"id": 7008171362, "feat_type": "node", "quality_categories": "older_than_five_years", "issue_ids": "[10]", "osm_url": "https://www.openstreetmap.org/node/7008171362", "josm_url": "http://127.0.0.1:8111/load_object?new_layer=false&objects=n7008171362", "id_url": "https://www.openstreetmap.org/edit?editor=id&node=7008171362#map=20/45.4752694/9.1853589"}}, {"type": "Feature", "geometry": {"type": "Point", "coordinates": [9.1845287, 45.4734314]}, "properties": {"id": 7008422309, "feat_type": "node", "quality_categories": "older_than_five_years", "issue_ids": "[10]", "osm_url": "https://www.openstreetmap.org/node/7008422309", "josm_url": "http://127.0.0.1:8111/load_object?new_layer=false&objects=n7008422309", "id_url": "https://www.openstreetmap.org/edit?editor=id&node=7008422309#map=20/45.4734314/9.1845287"}}, {"type": "Feature", "geometry": {"type": "Point", "coordinates": [9.1910675, 45.4792167]}, "properties": {"id": 7008592805, "feat_type": "node", "quality_categories": "older_than_five_years", "issue_ids": "[10]", "osm_url": "https://www.openstreetmap.org/node/7008592805", "josm_url": "http://127.0.0.1:8111/load_object?new_layer=false&objects=n7008592805", "id_url": "https://www.openstreetmap.org/edit?editor=id&node=7008592805#map=20/45.4792167/9.1910675"}}, {"type": "Feature", "geometry": {"type": "Point", "coordinates": [9.191022, 45.479281]}, "properties": {"id": 7008592806, "feat_type": "node", "quality_categories": "older_than_five_years", "issue_ids": "[10]", "osm_url": "https://www.openstreetmap.org/node/7008592806", "josm_url": "http://127.0.0.1:8111/load_object?new_layer=false&objects=n7008592806", "id_url": "https://www.openstreetmap.org/edit?editor=id&node=7008592806#map=20/45.479281/9.191022"}}, {"type": "Feature", "geometry": {"type": "Point", "coordinates": [9.1901297, 45.4686119]}, "properties": {"id": 7011989961, "feat_type": "node", "quality_categories": "older_than_five_years", "issue_ids": "[6]", "osm_url": "https://www.openstreetmap.org/node/7011989961", "josm_url": "http://127.0.0.1:8111/load_object?new_layer=false&objects=n7011989961", "id_url": "https://www.openstreetmap.org/edit?editor=id&node=7011989961#map=20/45.4686119/9.1901297"}}, {"type": "Feature", "geometry": {"type": "Point", "coordinates": [9.1900686, 45.4686461]}, "properties": {"id": 7011989962, "feat_type": "node", "quality_categories": "older_than_five_years", "issue_ids": "[6]", "osm_url": "https://www.openstreetmap.org/node/7011989962", "josm_url": "http://127.0.0.1:8111/load_object?new_layer=false&objects=n7011989962", "id_url": "https://www.openstreetmap.org/edit?editor=id&node=7011989962#map=20/45.4686461/9.1900686"}}, {"type": "Feature", "geometry": {"type": "Point", "coordinates": [9.1957067, 45.4706045]}, "properties": {"id": 7013566385, "feat_type": "node", "quality_categories": "older_than_five_years", "issue_ids": "[20]", "osm_url": "https://www.openstreetmap.org/node/7013566385", "josm_url": "http://127.0.0.1:8111/load_object?new_layer=false&objects=n7013566385", "id_url": "https://www.openstreetmap.org/edit?editor=id&node=7013566385#map=20/45.4706045/9.1957067"}}, {"type": "Feature", "geometry": {"type": "Point", "coordinates": [9.200305, 45.4712689]}, "properties": {"id": 7013732221, "feat_type": "node", "quality_categories": "older_than_five_years", "issue_ids": "[20]", "osm_url": "https://www.openstreetmap.org/node/7013732221", "josm_url": "http://127.0.0.1:8111/load_object?new_layer=false&objects=n7013732221", "id_url": "https://www.openstreetmap.org/edit?editor=id&node=7013732221#map=20/45.4712689/9.200305"}}, {"type": "Feature", "geometry": {"type": "Point", "coordinates": [9.2014269, 45.4690801]}, "properties": {"id": 7013829338, "feat_type": "node", "quality_categories": "kerb_on_top_of_non_crossing, older_than_five_years", "issue_ids": "[5, 1]", "osm_url": "https://www.openstreetmap.org/node/7013829338", "josm_url": "http://127.0.0.1:8111/load_object?new_layer=false&objects=n7013829338", "id_url": "https://www.openstreetmap.org/edit?editor=id&node=7013829338#map=20/45.4690801/9.2014269"}}, {"type": "Feature", "geometry": {"type": "Point", "coordinates": [9.1820872, 45.469997]}, "properties": {"id": 7014154216, "feat_type": "node", "quality_categories": "older_than_five_years", "issue_ids": "[18]", "osm_url": "https://www.openstreetmap.org/node/7014154216", "josm_url": "http://127.0.0.1:8111/load_object?new_layer=false&objects=n7014154216", "id_url": "https://www.openstreetmap.org/edit?editor=id&node=7014154216#map=20/45.469997/9.1820872"}}, {"type": "Feature", "geometry": {"type": "Point", "coordinates": [9.2057425, 45.4694745]}, "properties": {"id": 7014687225, "feat_type": "node", "quality_categories": "older_than_five_years", "issue_ids": "[5]", "osm_url": "https://www.openstreetmap.org/node/7014687225", "josm_url": "http://127.0.0.1:8111/load_object?new_layer=false&objects=n7014687225", "id_url": "https://www.openstreetmap.org/edit?editor=id&node=7014687225#map=20/45.4694745/9.2057425"}}, {"type": "Feature", "geometry": {"type": "Point", "coordinates": [9.1698637, 45.4715264]}, "properties": {"id": 7014932778, "feat_type": "node", "quality_categories": "older_than_five_years", "issue_ids": "[11]", "osm_url": "https://www.openstreetmap.org/node/7014932778", "josm_url": "http://127.0.0.1:8111/load_object?new_layer=false&objects=n7014932778", "id_url": "https://www.openstreetmap.org/edit?editor=id&node=7014932778#map=20/45.4715264/9.1698637"}}, {"type": "Feature", "geometry": {"type": "Point", "coordinates": [9.1698007, 45.4715172]}, "properties": {"id": 7014946461, "feat_type": "node", "quality_categories": "older_than_five_years", "issue_ids": "[11]", "osm_url": "https://www.openstreetmap.org/node/7014946461", "josm_url": "http://127.0.0.1:8111/load_object?new_layer=false&objects=n7014946461", "id_url": "https://www.openstreetmap.org/edit?editor=id&node=7014946461#map=20/45.4715172/9.1698007"}}, {"type": "Feature", "geometry": {"type": "Point", "coordinates": [9.1690351, 45.4709234]}, "properties": {"id": 7016672111, "feat_type": "node", "quality_categories": "older_than_five_years", "issue_ids": "[11]", "osm_url": "https://www.openstreetmap.org/node/7016672111", "josm_url": "http://127.0.0.1:8111/load_object?new_layer=false&objects=n7016672111", "id_url": "https://www.openstreetmap.org/edit?editor=id&node=7016672111#map=20/45.4709234/9.1690351"}}, {"type": "Feature", "geometry": {"type": "Point", "coordinates": [9.1693289, 45.4701104]}, "properties": {"id": 7016811503, "feat_type": "node", "quality_categories": "older_than_five_years", "issue_ids": "[8]", "osm_url": "https://www.openstreetmap.org/node/7016811503", "josm_url": "http://127.0.0.1:8111/load_object?new_layer=false&objects=n7016811503", "id_url": "https://www.openstreetmap.org/edit?editor=id&node=7016811503#map=20/45.4701104/9.1693289"}}, {"type": "Feature", "geometry": {"type": "Point", "coordinates": [9.1693592, 45.4701275]}, "properties": {"id": 7016811504, "feat_type": "node", "quality_categories": "older_than_five_years", "issue_ids": "[8]", "osm_url": "https://www.openstreetmap.org/node/7016811504", "josm_url": "http://127.0.0.1:8111/load_object?new_layer=false&objects=n7016811504", "id_url": "https://www.openstreetmap.org/edit?editor=id&node=7016811504#map=20/45.4701275/9.1693592"}}, {"type": "Feature", "geometry": {"type": "Point", "coordinates": [9.1687839, 45.4683164]}, "properties": {"id": 7017170364, "feat_type": "node", "quality_categories": "older_than_five_years", "issue_ids": "[8]", "osm_url": "https://www.openstreetmap.org/node/7017170364", "josm_url": "http://127.0.0.1:8111/load_object?new_layer=false&objects=n7017170364", "id_url": "https://www.openstreetmap.org/edit?editor=id&node=7017170364#map=20/45.4683164/9.1687839"}}, {"type": "Feature", "geometry": {"type": "Point", "coordinates": [9.168825, 45.4683411]}, "properties": {"id": 7017170366, "feat_type": "node", "quality_categories": "older_than_five_years", "issue_ids": "[8]", "osm_url": "https://www.openstreetmap.org/node/7017170366", "josm_url": "http://127.0.0.1:8111/load_object?new_layer=false&objects=n7017170366", "id_url": "https://www.openstreetmap.org/edit?editor=id&node=7017170366#map=20/45.4683411/9.168825"}}, {"type": "Feature", "geometry": {"type": "Point", "coordinates": [9.169309, 45.4606759]}, "properties": {"id": 7017462665, "feat_type": "node", "quality_categories": "older_than_five_years", "issue_ids": "[19]", "osm_url": "https://www.openstreetmap.org/node/7017462665", "josm_url": "http://127.0.0.1:8111/load_object?new_layer=false&objects=n7017462665", "id_url": "https://www.openstreetmap.org/edit?editor=id&node=7017462665#map=20/45.4606759/9.169309"}}, {"type": "Feature", "geometry": {"type": "Point", "coordinates": [9.1691981, 45.4622555]}, "properties": {"id": 7017492699, "feat_type": "node", "quality_categories": "older_than_five_years", "issue_ids": "[11]", "osm_url": "https://www.openstreetmap.org/node/7017492699", "josm_url": "http://127.0.0.1:8111/load_object?new_layer=false&objects=n7017492699", "id_url": "https://www.openstreetmap.org/edit?editor=id&node=7017492699#map=20/45.4622555/9.1691981"}}, {"type": "Feature", "geometry": {"type": "Point", "coordinates": [9.1693786, 45.4600844]}, "properties": {"id": 7017659885, "feat_type": "node", "quality_categories": "older_than_five_years", "issue_ids": "[11]", "osm_url": "https://www.openstreetmap.org/node/7017659885", "josm_url": "http://127.0.0.1:8111/load_object?new_layer=false&objects=n7017659885", "id_url": "https://www.openstreetmap.org/edit?editor=id&node=7017659885#map=20/45.4600844/9.1693786"}}, {"type": "Feature", "geometry": {"type": "Point", "coordinates": [9.1693763, 45.4601015]}, "properties": {"id": 7017659886, "feat_type": "node", "quality_categories": "older_than_five_years", "issue_ids": "[11]", "osm_url": "https://www.openstreetmap.org/node/7017659886", "josm_url": "http://127.0.0.1:8111/load_object?new_layer=false&objects=n7017659886", "id_url": "https://www.openstreetmap.org/edit?editor=id&node=7017659886#map=20/45.4601015/9.1693763"}}, {"type": "Feature", "geometry": {"type": "Point", "coordinates": [9.1693863, 45.4600282]}, "properties": {"id": 7017659887, "feat_type": "node", "quality_categories": "older_than_five_years", "issue_ids": "[11]", "osm_url": "https://www.openstreetmap.org/node/7017659887", "josm_url": "http://127.0.0.1:8111/load_object?new_layer=false&objects=n7017659887", "id_url": "https://www.openstreetmap.org/edit?editor=id&node=7017659887#map=20/45.4600282/9.1693863"}}, {"type": "Feature", "geometry": {"type": "Point", "coordinates": [9.1693708, 45.460142]}, "properties": {"id": 7017659888, "feat_type": "node", "quality_categories": "older_than_five_years", "issue_ids": "[11]", "osm_url": "https://www.openstreetmap.org/node/7017659888", "josm_url": "http://127.0.0.1:8111/load_object?new_layer=false&objects=n7017659888", "id_url": "https://www.openstreetmap.org/edit?editor=id&node=7017659888#map=20/45.460142/9.1693708"}}, {"type": "Feature", "geometry": {"type": "Point", "coordinates": [9.1779398, 45.4623737]}, "properties": {"id": 7017859295, "feat_type": "node", "quality_categories": "kerb_on_top_of_non_crossing, older_than_five_years", "issue_ids": "[18, 1]", "osm_url": "https://www.openstreetmap.org/node/7017859295", "josm_url": "http://127.0.0.1:8111/load_object?new_layer=false&objects=n7017859295", "id_url": "https://www.openstreetmap.org/edit?editor=id&node=7017859295#map=20/45.4623737/9.1779398"}}, {"type": "Feature", "geometry": {"type": "Point", "coordinates": [9.1779028, 45.4624134]}, "properties": {"id": 7017859296, "feat_type": "node", "quality_categories": "kerb_on_top_of_non_crossing, older_than_five_years", "issue_ids": "[18, 1]", "osm_url": "https://www.openstreetmap.org/node/7017859296", "josm_url": "http://127.0.0.1:8111/load_object?new_layer=false&objects=n7017859296", "id_url": "https://www.openstreetmap.org/edit?editor=id&node=7017859296#map=20/45.4624134/9.1779028"}}, {"type": "Feature", "geometry": {"type": "Point", "coordinates": [9.1776944, 45.4626377]}, "properties": {"id": 7017859297, "feat_type": "node", "quality_categories": "kerb_on_top_of_non_crossing, older_than_five_years", "issue_ids": "[18, 1]", "osm_url": "https://www.openstreetmap.org/node/7017859297", "josm_url": "http://127.0.0.1:8111/load_object?new_layer=false&objects=n7017859297", "id_url": "https://www.openstreetmap.org/edit?editor=id&node=7017859297#map=20/45.4626377/9.1776944"}}, {"type": "Feature", "geometry": {"type": "Point", "coordinates": [9.1775732, 45.4627681]}, "properties": {"id": 7017859298, "feat_type": "node", "quality_categories": "kerb_on_top_of_non_crossing, older_than_five_years", "issue_ids": "[18, 1]", "osm_url": "https://www.openstreetmap.org/node/7017859298", "josm_url": "http://127.0.0.1:8111/load_object?new_layer=false&objects=n7017859298", "id_url": "https://www.openstreetmap.org/edit?editor=id&node=7017859298#map=20/45.4627681/9.1775732"}}, {"type": "Feature", "geometry": {"type": "Point", "coordinates": [9.1720288, 45.4580814]}, "properties": {"id": 7019009243, "feat_type": "node", "quality_categories": "older_than_five_years", "issue_ids": "[19]", "osm_url": "https://www.openstreetmap.org/node/7019009243", "josm_url": "http://127.0.0.1:8111/load_object?new_layer=false&objects=n7019009243", "id_url": "https://www.openstreetmap.org/edit?editor=id&node=7019009243#map=20/45.4580814/9.1720288"}}, {"type": "Feature", "geometry": {"type": "Point", "coordinates": [9.1719709, 45.4581244]}, "properties": {"id": 7019009244, "feat_type": "node", "quality_categories": "older_than_five_years", "issue_ids": "[19]", "osm_url": "https://www.openstreetmap.org/node/7019009244", "josm_url": "http://127.0.0.1:8111/load_object?new_layer=false&objects=n7019009244", "id_url": "https://www.openstreetmap.org/edit?editor=id&node=7019009244#map=20/45.4581244/9.1719709"}}, {"type": "Feature", "geometry": {"type": "Point", "coordinates": [9.1735851, 45.4579217]}, "properties": {"id": 7019151388, "feat_type": "node", "quality_categories": "kerb_on_top_of_non_crossing, older_than_five_years", "issue_ids": "[11, 1]", "osm_url": "https://www.openstreetmap.org/node/7019151388", "josm_url": "http://127.0.0.1:8111/load_object?new_layer=false&objects=n7019151388", "id_url": "https://www.openstreetmap.org/edit?editor=id&node=7019151388#map=20/45.4579217/9.1735851"}}, {"type": "Feature", "geometry": {"type": "Point", "coordinates": [9.1735281, 45.4579123]}, "properties": {"id": 7019151390, "feat_type": "node", "quality_categories": "kerb_on_top_of_non_crossing, older_than_five_years", "issue_ids": "[11, 1]", "osm_url": "https://www.openstreetmap.org/node/7019151390", "josm_url": "http://127.0.0.1:8111/load_object?new_layer=false&objects=n7019151390", "id_url": "https://www.openstreetmap.org/edit?editor=id&node=7019151390#map=20/45.4579123/9.1735281"}}, {"type": "Feature", "geometry": {"type": "Point", "coordinates": [9.1730411, 45.4574008]}, "properties": {"id": 7019203777, "feat_type": "node", "quality_categories": "older_than_five_years", "issue_ids": "[11]", "osm_url": "https://www.openstreetmap.org/node/7019203777", "josm_url": "http://127.0.0.1:8111/load_object?new_layer=false&objects=n7019203777", "id_url": "https://www.openstreetmap.org/edit?editor=id&node=7019203777#map=20/45.4574008/9.1730411"}}, {"type": "Feature", "geometry": {"type": "Point", "coordinates": [9.1729941, 45.457432]}, "properties": {"id": 7019203778, "feat_type": "node", "quality_categories": "older_than_five_years", "issue_ids": "[11]", "osm_url": "https://www.openstreetmap.org/node/7019203778", "josm_url": "http://127.0.0.1:8111/load_object?new_layer=false&objects=n7019203778", "id_url": "https://www.openstreetmap.org/edit?editor=id&node=7019203778#map=20/45.457432/9.1729941"}}, {"type": "Feature", "geometry": {"type": "Point", "coordinates": [9.2061925, 45.4643341]}, "properties": {"id": 7025716276, "feat_type": "node", "quality_categories": "older_than_five_years", "issue_ids": "[5]", "osm_url": "https://www.openstreetmap.org/node/7025716276", "josm_url": "http://127.0.0.1:8111/load_object?new_layer=false&objects=n7025716276", "id_url": "https://www.openstreetmap.org/edit?editor=id&node=7025716276#map=20/45.4643341/9.2061925"}}, {"type": "Feature", "geometry": {"type": "Point", "coordinates": [9.1856135, 45.4582247]}, "properties": {"id": 7028904174, "feat_type": "node", "quality_categories": "older_than_five_years", "issue_ids": "[7]", "osm_url": "https://www.openstreetmap.org/node/7028904174", "josm_url": "http://127.0.0.1:8111/load_object?new_layer=false&objects=n7028904174", "id_url": "https://www.openstreetmap.org/edit?editor=id&node=7028904174#map=20/45.4582247/9.1856135"}}, {"type": "Feature", "geometry": {"type": "Point", "coordinates": [9.1855724, 45.4582404]}, "properties": {"id": 7028904175, "feat_type": "node", "quality_categories": "older_than_five_years", "issue_ids": "[7]", "osm_url": "https://www.openstreetmap.org/node/7028904175", "josm_url": "http://127.0.0.1:8111/load_object?new_layer=false&objects=n7028904175", "id_url": "https://www.openstreetmap.org/edit?editor=id&node=7028904175#map=20/45.4582404/9.1855724"}}, {"type": "Feature", "geometry": {"type": "Point", "coordinates": [9.1853884, 45.4583239]}, "properties": {"id": 7028904176, "feat_type": "node", "quality_categories": "older_than_five_years", "issue_ids": "[7]", "osm_url": "https://www.openstreetmap.org/node/7028904176", "josm_url": "http://127.0.0.1:8111/load_object?new_layer=false&objects=n7028904176", "id_url": "https://www.openstreetmap.org/edit?editor=id&node=7028904176#map=20/45.4583239/9.1853884"}}, {"type": "Feature", "geometry": {"type": "Point", "coordinates": [9.1853449, 45.4583421]}, "properties": {"id": 7028904177, "feat_type": "node", "quality_categories": "older_than_five_years", "issue_ids": "[7]", "osm_url": "https://www.openstreetmap.org/node/7028904177", "josm_url": "http://127.0.0.1:8111/load_object?new_layer=false&objects=n7028904177", "id_url": "https://www.openstreetmap.org/edit?editor=id&node=7028904177#map=20/45.4583421/9.1853449"}}, {"type": "Feature", "geometry": {"type": "Point", "coordinates": [9.1843715, 45.4572575]}, "properties": {"id": 7029009081, "feat_type": "node", "quality_categories": "older_than_five_years", "issue_ids": "[19]", "osm_url": "https://www.openstreetmap.org/node/7029009081", "josm_url": "http://127.0.0.1:8111/load_object?new_layer=false&objects=n7029009081", "id_url": "https://www.openstreetmap.org/edit?editor=id&node=7029009081#map=20/45.4572575/9.1843715"}}, {"type": "Feature", "geometry": {"type": "Point", "coordinates": [9.1844628, 45.4572513]}, "properties": {"id": 7029009082, "feat_type": "node", "quality_categories": "older_than_five_years", "issue_ids": "[19]", "osm_url": "https://www.openstreetmap.org/node/7029009082", "josm_url": "http://127.0.0.1:8111/load_object?new_layer=false&objects=n7029009082", "id_url": "https://www.openstreetmap.org/edit?editor=id&node=7029009082#map=20/45.4572513/9.1844628"}}, {"type": "Feature", "geometry": {"type": "Point", "coordinates": [9.1879338, 45.4555017]}, "properties": {"id": 7031076056, "feat_type": "node", "quality_categories": "older_than_five_years", "issue_ids": "[7]", "osm_url": "https://www.openstreetmap.org/node/7031076056", "josm_url": "http://127.0.0.1:8111/load_object?new_layer=false&objects=n7031076056", "id_url": "https://www.openstreetmap.org/edit?editor=id&node=7031076056#map=20/45.4555017/9.1879338"}}, {"type": "Feature", "geometry": {"type": "Point", "coordinates": [9.188053, 45.4554997]}, "properties": {"id": 7031076057, "feat_type": "node", "quality_categories": "older_than_five_years", "issue_ids": "[7]", "osm_url": "https://www.openstreetmap.org/node/7031076057", "josm_url": "http://127.0.0.1:8111/load_object?new_layer=false&objects=n7031076057", "id_url": "https://www.openstreetmap.org/edit?editor=id&node=7031076057#map=20/45.4554997/9.188053"}}, {"type": "Feature", "geometry": {"type": "Point", "coordinates": [9.1886484, 45.4519289]}, "properties": {"id": 7031440939, "feat_type": "node", "quality_categories": "older_than_five_years", "issue_ids": "[7]", "osm_url": "https://www.openstreetmap.org/node/7031440939", "josm_url": "http://127.0.0.1:8111/load_object?new_layer=false&objects=n7031440939", "id_url": "https://www.openstreetmap.org/edit?editor=id&node=7031440939#map=20/45.4519289/9.1886484"}}, {"type": "Feature", "geometry": {"type": "Point", "coordinates": [9.1886624, 45.4519975]}, "properties": {"id": 7031440942, "feat_type": "node", "quality_categories": "older_than_five_years", "issue_ids": "[7]", "osm_url": "https://www.openstreetmap.org/node/7031440942", "josm_url": "http://127.0.0.1:8111/load_object?new_layer=false&objects=n7031440942", "id_url": "https://www.openstreetmap.org/edit?editor=id&node=7031440942#map=20/45.4519975/9.1886624"}}, {"type": "Feature", "geometry": {"type": "Point", "coordinates": [9.1886821, 45.452094]}, "properties": {"id": 7031440943, "feat_type": "node", "quality_categories": "older_than_five_years", "issue_ids": "[7]", "osm_url": "https://www.openstreetmap.org/node/7031440943", "josm_url": "http://127.0.0.1:8111/load_object?new_layer=false&objects=n7031440943", "id_url": "https://www.openstreetmap.org/edit?editor=id&node=7031440943#map=20/45.452094/9.1886821"}}, {"type": "Feature", "geometry": {"type": "Point", "coordinates": [9.1897276, 45.4517312]}, "properties": {"id": 7031549984, "feat_type": "node", "quality_categories": "older_than_five_years", "issue_ids": "[7]", "osm_url": "https://www.openstreetmap.org/node/7031549984", "josm_url": "http://127.0.0.1:8111/load_object?new_layer=false&objects=n7031549984", "id_url": "https://www.openstreetmap.org/edit?editor=id&node=7031549984#map=20/45.4517312/9.1897276"}}, {"type": "Feature", "geometry": {"type": "Point", "coordinates": [9.1897359, 45.4518166]}, "properties": {"id": 7031562650, "feat_type": "node", "quality_categories": "older_than_five_years", "issue_ids": "[7]", "osm_url": "https://www.openstreetmap.org/node/7031562650", "josm_url": "http://127.0.0.1:8111/load_object?new_layer=false&objects=n7031562650", "id_url": "https://www.openstreetmap.org/edit?editor=id&node=7031562650#map=20/45.4518166/9.1897359"}}, {"type": "Feature", "geometry": {"type": "Point", "coordinates": [9.189766, 45.4521286]}, "properties": {"id": 7031564685, "feat_type": "node", "quality_categories": "older_than_five_years", "issue_ids": "[7]", "osm_url": "https://www.openstreetmap.org/node/7031564685", "josm_url": "http://127.0.0.1:8111/load_object?new_layer=false&objects=n7031564685", "id_url": "https://www.openstreetmap.org/edit?editor=id&node=7031564685#map=20/45.4521286/9.189766"}}, {"type": "Feature", "geometry": {"type": "Point", "coordinates": [9.1895389, 45.4521538]}, "properties": {"id": 7031564686, "feat_type": "node", "quality_categories": "older_than_five_years", "issue_ids": "[7]", "osm_url": "https://www.openstreetmap.org/node/7031564686", "josm_url": "http://127.0.0.1:8111/load_object?new_layer=false&objects=n7031564686", "id_url": "https://www.openstreetmap.org/edit?editor=id&node=7031564686#map=20/45.4521538/9.1895389"}}, {"type": "Feature", "geometry": {"type": "Point", "coordinates": [9.1896054, 45.4521549]}, "properties": {"id": 7031564687, "feat_type": "node", "quality_categories": "older_than_five_years", "issue_ids": "[7]", "osm_url": "https://www.openstreetmap.org/node/7031564687", "josm_url": "http://127.0.0.1:8111/load_object?new_layer=false&objects=n7031564687", "id_url": "https://www.openstreetmap.org/edit?editor=id&node=7031564687#map=20/45.4521549/9.1896054"}}, {"type": "Feature", "geometry": {"type": "Point", "coordinates": [9.1700419, 45.4756339]}, "properties": {"id": 7059688024, "feat_type": "node", "quality_categories": "older_than_five_years", "issue_ids": "[21]", "osm_url": "https://www.openstreetmap.org/node/7059688024", "josm_url": "http://127.0.0.1:8111/load_object?new_layer=false&objects=n7059688024", "id_url": "https://www.openstreetmap.org/edit?editor=id&node=7059688024#map=20/45.4756339/9.1700419"}}, {"type": "Feature", "geometry": {"type": "Point", "coordinates": [9.1700594, 45.4759116]}, "properties": {"id": 7059688025, "feat_type": "node", "quality_categories": "older_than_five_years", "issue_ids": "[21]", "osm_url": "https://www.openstreetmap.org/node/7059688025", "josm_url": "http://127.0.0.1:8111/load_object?new_layer=false&objects=n7059688025", "id_url": "https://www.openstreetmap.org/edit?editor=id&node=7059688025#map=20/45.4759116/9.1700594"}}, {"type": "Feature", "geometry": {"type": "Point", "coordinates": [9.1696234, 45.4758722]}, "properties": {"id": 7059688028, "feat_type": "node", "quality_categories": "older_than_five_years", "issue_ids": "[21]", "osm_url": "https://www.openstreetmap.org/node/7059688028", "josm_url": "http://127.0.0.1:8111/load_object?new_layer=false&objects=n7059688028", "id_url": "https://www.openstreetmap.org/edit?editor=id&node=7059688028#map=20/45.4758722/9.1696234"}}, {"type": "Feature", "geometry": {"type": "Point", "coordinates": [9.1700567, 45.4758684]}, "properties": {"id": 7059688043, "feat_type": "node", "quality_categories": "older_than_five_years", "issue_ids": "[21]", "osm_url": "https://www.openstreetmap.org/node/7059688043", "josm_url": "http://127.0.0.1:8111/load_object?new_layer=false&objects=n7059688043", "id_url": "https://www.openstreetmap.org/edit?editor=id&node=7059688043#map=20/45.4758684/9.1700567"}}, {"type": "Feature", "geometry": {"type": "Point", "coordinates": [9.1704114, 45.4770011]}, "properties": {"id": 7059689228, "feat_type": "node", "quality_categories": "older_than_five_years", "issue_ids": "[20]", "osm_url": "https://www.openstreetmap.org/node/7059689228", "josm_url": "http://127.0.0.1:8111/load_object?new_layer=false&objects=n7059689228", "id_url": "https://www.openstreetmap.org/edit?editor=id&node=7059689228#map=20/45.4770011/9.1704114"}}, {"type": "Feature", "geometry": {"type": "Point", "coordinates": [9.1704652, 45.4769595]}, "properties": {"id": 7059689229, "feat_type": "node", "quality_categories": "older_than_five_years", "issue_ids": "[20]", "osm_url": "https://www.openstreetmap.org/node/7059689229", "josm_url": "http://127.0.0.1:8111/load_object?new_layer=false&objects=n7059689229", "id_url": "https://www.openstreetmap.org/edit?editor=id&node=7059689229#map=20/45.4769595/9.1704652"}}, {"type": "Feature", "geometry": {"type": "Point", "coordinates": [9.1701571, 45.4756014]}, "properties": {"id": 7059703769, "feat_type": "node", "quality_categories": "older_than_five_years", "issue_ids": "[21]", "osm_url": "https://www.openstreetmap.org/node/7059703769", "josm_url": "http://127.0.0.1:8111/load_object?new_layer=false&objects=n7059703769", "id_url": "https://www.openstreetmap.org/edit?editor=id&node=7059703769#map=20/45.4756014/9.1701571"}}, {"type": "Feature", "geometry": {"type": "Point", "coordinates": [9.1701182, 45.4756023]}, "properties": {"id": 7059703770, "feat_type": "node", "quality_categories": "older_than_five_years", "issue_ids": "[21]", "osm_url": "https://www.openstreetmap.org/node/7059703770", "josm_url": "http://127.0.0.1:8111/load_object?new_layer=false&objects=n7059703770", "id_url": "https://www.openstreetmap.org/edit?editor=id&node=7059703770#map=20/45.4756023/9.1701182"}}, {"type": "Feature", "geometry": {"type": "Point", "coordinates": [9.1702519, 45.4757443]}, "properties": {"id": 7059703771, "feat_type": "node", "quality_categories": "older_than_five_years", "issue_ids": "[21]", "osm_url": "https://www.openstreetmap.org/node/7059703771", "josm_url": "http://127.0.0.1:8111/load_object?new_layer=false&objects=n7059703771", "id_url": "https://www.openstreetmap.org/edit?editor=id&node=7059703771#map=20/45.4757443/9.1702519"}}, {"type": "Feature", "geometry": {"type": "Point", "coordinates": [9.1702542, 45.4757864]}, "properties": {"id": 7059703772, "feat_type": "node", "quality_categories": "older_than_five_years", "issue_ids": "[21]", "osm_url": "https://www.openstreetmap.org/node/7059703772", "josm_url": "http://127.0.0.1:8111/load_object?new_layer=false&objects=n7059703772", "id_url": "https://www.openstreetmap.org/edit?editor=id&node=7059703772#map=20/45.4757864/9.1702542"}}, {"type": "Feature", "geometry": {"type": "Point", "coordinates": [9.1695348, 45.4756499]}, "properties": {"id": 7059703773, "feat_type": "node", "quality_categories": "older_than_five_years", "issue_ids": "[20]", "osm_url": "https://www.openstreetmap.org/node/7059703773", "josm_url": "http://127.0.0.1:8111/load_object?new_layer=false&objects=n7059703773", "id_url": "https://www.openstreetmap.org/edit?editor=id&node=7059703773#map=20/45.4756499/9.1695348"}}, {"type": "Feature", "geometry": {"type": "Point", "coordinates": [9.1694858, 45.4756512]}, "properties": {"id": 7059703774, "feat_type": "node", "quality_categories": "older_than_five_years", "issue_ids": "[20]", "osm_url": "https://www.openstreetmap.org/node/7059703774", "josm_url": "http://127.0.0.1:8111/load_object?new_layer=false&objects=n7059703774", "id_url": "https://www.openstreetmap.org/edit?editor=id&node=7059703774#map=20/45.4756512/9.1694858"}}, {"type": "Feature", "geometry": {"type": "Point", "coordinates": [9.1694107, 45.4757626]}, "properties": {"id": 7059703775, "feat_type": "node", "quality_categories": "older_than_five_years", "issue_ids": "[20]", "osm_url": "https://www.openstreetmap.org/node/7059703775", "josm_url": "http://127.0.0.1:8111/load_object?new_layer=false&objects=n7059703775", "id_url": "https://www.openstreetmap.org/edit?editor=id&node=7059703775#map=20/45.4757626/9.1694107"}}, {"type": "Feature", "geometry": {"type": "Point", "coordinates": [9.169411, 45.475813]}, "properties": {"id": 7059703776, "feat_type": "node", "quality_categories": "older_than_five_years", "issue_ids": "[20]", "osm_url": "https://www.openstreetmap.org/node/7059703776", "josm_url": "http://127.0.0.1:8111/load_object?new_layer=false&objects=n7059703776", "id_url": "https://www.openstreetmap.org/edit?editor=id&node=7059703776#map=20/45.475813/9.169411"}}, {"type": "Feature", "geometry": {"type": "Point", "coordinates": [9.1695491, 45.475961]}, "properties": {"id": 7059703778, "feat_type": "node", "quality_categories": "older_than_five_years", "issue_ids": "[21]", "osm_url": "https://www.openstreetmap.org/node/7059703778", "josm_url": "http://127.0.0.1:8111/load_object?new_layer=false&objects=n7059703778", "id_url": "https://www.openstreetmap.org/edit?editor=id&node=7059703778#map=20/45.475961/9.1695491"}}, {"type": "Feature", "geometry": {"type": "Point", "coordinates": [9.1695023, 45.4759621]}, "properties": {"id": 7059703779, "feat_type": "node", "quality_categories": "older_than_five_years", "issue_ids": "[21]", "osm_url": "https://www.openstreetmap.org/node/7059703779", "josm_url": "http://127.0.0.1:8111/load_object?new_layer=false&objects=n7059703779", "id_url": "https://www.openstreetmap.org/edit?editor=id&node=7059703779#map=20/45.4759621/9.1695023"}}, {"type": "Feature", "geometry": {"type": "Point", "coordinates": [9.1707628, 45.4771722]}, "properties": {"id": 7059742051, "feat_type": "node", "quality_categories": "older_than_five_years", "issue_ids": "[20]", "osm_url": "https://www.openstreetmap.org/node/7059742051", "josm_url": "http://127.0.0.1:8111/load_object?new_layer=false&objects=n7059742051", "id_url": "https://www.openstreetmap.org/edit?editor=id&node=7059742051#map=20/45.4771722/9.1707628"}}, {"type": "Feature", "geometry": {"type": "Point", "coordinates": [9.1707145, 45.4772095]}, "properties": {"id": 7059742052, "feat_type": "node", "quality_categories": "older_than_five_years", "issue_ids": "[20]", "osm_url": "https://www.openstreetmap.org/node/7059742052", "josm_url": "http://127.0.0.1:8111/load_object?new_layer=false&objects=n7059742052", "id_url": "https://www.openstreetmap.org/edit?editor=id&node=7059742052#map=20/45.4772095/9.1707145"}}, {"type": "Feature", "geometry": {"type": "Point", "coordinates": [9.1705489, 45.4771519]}, "properties": {"id": 7059747257, "feat_type": "node", "quality_categories": "older_than_five_years", "issue_ids": "[20]", "osm_url": "https://www.openstreetmap.org/node/7059747257", "josm_url": "http://127.0.0.1:8111/load_object?new_layer=false&objects=n7059747257", "id_url": "https://www.openstreetmap.org/edit?editor=id&node=7059747257#map=20/45.4771519/9.1705489"}}, {"type": "Feature", "geometry": {"type": "Point", "coordinates": [9.1704892, 45.4771114]}, "properties": {"id": 7059747258, "feat_type": "node", "quality_categories": "older_than_five_years", "issue_ids": "[20]", "osm_url": "https://www.openstreetmap.org/node/7059747258", "josm_url": "http://127.0.0.1:8111/load_object?new_layer=false&objects=n7059747258", "id_url": "https://www.openstreetmap.org/edit?editor=id&node=7059747258#map=20/45.4771114/9.1704892"}}, {"type": "Feature", "geometry": {"type": "Point", "coordinates": [9.1701737, 45.4759387]}, "properties": {"id": 7059748172, "feat_type": "node", "quality_categories": "older_than_five_years", "issue_ids": "[20]", "osm_url": "https://www.openstreetmap.org/node/7059748172", "josm_url": "http://127.0.0.1:8111/load_object?new_layer=false&objects=n7059748172", "id_url": "https://www.openstreetmap.org/edit?editor=id&node=7059748172#map=20/45.4759387/9.1701737"}}, {"type": "Feature", "geometry": {"type": "Point", "coordinates": [9.170136, 45.4759397]}, "properties": {"id": 7059748174, "feat_type": "node", "quality_categories": "older_than_five_years", "issue_ids": "[20]", "osm_url": "https://www.openstreetmap.org/node/7059748174", "josm_url": "http://127.0.0.1:8111/load_object?new_layer=false&objects=n7059748174", "id_url": "https://www.openstreetmap.org/edit?editor=id&node=7059748174#map=20/45.4759397/9.170136"}}, {"type": "Feature", "geometry": {"type": "Point", "coordinates": [9.1700466, 45.4757073]}, "properties": {"id": 7059748175, "feat_type": "node", "quality_categories": "older_than_five_years", "issue_ids": "[21]", "osm_url": "https://www.openstreetmap.org/node/7059748175", "josm_url": "http://127.0.0.1:8111/load_object?new_layer=false&objects=n7059748175", "id_url": "https://www.openstreetmap.org/edit?editor=id&node=7059748175#map=20/45.4757073/9.1700466"}}, {"type": "Feature", "geometry": {"type": "Point", "coordinates": [9.1700541, 45.4758286]}, "properties": {"id": 7059748176, "feat_type": "node", "quality_categories": "older_than_five_years", "issue_ids": "[21]", "osm_url": "https://www.openstreetmap.org/node/7059748176", "josm_url": "http://127.0.0.1:8111/load_object?new_layer=false&objects=n7059748176", "id_url": "https://www.openstreetmap.org/edit?editor=id&node=7059748176#map=20/45.4758286/9.1700541"}}, {"type": "Feature", "geometry": {"type": "Point", "coordinates": [9.1710463, 45.4765098]}, "properties": {"id": 7059749803, "feat_type": "node", "quality_categories": "older_than_five_years", "issue_ids": "[20]", "osm_url": "https://www.openstreetmap.org/node/7059749803", "josm_url": "http://127.0.0.1:8111/load_object?new_layer=false&objects=n7059749803", "id_url": "https://www.openstreetmap.org/edit?editor=id&node=7059749803#map=20/45.4765098/9.1710463"}}, {"type": "Feature", "geometry": {"type": "Point", "coordinates": [9.1709733, 45.4765663]}, "properties": {"id": 7059749804, "feat_type": "node", "quality_categories": "older_than_five_years", "issue_ids": "[20]", "osm_url": "https://www.openstreetmap.org/node/7059749804", "josm_url": "http://127.0.0.1:8111/load_object?new_layer=false&objects=n7059749804", "id_url": "https://www.openstreetmap.org/edit?editor=id&node=7059749804#map=20/45.4765663/9.1709733"}}, {"type": "Feature", "geometry": {"type": "Point", "coordinates": [9.1693617, 45.4762424]}, "properties": {"id": 7059752990, "feat_type": "node", "quality_categories": "older_than_five_years", "issue_ids": "[20]", "osm_url": "https://www.openstreetmap.org/node/7059752990", "josm_url": "http://127.0.0.1:8111/load_object?new_layer=false&objects=n7059752990", "id_url": "https://www.openstreetmap.org/edit?editor=id&node=7059752990#map=20/45.4762424/9.1693617"}}, {"type": "Feature", "geometry": {"type": "Point", "coordinates": [9.1693104, 45.47628]}, "properties": {"id": 7059752991, "feat_type": "node", "quality_categories": "older_than_five_years", "issue_ids": "[20]", "osm_url": "https://www.openstreetmap.org/node/7059752991", "josm_url": "http://127.0.0.1:8111/load_object?new_layer=false&objects=n7059752991", "id_url": "https://www.openstreetmap.org/edit?editor=id&node=7059752991#map=20/45.47628/9.1693104"}}, {"type": "Feature", "geometry": {"type": "Point", "coordinates": [9.1726883, 45.4776909]}, "properties": {"id": 7059777198, "feat_type": "node", "quality_categories": "older_than_five_years", "issue_ids": "[19]", "osm_url": "https://www.openstreetmap.org/node/7059777198", "josm_url": "http://127.0.0.1:8111/load_object?new_layer=false&objects=n7059777198", "id_url": "https://www.openstreetmap.org/edit?editor=id&node=7059777198#map=20/45.4776909/9.1726883"}}, {"type": "Feature", "geometry": {"type": "Point", "coordinates": [9.1726016, 45.4776842]}, "properties": {"id": 7059777199, "feat_type": "node", "quality_categories": "older_than_five_years", "issue_ids": "[19]", "osm_url": "https://www.openstreetmap.org/node/7059777199", "josm_url": "http://127.0.0.1:8111/load_object?new_layer=false&objects=n7059777199", "id_url": "https://www.openstreetmap.org/edit?editor=id&node=7059777199#map=20/45.4776842/9.1726016"}}, {"type": "Feature", "geometry": {"type": "Point", "coordinates": [9.1725774, 45.4776942]}, "properties": {"id": 7059777200, "feat_type": "node", "quality_categories": "older_than_five_years", "issue_ids": "[19]", "osm_url": "https://www.openstreetmap.org/node/7059777200", "josm_url": "http://127.0.0.1:8111/load_object?new_layer=false&objects=n7059777200", "id_url": "https://www.openstreetmap.org/edit?editor=id&node=7059777200#map=20/45.4776942/9.1725774"}}, {"type": "Feature", "geometry": {"type": "Point", "coordinates": [9.1725876, 45.4777289]}, "properties": {"id": 7059777201, "feat_type": "node", "quality_categories": "older_than_five_years", "issue_ids": "[19]", "osm_url": "https://www.openstreetmap.org/node/7059777201", "josm_url": "http://127.0.0.1:8111/load_object?new_layer=false&objects=n7059777201", "id_url": "https://www.openstreetmap.org/edit?editor=id&node=7059777201#map=20/45.4777289/9.1725876"}}, {"type": "Feature", "geometry": {"type": "Point", "coordinates": [9.1726356, 45.477762]}, "properties": {"id": 7059777202, "feat_type": "node", "quality_categories": "older_than_five_years", "issue_ids": "[19]", "osm_url": "https://www.openstreetmap.org/node/7059777202", "josm_url": "http://127.0.0.1:8111/load_object?new_layer=false&objects=n7059777202", "id_url": "https://www.openstreetmap.org/edit?editor=id&node=7059777202#map=20/45.477762/9.1726356"}}, {"type": "Feature", "geometry": {"type": "Point", "coordinates": [9.172688, 45.4777626]}, "properties": {"id": 7059777203, "feat_type": "node", "quality_categories": "older_than_five_years", "issue_ids": "[19]", "osm_url": "https://www.openstreetmap.org/node/7059777203", "josm_url": "http://127.0.0.1:8111/load_object?new_layer=false&objects=n7059777203", "id_url": "https://www.openstreetmap.org/edit?editor=id&node=7059777203#map=20/45.4777626/9.172688"}}, {"type": "Feature", "geometry": {"type": "Point", "coordinates": [9.1727235, 45.4777113]}, "properties": {"id": 7059777205, "feat_type": "node", "quality_categories": "older_than_five_years", "issue_ids": "[19]", "osm_url": "https://www.openstreetmap.org/node/7059777205", "josm_url": "http://127.0.0.1:8111/load_object?new_layer=false&objects=n7059777205", "id_url": "https://www.openstreetmap.org/edit?editor=id&node=7059777205#map=20/45.4777113/9.1727235"}}, {"type": "Feature", "geometry": {"type": "Point", "coordinates": [9.1727331, 45.4777508]}, "properties": {"id": 7059777206, "feat_type": "node", "quality_categories": "older_than_five_years", "issue_ids": "[19]", "osm_url": "https://www.openstreetmap.org/node/7059777206", "josm_url": "http://127.0.0.1:8111/load_object?new_layer=false&objects=n7059777206", "id_url": "https://www.openstreetmap.org/edit?editor=id&node=7059777206#map=20/45.4777508/9.1727331"}}, {"type": "Feature", "geometry": {"type": "Point", "coordinates": [9.1906137, 45.5090495]}, "properties": {"id": 7761103253, "feat_type": "node", "quality_categories": "older_than_five_years", "issue_ids": "[22]", "osm_url": "https://www.openstreetmap.org/node/7761103253", "josm_url": "http://127.0.0.1:8111/load_object?new_layer=false&objects=n7761103253", "id_url": "https://www.openstreetmap.org/edit?editor=id&node=7761103253#map=20/45.5090495/9.1906137"}}, {"type": "Feature", "geometry": {"type": "Point", "coordinates": [9.1897864, 45.5088763]}, "properties": {"id": 7761393214, "feat_type": "node", "quality_categories": "older_than_five_years", "issue_ids": "[6]", "osm_url": "https://www.openstreetmap.org/node/7761393214", "josm_url": "http://127.0.0.1:8111/load_object?new_layer=false&objects=n7761393214", "id_url": "https://www.openstreetmap.org/edit?editor=id&node=7761393214#map=20/45.5088763/9.1897864"}}, {"type": "Feature", "geometry": {"type": "Point", "coordinates": [9.1897425, 45.5087998]}, "properties": {"id": 7761393227, "feat_type": "node", "quality_categories": "older_than_five_years", "issue_ids": "[6]", "osm_url": "https://www.openstreetmap.org/node/7761393227", "josm_url": "http://127.0.0.1:8111/load_object?new_layer=false&objects=n7761393227", "id_url": "https://www.openstreetmap.org/edit?editor=id&node=7761393227#map=20/45.5087998/9.1897425"}}, {"type": "Feature", "geometry": {"type": "Point", "coordinates": [9.189854, 45.5090258]}, "properties": {"id": 7761393248, "feat_type": "node", "quality_categories": "older_than_five_years", "issue_ids": "[6]", "osm_url": "https://www.openstreetmap.org/node/7761393248", "josm_url": "http://127.0.0.1:8111/load_object?new_layer=false&objects=n7761393248", "id_url": "https://www.openstreetmap.org/edit?editor=id&node=7761393248#map=20/45.5090258/9.189854"}}, {"type": "Feature", "geometry": {"type": "Point", "coordinates": [9.1898006, 45.5089067]}, "properties": {"id": 7761393250, "feat_type": "node", "quality_categories": "older_than_five_years", "issue_ids": "[6]", "osm_url": "https://www.openstreetmap.org/node/7761393250", "josm_url": "http://127.0.0.1:8111/load_object?new_layer=false&objects=n7761393250", "id_url": "https://www.openstreetmap.org/edit?editor=id&node=7761393250#map=20/45.5089067/9.1898006"}}, {"type": "Feature", "geometry": {"type": "Point", "coordinates": [9.1898663, 45.5091332]}, "properties": {"id": 7761393266, "feat_type": "node", "quality_categories": "older_than_five_years", "issue_ids": "[23]", "osm_url": "https://www.openstreetmap.org/node/7761393266", "josm_url": "http://127.0.0.1:8111/load_object?new_layer=false&objects=n7761393266", "id_url": "https://www.openstreetmap.org/edit?editor=id&node=7761393266#map=20/45.5091332/9.1898663"}}, {"type": "Feature", "geometry": {"type": "Point", "coordinates": [9.189642, 45.5091946]}, "properties": {"id": 7761393274, "feat_type": "node", "quality_categories": "older_than_five_years", "issue_ids": "[22]", "osm_url": "https://www.openstreetmap.org/node/7761393274", "josm_url": "http://127.0.0.1:8111/load_object?new_layer=false&objects=n7761393274", "id_url": "https://www.openstreetmap.org/edit?editor=id&node=7761393274#map=20/45.5091946/9.189642"}}, {"type": "Feature", "geometry": {"type": "Point", "coordinates": [9.1556028, 45.4838678]}, "properties": {"id": 7784928484, "feat_type": "node", "quality_categories": "older_than_five_years", "issue_ids": "[19]", "osm_url": "https://www.openstreetmap.org/node/7784928484", "josm_url": "http://127.0.0.1:8111/load_object?new_layer=false&objects=n7784928484", "id_url": "https://www.openstreetmap.org/edit?editor=id&node=7784928484#map=20/45.4838678/9.1556028"}}, {"type": "Feature", "geometry": {"type": "Point", "coordinates": [9.164136, 45.4779705]}, "properties": {"id": 7796351794, "feat_type": "node", "quality_categories": "older_than_five_years", "issue_ids": "[24]", "osm_url": "https://www.openstreetmap.org/node/7796351794", "josm_url": "http://127.0.0.1:8111/load_object?new_layer=false&objects=n7796351794", "id_url": "https://www.openstreetmap.org/edit?editor=id&node=7796351794#map=20/45.4779705/9.164136"}}, {"type": "Feature", "geometry": {"type": "Point", "coordinates": [9.1568089, 45.4846893]}, "properties": {"id": 7804763252, "feat_type": "node", "quality_categories": "older_than_five_years", "issue_ids": "[19]", "osm_url": "https://www.openstreetmap.org/node/7804763252", "josm_url": "http://127.0.0.1:8111/load_object?new_layer=false&objects=n7804763252", "id_url": "https://www.openstreetmap.org/edit?editor=id&node=7804763252#map=20/45.4846893/9.1568089"}}, {"type": "Feature", "geometry": {"type": "Point", "coordinates": [9.1953437, 45.5077359]}, "properties": {"id": 7892801978, "feat_type": "node", "quality_categories": "older_than_five_years", "issue_ids": "[2]", "osm_url": "https://www.openstreetmap.org/node/7892801978", "josm_url": "http://127.0.0.1:8111/load_object?new_layer=false&objects=n7892801978", "id_url": "https://www.openstreetmap.org/edit?editor=id&node=7892801978#map=20/45.5077359/9.1953437"}}, {"type": "Feature", "geometry": {"type": "Point", "coordinates": [9.1953269, 45.5077013]}, "properties": {"id": 7892801980, "feat_type": "node", "quality_categories": "older_than_five_years", "issue_ids": "[2]", "osm_url": "https://www.openstreetmap.org/node/7892801980", "josm_url": "http://127.0.0.1:8111/load_object?new_layer=false&objects=n7892801980", "id_url": "https://www.openstreetmap.org/edit?editor=id&node=7892801980#map=20/45.5077013/9.1953269"}}, {"type": "Feature", "geometry": {"type": "Point", "coordinates": [9.1952729, 45.5075901]}, "properties": {"id": 7892801981, "feat_type": "node", "quality_categories": "older_than_five_years", "issue_ids": "[2]", "osm_url": "https://www.openstreetmap.org/node/7892801981", "josm_url": "http://127.0.0.1:8111/load_object?new_layer=false&objects=n7892801981", "id_url": "https://www.openstreetmap.org/edit?editor=id&node=7892801981#map=20/45.5075901/9.1952729"}}, {"type": "Feature", "geometry": {"type": "Point", "coordinates": [9.1952578, 45.5075591]}, "properties": {"id": 7892801983, "feat_type": "node", "quality_categories": "older_than_five_years", "issue_ids": "[2]", "osm_url": "https://www.openstreetmap.org/node/7892801983", "josm_url": "http://127.0.0.1:8111/load_object?new_layer=false&objects=n7892801983", "id_url": "https://www.openstreetmap.org/edit?editor=id&node=7892801983#map=20/45.5075591/9.1952578"}}, {"type": "Feature", "geometry": {"type": "Point", "coordinates": [9.1952507, 45.5075443]}, "properties": {"id": 7892801984, "feat_type": "node", "quality_categories": "older_than_five_years", "issue_ids": "[2]", "osm_url": "https://www.openstreetmap.org/node/7892801984", "josm_url": "http://127.0.0.1:8111/load_object?new_layer=false&objects=n7892801984", "id_url": "https://www.openstreetmap.org/edit?editor=id&node=7892801984#map=20/45.5075443/9.1952507"}}, {"type": "Feature", "geometry": {"type": "Point", "coordinates": [9.1952153, 45.5074714]}, "properties": {"id": 7892849786, "feat_type": "node", "quality_categories": "older_than_five_years", "issue_ids": "[2]", "osm_url": "https://www.openstreetmap.org/node/7892849786", "josm_url": "http://127.0.0.1:8111/load_object?new_layer=false&objects=n7892849786", "id_url": "https://www.openstreetmap.org/edit?editor=id&node=7892849786#map=20/45.5074714/9.1952153"}}, {"type": "Feature", "geometry": {"type": "Point", "coordinates": [9.1951772, 45.5074637]}, "properties": {"id": 7892849790, "feat_type": "node", "quality_categories": "older_than_five_years", "issue_ids": "[2]", "osm_url": "https://www.openstreetmap.org/node/7892849790", "josm_url": "http://127.0.0.1:8111/load_object?new_layer=false&objects=n7892849790", "id_url": "https://www.openstreetmap.org/edit?editor=id&node=7892849790#map=20/45.5074637/9.1951772"}}, {"type": "Feature", "geometry": {"type": "Point", "coordinates": [9.1950849, 45.5074886]}, "properties": {"id": 7892849791, "feat_type": "node", "quality_categories": "older_than_five_years", "issue_ids": "[2]", "osm_url": "https://www.openstreetmap.org/node/7892849791", "josm_url": "http://127.0.0.1:8111/load_object?new_layer=false&objects=n7892849791", "id_url": "https://www.openstreetmap.org/edit?editor=id&node=7892849791#map=20/45.5074886/9.1950849"}}, {"type": "Feature", "geometry": {"type": "Point", "coordinates": [9.2002471, 45.5066364]}, "properties": {"id": 7893803621, "feat_type": "node", "quality_categories": "older_than_five_years", "issue_ids": "[5]", "osm_url": "https://www.openstreetmap.org/node/7893803621", "josm_url": "http://127.0.0.1:8111/load_object?new_layer=false&objects=n7893803621", "id_url": "https://www.openstreetmap.org/edit?editor=id&node=7893803621#map=20/45.5066364/9.2002471"}}, {"type": "Feature", "geometry": {"type": "Point", "coordinates": [9.1999743, 45.5062904]}, "properties": {"id": 7912369682, "feat_type": "node", "quality_categories": "kerb_on_top_of_non_crossing, older_than_five_years", "issue_ids": "[2, 1]", "osm_url": "https://www.openstreetmap.org/node/7912369682", "josm_url": "http://127.0.0.1:8111/load_object?new_layer=false&objects=n7912369682", "id_url": "https://www.openstreetmap.org/edit?editor=id&node=7912369682#map=20/45.5062904/9.1999743"}}, {"type": "Feature", "geometry": {"type": "Point", "coordinates": [9.191603, 45.5072378]}, "properties": {"id": 8000599468, "feat_type": "node", "quality_categories": "older_than_five_years", "issue_ids": "[22]", "osm_url": "https://www.openstreetmap.org/node/8000599468", "josm_url": "http://127.0.0.1:8111/load_object?new_layer=false&objects=n8000599468", "id_url": "https://www.openstreetmap.org/edit?editor=id&node=8000599468#map=20/45.5072378/9.191603"}}, {"type": "Feature", "geometry": {"type": "Point", "coordinates": [9.1916571, 45.507355]}, "properties": {"id": 8000599469, "feat_type": "node", "quality_categories": "older_than_five_years", "issue_ids": "[22]", "osm_url": "https://www.openstreetmap.org/node/8000599469", "josm_url": "http://127.0.0.1:8111/load_object?new_layer=false&objects=n8000599469", "id_url": "https://www.openstreetmap.org/edit?editor=id&node=8000599469#map=20/45.507355/9.1916571"}}, {"type": "Feature", "geometry": {"type": "Point", "coordinates": [9.1916476, 45.5073842]}, "properties": {"id": 8000599472, "feat_type": "node", "quality_categories": "older_than_five_years", "issue_ids": "[22]", "osm_url": "https://www.openstreetmap.org/node/8000599472", "josm_url": "http://127.0.0.1:8111/load_object?new_layer=false&objects=n8000599472", "id_url": "https://www.openstreetmap.org/edit?editor=id&node=8000599472#map=20/45.5073842/9.1916476"}}, {"type": "Feature", "geometry": {"type": "Point", "coordinates": [9.1914912, 45.5074259]}, "properties": {"id": 8000599473, "feat_type": "node", "quality_categories": "older_than_five_years", "issue_ids": "[22]", "osm_url": "https://www.openstreetmap.org/node/8000599473", "josm_url": "http://127.0.0.1:8111/load_object?new_layer=false&objects=n8000599473", "id_url": "https://www.openstreetmap.org/edit?editor=id&node=8000599473#map=20/45.5074259/9.1914912"}}, {"type": "Feature", "geometry": {"type": "Point", "coordinates": [9.1944399, 45.5067101]}, "properties": {"id": 8047421740, "feat_type": "node", "quality_categories": "older_than_five_years", "issue_ids": "[2]", "osm_url": "https://www.openstreetmap.org/node/8047421740", "josm_url": "http://127.0.0.1:8111/load_object?new_layer=false&objects=n8047421740", "id_url": "https://www.openstreetmap.org/edit?editor=id&node=8047421740#map=20/45.5067101/9.1944399"}}, {"type": "Feature", "geometry": {"type": "Point", "coordinates": [9.1943427, 45.5067306]}, "properties": {"id": 8047421741, "feat_type": "node", "quality_categories": "older_than_five_years", "issue_ids": "[2]", "osm_url": "https://www.openstreetmap.org/node/8047421741", "josm_url": "http://127.0.0.1:8111/load_object?new_layer=false&objects=n8047421741", "id_url": "https://www.openstreetmap.org/edit?editor=id&node=8047421741#map=20/45.5067306/9.1943427"}}, {"type": "Feature", "geometry": {"type": "Point", "coordinates": [9.1940928, 45.5066077]}, "properties": {"id": 8062165548, "feat_type": "node", "quality_categories": "older_than_five_years", "issue_ids": "[2]", "osm_url": "https://www.openstreetmap.org/node/8062165548", "josm_url": "http://127.0.0.1:8111/load_object?new_layer=false&objects=n8062165548", "id_url": "https://www.openstreetmap.org/edit?editor=id&node=8062165548#map=20/45.5066077/9.1940928"}}, {"type": "Feature", "geometry": {"type": "Point", "coordinates": [9.1940048, 45.506628]}, "properties": {"id": 8062165549, "feat_type": "node", "quality_categories": "older_than_five_years", "issue_ids": "[2]", "osm_url": "https://www.openstreetmap.org/node/8062165549", "josm_url": "http://127.0.0.1:8111/load_object?new_layer=false&objects=n8062165549", "id_url": "https://www.openstreetmap.org/edit?editor=id&node=8062165549#map=20/45.506628/9.1940048"}}, {"type": "Feature", "geometry": {"type": "Point", "coordinates": [9.1942279, 45.5066154]}, "properties": {"id": 8062165552, "feat_type": "node", "quality_categories": "older_than_five_years", "issue_ids": "[2]", "osm_url": "https://www.openstreetmap.org/node/8062165552", "josm_url": "http://127.0.0.1:8111/load_object?new_layer=false&objects=n8062165552", "id_url": "https://www.openstreetmap.org/edit?editor=id&node=8062165552#map=20/45.5066154/9.1942279"}}, {"type": "Feature", "geometry": {"type": "Point", "coordinates": [9.1958086, 45.5056705]}, "properties": {"id": 8062245577, "feat_type": "node", "quality_categories": "older_than_five_years", "issue_ids": "[2]", "osm_url": "https://www.openstreetmap.org/node/8062245577", "josm_url": "http://127.0.0.1:8111/load_object?new_layer=false&objects=n8062245577", "id_url": "https://www.openstreetmap.org/edit?editor=id&node=8062245577#map=20/45.5056705/9.1958086"}}, {"type": "Feature", "geometry": {"type": "Point", "coordinates": [9.1958385, 45.5057377]}, "properties": {"id": 8062245578, "feat_type": "node", "quality_categories": "older_than_five_years", "issue_ids": "[2]", "osm_url": "https://www.openstreetmap.org/node/8062245578", "josm_url": "http://127.0.0.1:8111/load_object?new_layer=false&objects=n8062245578", "id_url": "https://www.openstreetmap.org/edit?editor=id&node=8062245578#map=20/45.5057377/9.1958385"}}, {"type": "Feature", "geometry": {"type": "Point", "coordinates": [9.1955939, 45.5057206]}, "properties": {"id": 8062245581, "feat_type": "node", "quality_categories": "older_than_five_years", "issue_ids": "[2]", "osm_url": "https://www.openstreetmap.org/node/8062245581", "josm_url": "http://127.0.0.1:8111/load_object?new_layer=false&objects=n8062245581", "id_url": "https://www.openstreetmap.org/edit?editor=id&node=8062245581#map=20/45.5057206/9.1955939"}}, {"type": "Feature", "geometry": {"type": "Point", "coordinates": [9.195627, 45.5057867]}, "properties": {"id": 8062245583, "feat_type": "node", "quality_categories": "older_than_five_years", "issue_ids": "[2]", "osm_url": "https://www.openstreetmap.org/node/8062245583", "josm_url": "http://127.0.0.1:8111/load_object?new_layer=false&objects=n8062245583", "id_url": "https://www.openstreetmap.org/edit?editor=id&node=8062245583#map=20/45.5057867/9.195627"}}, {"type": "Feature", "geometry": {"type": "Point", "coordinates": [9.1957686, 45.5056561]}, "properties": {"id": 8062248886, "feat_type": "node", "quality_categories": "older_than_five_years", "issue_ids": "[2]", "osm_url": "https://www.openstreetmap.org/node/8062248886", "josm_url": "http://127.0.0.1:8111/load_object?new_layer=false&objects=n8062248886", "id_url": "https://www.openstreetmap.org/edit?editor=id&node=8062248886#map=20/45.5056561/9.1957686"}}, {"type": "Feature", "geometry": {"type": "Point", "coordinates": [9.1969203, 45.5049856]}, "properties": {"id": 8062248939, "feat_type": "node", "quality_categories": "older_than_five_years", "issue_ids": "[2]", "osm_url": "https://www.openstreetmap.org/node/8062248939", "josm_url": "http://127.0.0.1:8111/load_object?new_layer=false&objects=n8062248939", "id_url": "https://www.openstreetmap.org/edit?editor=id&node=8062248939#map=20/45.5049856/9.1969203"}}, {"type": "Feature", "geometry": {"type": "Point", "coordinates": [9.1969558, 45.5050397]}, "properties": {"id": 8062248940, "feat_type": "node", "quality_categories": "older_than_five_years", "issue_ids": "[2]", "osm_url": "https://www.openstreetmap.org/node/8062248940", "josm_url": "http://127.0.0.1:8111/load_object?new_layer=false&objects=n8062248940", "id_url": "https://www.openstreetmap.org/edit?editor=id&node=8062248940#map=20/45.5050397/9.1969558"}}, {"type": "Feature", "geometry": {"type": "Point", "coordinates": [9.1935063, 45.505362]}, "properties": {"id": 8062331754, "feat_type": "node", "quality_categories": "older_than_five_years", "issue_ids": "[2]", "osm_url": "https://www.openstreetmap.org/node/8062331754", "josm_url": "http://127.0.0.1:8111/load_object?new_layer=false&objects=n8062331754", "id_url": "https://www.openstreetmap.org/edit?editor=id&node=8062331754#map=20/45.505362/9.1935063"}}, {"type": "Feature", "geometry": {"type": "Point", "coordinates": [9.1934035, 45.5053839]}, "properties": {"id": 8062331755, "feat_type": "node", "quality_categories": "older_than_five_years", "issue_ids": "[2]", "osm_url": "https://www.openstreetmap.org/node/8062331755", "josm_url": "http://127.0.0.1:8111/load_object?new_layer=false&objects=n8062331755", "id_url": "https://www.openstreetmap.org/edit?editor=id&node=8062331755#map=20/45.5053839/9.1934035"}}, {"type": "Feature", "geometry": {"type": "Point", "coordinates": [9.1948084, 45.5049136]}, "properties": {"id": 8062850629, "feat_type": "node", "quality_categories": "older_than_five_years", "issue_ids": "[2]", "osm_url": "https://www.openstreetmap.org/node/8062850629", "josm_url": "http://127.0.0.1:8111/load_object?new_layer=false&objects=n8062850629", "id_url": "https://www.openstreetmap.org/edit?editor=id&node=8062850629#map=20/45.5049136/9.1948084"}}, {"type": "Feature", "geometry": {"type": "Point", "coordinates": [9.1948834, 45.5048954]}, "properties": {"id": 8062850631, "feat_type": "node", "quality_categories": "older_than_five_years", "issue_ids": "[2]", "osm_url": "https://www.openstreetmap.org/node/8062850631", "josm_url": "http://127.0.0.1:8111/load_object?new_layer=false&objects=n8062850631", "id_url": "https://www.openstreetmap.org/edit?editor=id&node=8062850631#map=20/45.5048954/9.1948834"}}, {"type": "Feature", "geometry": {"type": "Point", "coordinates": [9.1934554, 45.5052645]}, "properties": {"id": 8062850636, "feat_type": "node", "quality_categories": "older_than_five_years", "issue_ids": "[2]", "osm_url": "https://www.openstreetmap.org/node/8062850636", "josm_url": "http://127.0.0.1:8111/load_object?new_layer=false&objects=n8062850636", "id_url": "https://www.openstreetmap.org/edit?editor=id&node=8062850636#map=20/45.5052645/9.1934554"}}, {"type": "Feature", "geometry": {"type": "Point", "coordinates": [9.1935169, 45.5053152]}, "properties": {"id": 8062850637, "feat_type": "node", "quality_categories": "older_than_five_years", "issue_ids": "[2]", "osm_url": "https://www.openstreetmap.org/node/8062850637", "josm_url": "http://127.0.0.1:8111/load_object?new_layer=false&objects=n8062850637", "id_url": "https://www.openstreetmap.org/edit?editor=id&node=8062850637#map=20/45.5053152/9.1935169"}}, {"type": "Feature", "geometry": {"type": "Point", "coordinates": [9.1970912, 45.5049203]}, "properties": {"id": 8062908208, "feat_type": "node", "quality_categories": "older_than_five_years", "issue_ids": "[2]", "osm_url": "https://www.openstreetmap.org/node/8062908208", "josm_url": "http://127.0.0.1:8111/load_object?new_layer=false&objects=n8062908208", "id_url": "https://www.openstreetmap.org/edit?editor=id&node=8062908208#map=20/45.5049203/9.1970912"}}, {"type": "Feature", "geometry": {"type": "Point", "coordinates": [9.1969533, 45.5049469]}, "properties": {"id": 8062908209, "feat_type": "node", "quality_categories": "older_than_five_years", "issue_ids": "[2]", "osm_url": "https://www.openstreetmap.org/node/8062908209", "josm_url": "http://127.0.0.1:8111/load_object?new_layer=false&objects=n8062908209", "id_url": "https://www.openstreetmap.org/edit?editor=id&node=8062908209#map=20/45.5049469/9.1969533"}}, {"type": "Feature", "geometry": {"type": "Point", "coordinates": [9.2013351, 45.5068953]}, "properties": {"id": 8063023930, "feat_type": "node", "quality_categories": "older_than_five_years", "issue_ids": "[25]", "osm_url": "https://www.openstreetmap.org/node/8063023930", "josm_url": "http://127.0.0.1:8111/load_object?new_layer=false&objects=n8063023930", "id_url": "https://www.openstreetmap.org/edit?editor=id&node=8063023930#map=20/45.5068953/9.2013351"}}, {"type": "Feature", "geometry": {"type": "Point", "coordinates": [9.2013905, 45.5069866]}, "properties": {"id": 8063023931, "feat_type": "node", "quality_categories": "older_than_five_years", "issue_ids": "[25]", "osm_url": "https://www.openstreetmap.org/node/8063023931", "josm_url": "http://127.0.0.1:8111/load_object?new_layer=false&objects=n8063023931", "id_url": "https://www.openstreetmap.org/edit?editor=id&node=8063023931#map=20/45.5069866/9.2013905"}}, {"type": "Feature", "geometry": {"type": "Point", "coordinates": [9.200565, 45.5055342]}, "properties": {"id": 8063023940, "feat_type": "node", "quality_categories": "older_than_five_years", "issue_ids": "[26]", "osm_url": "https://www.openstreetmap.org/node/8063023940", "josm_url": "http://127.0.0.1:8111/load_object?new_layer=false&objects=n8063023940", "id_url": "https://www.openstreetmap.org/edit?editor=id&node=8063023940#map=20/45.5055342/9.200565"}}, {"type": "Feature", "geometry": {"type": "Point", "coordinates": [9.2005068, 45.5054261]}, "properties": {"id": 8063023941, "feat_type": "node", "quality_categories": "older_than_five_years", "issue_ids": "[26]", "osm_url": "https://www.openstreetmap.org/node/8063023941", "josm_url": "http://127.0.0.1:8111/load_object?new_layer=false&objects=n8063023941", "id_url": "https://www.openstreetmap.org/edit?editor=id&node=8063023941#map=20/45.5054261/9.2005068"}}, {"type": "Feature", "geometry": {"type": "Point", "coordinates": [9.199585, 45.5040274]}, "properties": {"id": 8063029423, "feat_type": "node", "quality_categories": "older_than_five_years", "issue_ids": "[6]", "osm_url": "https://www.openstreetmap.org/node/8063029423", "josm_url": "http://127.0.0.1:8111/load_object?new_layer=false&objects=n8063029423", "id_url": "https://www.openstreetmap.org/edit?editor=id&node=8063029423#map=20/45.5040274/9.199585"}}, {"type": "Feature", "geometry": {"type": "Point", "coordinates": [9.1995681, 45.5040312]}, "properties": {"id": 8063029424, "feat_type": "node", "quality_categories": "older_than_five_years", "issue_ids": "[6]", "osm_url": "https://www.openstreetmap.org/node/8063029424", "josm_url": "http://127.0.0.1:8111/load_object?new_layer=false&objects=n8063029424", "id_url": "https://www.openstreetmap.org/edit?editor=id&node=8063029424#map=20/45.5040312/9.1995681"}}, {"type": "Feature", "geometry": {"type": "Point", "coordinates": [9.1995207, 45.5040444]}, "properties": {"id": 8063029426, "feat_type": "node", "quality_categories": "older_than_five_years", "issue_ids": "[6]", "osm_url": "https://www.openstreetmap.org/node/8063029426", "josm_url": "http://127.0.0.1:8111/load_object?new_layer=false&objects=n8063029426", "id_url": "https://www.openstreetmap.org/edit?editor=id&node=8063029426#map=20/45.5040444/9.1995207"}}, {"type": "Feature", "geometry": {"type": "Point", "coordinates": [9.1994437, 45.5040321]}, "properties": {"id": 8063029427, "feat_type": "node", "quality_categories": "older_than_five_years", "issue_ids": "[6]", "osm_url": "https://www.openstreetmap.org/node/8063029427", "josm_url": "http://127.0.0.1:8111/load_object?new_layer=false&objects=n8063029427", "id_url": "https://www.openstreetmap.org/edit?editor=id&node=8063029427#map=20/45.5040321/9.1994437"}}, {"type": "Feature", "geometry": {"type": "Point", "coordinates": [9.199342, 45.5040592]}, "properties": {"id": 8063029428, "feat_type": "node", "quality_categories": "older_than_five_years", "issue_ids": "[6]", "osm_url": "https://www.openstreetmap.org/node/8063029428", "josm_url": "http://127.0.0.1:8111/load_object?new_layer=false&objects=n8063029428", "id_url": "https://www.openstreetmap.org/edit?editor=id&node=8063029428#map=20/45.5040592/9.199342"}}, {"type": "Feature", "geometry": {"type": "Point", "coordinates": [9.1993292, 45.5041116]}, "properties": {"id": 8063029429, "feat_type": "node", "quality_categories": "older_than_five_years", "issue_ids": "[6]", "osm_url": "https://www.openstreetmap.org/node/8063029429", "josm_url": "http://127.0.0.1:8111/load_object?new_layer=false&objects=n8063029429", "id_url": "https://www.openstreetmap.org/edit?editor=id&node=8063029429#map=20/45.5041116/9.1993292"}}, {"type": "Feature", "geometry": {"type": "Point", "coordinates": [9.1992342, 45.5041452]}, "properties": {"id": 8063029430, "feat_type": "node", "quality_categories": "older_than_five_years", "issue_ids": "[6]", "osm_url": "https://www.openstreetmap.org/node/8063029430", "josm_url": "http://127.0.0.1:8111/load_object?new_layer=false&objects=n8063029430", "id_url": "https://www.openstreetmap.org/edit?editor=id&node=8063029430#map=20/45.5041452/9.1992342"}}, {"type": "Feature", "geometry": {"type": "Point", "coordinates": [9.1991522, 45.5041227]}, "properties": {"id": 8063029434, "feat_type": "node", "quality_categories": "older_than_five_years", "issue_ids": "[6]", "osm_url": "https://www.openstreetmap.org/node/8063029434", "josm_url": "http://127.0.0.1:8111/load_object?new_layer=false&objects=n8063029434", "id_url": "https://www.openstreetmap.org/edit?editor=id&node=8063029434#map=20/45.5041227/9.1991522"}}, {"type": "Feature", "geometry": {"type": "Point", "coordinates": [9.1991039, 45.5041331]}, "properties": {"id": 8063029435, "feat_type": "node", "quality_categories": "older_than_five_years", "issue_ids": "[6]", "osm_url": "https://www.openstreetmap.org/node/8063029435", "josm_url": "http://127.0.0.1:8111/load_object?new_layer=false&objects=n8063029435", "id_url": "https://www.openstreetmap.org/edit?editor=id&node=8063029435#map=20/45.5041331/9.1991039"}}, {"type": "Feature", "geometry": {"type": "Point", "coordinates": [9.2009678, 45.5064544]}, "properties": {"id": 8063094038, "feat_type": "node", "quality_categories": "kerb_on_top_of_non_crossing, older_than_five_years", "issue_ids": "[2, 1]", "osm_url": "https://www.openstreetmap.org/node/8063094038", "josm_url": "http://127.0.0.1:8111/load_object?new_layer=false&objects=n8063094038", "id_url": "https://www.openstreetmap.org/edit?editor=id&node=8063094038#map=20/45.5064544/9.2009678"}}, {"type": "Feature", "geometry": {"type": "Point", "coordinates": [9.2009047, 45.5064732]}, "properties": {"id": 8063094043, "feat_type": "node", "quality_categories": "kerb_on_top_of_non_crossing, older_than_five_years", "issue_ids": "[2, 1]", "osm_url": "https://www.openstreetmap.org/node/8063094043", "josm_url": "http://127.0.0.1:8111/load_object?new_layer=false&objects=n8063094043", "id_url": "https://www.openstreetmap.org/edit?editor=id&node=8063094043#map=20/45.5064732/9.2009047"}}, {"type": "Feature", "geometry": {"type": "Point", "coordinates": [9.2008762, 45.506528]}, "properties": {"id": 8063094047, "feat_type": "node", "quality_categories": "older_than_five_years", "issue_ids": "[27]", "osm_url": "https://www.openstreetmap.org/node/8063094047", "josm_url": "http://127.0.0.1:8111/load_object?new_layer=false&objects=n8063094047", "id_url": "https://www.openstreetmap.org/edit?editor=id&node=8063094047#map=20/45.506528/9.2008762"}}, {"type": "Feature", "geometry": {"type": "Point", "coordinates": [9.2007683, 45.5065579]}, "properties": {"id": 8063094049, "feat_type": "node", "quality_categories": "older_than_five_years", "issue_ids": "[27]", "osm_url": "https://www.openstreetmap.org/node/8063094049", "josm_url": "http://127.0.0.1:8111/load_object?new_layer=false&objects=n8063094049", "id_url": "https://www.openstreetmap.org/edit?editor=id&node=8063094049#map=20/45.5065579/9.2007683"}}, {"type": "Feature", "geometry": {"type": "Point", "coordinates": [9.2005894, 45.5066573]}, "properties": {"id": 8063094056, "feat_type": "node", "quality_categories": "older_than_five_years", "issue_ids": "[2]", "osm_url": "https://www.openstreetmap.org/node/8063094056", "josm_url": "http://127.0.0.1:8111/load_object?new_layer=false&objects=n8063094056", "id_url": "https://www.openstreetmap.org/edit?editor=id&node=8063094056#map=20/45.5066573/9.2005894"}}, {"type": "Feature", "geometry": {"type": "Point", "coordinates": [9.2005174, 45.5066705]}, "properties": {"id": 8063094061, "feat_type": "node", "quality_categories": "kerb_on_top_of_non_crossing, older_than_five_years", "issue_ids": "[2, 1]", "osm_url": "https://www.openstreetmap.org/node/8063094061", "josm_url": "http://127.0.0.1:8111/load_object?new_layer=false&objects=n8063094061", "id_url": "https://www.openstreetmap.org/edit?editor=id&node=8063094061#map=20/45.5066705/9.2005174"}}, {"type": "Feature", "geometry": {"type": "Point", "coordinates": [9.1850135, 45.5030532]}, "properties": {"id": 8105834495, "feat_type": "node", "quality_categories": "older_than_five_years", "issue_ids": "[28]", "osm_url": "https://www.openstreetmap.org/node/8105834495", "josm_url": "http://127.0.0.1:8111/load_object?new_layer=false&objects=n8105834495", "id_url": "https://www.openstreetmap.org/edit?editor=id&node=8105834495#map=20/45.5030532/9.1850135"}}, {"type": "Feature", "geometry": {"type": "Point", "coordinates": [9.1849221, 45.5030382]}, "properties": {"id": 8105834497, "feat_type": "node", "quality_categories": "older_than_five_years", "issue_ids": "[28]", "osm_url": "https://www.openstreetmap.org/node/8105834497", "josm_url": "http://127.0.0.1:8111/load_object?new_layer=false&objects=n8105834497", "id_url": "https://www.openstreetmap.org/edit?editor=id&node=8105834497#map=20/45.5030382/9.1849221"}}, {"type": "Feature", "geometry": {"type": "Point", "coordinates": [9.1836072, 45.502765]}, "properties": {"id": 8118201614, "feat_type": "node", "quality_categories": "older_than_five_years", "issue_ids": "[29]", "osm_url": "https://www.openstreetmap.org/node/8118201614", "josm_url": "http://127.0.0.1:8111/load_object?new_layer=false&objects=n8118201614", "id_url": "https://www.openstreetmap.org/edit?editor=id&node=8118201614#map=20/45.502765/9.1836072"}}, {"type": "Feature", "geometry": {"type": "Point", "coordinates": [9.1835937, 45.502824]}, "properties": {"id": 8118201615, "feat_type": "node", "quality_categories": "older_than_five_years", "issue_ids": "[29]", "osm_url": "https://www.openstreetmap.org/node/8118201615", "josm_url": "http://127.0.0.1:8111/load_object?new_layer=false&objects=n8118201615", "id_url": "https://www.openstreetmap.org/edit?editor=id&node=8118201615#map=20/45.502824/9.1835937"}}, {"type": "Feature", "geometry": {"type": "Point", "coordinates": [9.1848461, 45.5030331]}, "properties": {"id": 8118559173, "feat_type": "node", "quality_categories": "older_than_five_years", "issue_ids": "[28]", "osm_url": "https://www.openstreetmap.org/node/8118559173", "josm_url": "http://127.0.0.1:8111/load_object?new_layer=false&objects=n8118559173", "id_url": "https://www.openstreetmap.org/edit?editor=id&node=8118559173#map=20/45.5030331/9.1848461"}}, {"type": "Feature", "geometry": {"type": "Point", "coordinates": [9.1848762, 45.5030331]}, "properties": {"id": 8118559178, "feat_type": "node", "quality_categories": "older_than_five_years", "issue_ids": "[28]", "osm_url": "https://www.openstreetmap.org/node/8118559178", "josm_url": "http://127.0.0.1:8111/load_object?new_layer=false&objects=n8118559178", "id_url": "https://www.openstreetmap.org/edit?editor=id&node=8118559178#map=20/45.5030331/9.1848762"}}, {"type": "Feature", "geometry": {"type": "Point", "coordinates": [9.1913833, 45.4948074]}, "properties": {"id": 8118928666, "feat_type": "node", "quality_categories": "older_than_five_years", "issue_ids": "[20]", "osm_url": "https://www.openstreetmap.org/node/8118928666", "josm_url": "http://127.0.0.1:8111/load_object?new_layer=false&objects=n8118928666", "id_url": "https://www.openstreetmap.org/edit?editor=id&node=8118928666#map=20/45.4948074/9.1913833"}}, {"type": "Feature", "geometry": {"type": "Point", "coordinates": [9.190919, 45.4935457]}, "properties": {"id": 8118928674, "feat_type": "node", "quality_categories": "older_than_five_years", "issue_ids": "[19]", "osm_url": "https://www.openstreetmap.org/node/8118928674", "josm_url": "http://127.0.0.1:8111/load_object?new_layer=false&objects=n8118928674", "id_url": "https://www.openstreetmap.org/edit?editor=id&node=8118928674#map=20/45.4935457/9.190919"}}, {"type": "Feature", "geometry": {"type": "Point", "coordinates": [9.1908487, 45.4934065]}, "properties": {"id": 8118928679, "feat_type": "node", "quality_categories": "older_than_five_years", "issue_ids": "[19]", "osm_url": "https://www.openstreetmap.org/node/8118928679", "josm_url": "http://127.0.0.1:8111/load_object?new_layer=false&objects=n8118928679", "id_url": "https://www.openstreetmap.org/edit?editor=id&node=8118928679#map=20/45.4934065/9.1908487"}}, {"type": "Feature", "geometry": {"type": "Point", "coordinates": [9.1924262, 45.4926556]}, "properties": {"id": 8119409355, "feat_type": "node", "quality_categories": "older_than_five_years", "issue_ids": "[30]", "osm_url": "https://www.openstreetmap.org/node/8119409355", "josm_url": "http://127.0.0.1:8111/load_object?new_layer=false&objects=n8119409355", "id_url": "https://www.openstreetmap.org/edit?editor=id&node=8119409355#map=20/45.4926556/9.1924262"}}, {"type": "Feature", "geometry": {"type": "Point", "coordinates": [9.1924159, 45.4926366]}, "properties": {"id": 8119409356, "feat_type": "node", "quality_categories": "older_than_five_years", "issue_ids": "[30]", "osm_url": "https://www.openstreetmap.org/node/8119409356", "josm_url": "http://127.0.0.1:8111/load_object?new_layer=false&objects=n8119409356", "id_url": "https://www.openstreetmap.org/edit?editor=id&node=8119409356#map=20/45.4926366/9.1924159"}}, {"type": "Feature", "geometry": {"type": "Point", "coordinates": [9.1923827, 45.4925784]}, "properties": {"id": 8119409360, "feat_type": "node", "quality_categories": "older_than_five_years", "issue_ids": "[31]", "osm_url": "https://www.openstreetmap.org/node/8119409360", "josm_url": "http://127.0.0.1:8111/load_object?new_layer=false&objects=n8119409360", "id_url": "https://www.openstreetmap.org/edit?editor=id&node=8119409360#map=20/45.4925784/9.1923827"}}, {"type": "Feature", "geometry": {"type": "Point", "coordinates": [9.1839647, 45.5015001]}, "properties": {"id": 8120518668, "feat_type": "node", "quality_categories": "older_than_five_years", "issue_ids": "[29]", "osm_url": "https://www.openstreetmap.org/node/8120518668", "josm_url": "http://127.0.0.1:8111/load_object?new_layer=false&objects=n8120518668", "id_url": "https://www.openstreetmap.org/edit?editor=id&node=8120518668#map=20/45.5015001/9.1839647"}}, {"type": "Feature", "geometry": {"type": "Point", "coordinates": [9.1839925, 45.5014466]}, "properties": {"id": 8120518670, "feat_type": "node", "quality_categories": "older_than_five_years", "issue_ids": "[29]", "osm_url": "https://www.openstreetmap.org/node/8120518670", "josm_url": "http://127.0.0.1:8111/load_object?new_layer=false&objects=n8120518670", "id_url": "https://www.openstreetmap.org/edit?editor=id&node=8120518670#map=20/45.5014466/9.1839925"}}, {"type": "Feature", "geometry": {"type": "Point", "coordinates": [9.1835025, 45.5014076]}, "properties": {"id": 8120518673, "feat_type": "node", "quality_categories": "older_than_five_years", "issue_ids": "[29]", "osm_url": "https://www.openstreetmap.org/node/8120518673", "josm_url": "http://127.0.0.1:8111/load_object?new_layer=false&objects=n8120518673", "id_url": "https://www.openstreetmap.org/edit?editor=id&node=8120518673#map=20/45.5014076/9.1835025"}}, {"type": "Feature", "geometry": {"type": "Point", "coordinates": [9.1835253, 45.5013542]}, "properties": {"id": 8120518675, "feat_type": "node", "quality_categories": "older_than_five_years", "issue_ids": "[29]", "osm_url": "https://www.openstreetmap.org/node/8120518675", "josm_url": "http://127.0.0.1:8111/load_object?new_layer=false&objects=n8120518675", "id_url": "https://www.openstreetmap.org/edit?editor=id&node=8120518675#map=20/45.5013542/9.1835253"}}, {"type": "Feature", "geometry": {"type": "Point", "coordinates": [9.1827877, 45.5005841]}, "properties": {"id": 8124761605, "feat_type": "node", "quality_categories": "older_than_five_years", "issue_ids": "[19]", "osm_url": "https://www.openstreetmap.org/node/8124761605", "josm_url": "http://127.0.0.1:8111/load_object?new_layer=false&objects=n8124761605", "id_url": "https://www.openstreetmap.org/edit?editor=id&node=8124761605#map=20/45.5005841/9.1827877"}}, {"type": "Feature", "geometry": {"type": "Point", "coordinates": [9.1827698, 45.500634]}, "properties": {"id": 8124761607, "feat_type": "node", "quality_categories": "older_than_five_years", "issue_ids": "[19]", "osm_url": "https://www.openstreetmap.org/node/8124761607", "josm_url": "http://127.0.0.1:8111/load_object?new_layer=false&objects=n8124761607", "id_url": "https://www.openstreetmap.org/edit?editor=id&node=8124761607#map=20/45.500634/9.1827698"}}, {"type": "Feature", "geometry": {"type": "Point", "coordinates": [9.1907032, 45.4994731]}, "properties": {"id": 8145520254, "feat_type": "node", "quality_categories": "kerb_on_top_of_non_crossing, older_than_five_years", "issue_ids": "[20, 1]", "osm_url": "https://www.openstreetmap.org/node/8145520254", "josm_url": "http://127.0.0.1:8111/load_object?new_layer=false&objects=n8145520254", "id_url": "https://www.openstreetmap.org/edit?editor=id&node=8145520254#map=20/45.4994731/9.1907032"}}, {"type": "Feature", "geometry": {"type": "Point", "coordinates": [9.190731, 45.4994096]}, "properties": {"id": 8145520256, "feat_type": "node", "quality_categories": "kerb_on_top_of_non_crossing, older_than_five_years", "issue_ids": "[6, 1]", "osm_url": "https://www.openstreetmap.org/node/8145520256", "josm_url": "http://127.0.0.1:8111/load_object?new_layer=false&objects=n8145520256", "id_url": "https://www.openstreetmap.org/edit?editor=id&node=8145520256#map=20/45.4994096/9.190731"}}, {"type": "Feature", "geometry": {"type": "Point", "coordinates": [9.1804162, 45.5044081]}, "properties": {"id": 8318054700, "feat_type": "node", "quality_categories": "older_than_five_years", "issue_ids": "[20]", "osm_url": "https://www.openstreetmap.org/node/8318054700", "josm_url": "http://127.0.0.1:8111/load_object?new_layer=false&objects=n8318054700", "id_url": "https://www.openstreetmap.org/edit?editor=id&node=8318054700#map=20/45.5044081/9.1804162"}}, {"type": "Feature", "geometry": {"type": "Point", "coordinates": [9.1803996, 45.5044025]}, "properties": {"id": 8318054702, "feat_type": "node", "quality_categories": "older_than_five_years", "issue_ids": "[20]", "osm_url": "https://www.openstreetmap.org/node/8318054702", "josm_url": "http://127.0.0.1:8111/load_object?new_layer=false&objects=n8318054702", "id_url": "https://www.openstreetmap.org/edit?editor=id&node=8318054702#map=20/45.5044025/9.1803996"}}, {"type": "Feature", "geometry": {"type": "Point", "coordinates": [9.2016573, 45.5044732]}, "properties": {"id": 8337546451, "feat_type": "node", "quality_categories": "older_than_five_years", "issue_ids": "[32]", "osm_url": "https://www.openstreetmap.org/node/8337546451", "josm_url": "http://127.0.0.1:8111/load_object?new_layer=false&objects=n8337546451", "id_url": "https://www.openstreetmap.org/edit?editor=id&node=8337546451#map=20/45.5044732/9.2016573"}}, {"type": "Feature", "geometry": {"type": "Point", "coordinates": [9.1947808, 45.506643]}, "properties": {"id": 8393245701, "feat_type": "node", "quality_categories": "older_than_five_years", "issue_ids": "[2]", "osm_url": "https://www.openstreetmap.org/node/8393245701", "josm_url": "http://127.0.0.1:8111/load_object?new_layer=false&objects=n8393245701", "id_url": "https://www.openstreetmap.org/edit?editor=id&node=8393245701#map=20/45.506643/9.1947808"}}, {"type": "Feature", "geometry": {"type": "Point", "coordinates": [9.1946923, 45.5066613]}, "properties": {"id": 8393245703, "feat_type": "node", "quality_categories": "older_than_five_years", "issue_ids": "[2]", "osm_url": "https://www.openstreetmap.org/node/8393245703", "josm_url": "http://127.0.0.1:8111/load_object?new_layer=false&objects=n8393245703", "id_url": "https://www.openstreetmap.org/edit?editor=id&node=8393245703#map=20/45.5066613/9.1946923"}}, {"type": "Feature", "geometry": {"type": "Point", "coordinates": [9.1632175, 45.5070447]}, "properties": {"id": 8478798495, "feat_type": "node", "quality_categories": "older_than_five_years", "issue_ids": "[33]", "osm_url": "https://www.openstreetmap.org/node/8478798495", "josm_url": "http://127.0.0.1:8111/load_object?new_layer=false&objects=n8478798495", "id_url": "https://www.openstreetmap.org/edit?editor=id&node=8478798495#map=20/45.5070447/9.1632175"}}, {"type": "Feature", "geometry": {"type": "Point", "coordinates": [9.1631909, 45.5071135]}, "properties": {"id": 8478798497, "feat_type": "node", "quality_categories": "older_than_five_years", "issue_ids": "[33]", "osm_url": "https://www.openstreetmap.org/node/8478798497", "josm_url": "http://127.0.0.1:8111/load_object?new_layer=false&objects=n8478798497", "id_url": "https://www.openstreetmap.org/edit?editor=id&node=8478798497#map=20/45.5071135/9.1631909"}}, {"type": "Feature", "geometry": {"type": "Point", "coordinates": [9.1631376, 45.5069946]}, "properties": {"id": 8478798499, "feat_type": "node", "quality_categories": "older_than_five_years", "issue_ids": "[33]", "osm_url": "https://www.openstreetmap.org/node/8478798499", "josm_url": "http://127.0.0.1:8111/load_object?new_layer=false&objects=n8478798499", "id_url": "https://www.openstreetmap.org/edit?editor=id&node=8478798499#map=20/45.5069946/9.1631376"}}, {"type": "Feature", "geometry": {"type": "Point", "coordinates": [9.1629036, 45.5069525]}, "properties": {"id": 8478798500, "feat_type": "node", "quality_categories": "older_than_five_years", "issue_ids": "[33]", "osm_url": "https://www.openstreetmap.org/node/8478798500", "josm_url": "http://127.0.0.1:8111/load_object?new_layer=false&objects=n8478798500", "id_url": "https://www.openstreetmap.org/edit?editor=id&node=8478798500#map=20/45.5069525/9.1629036"}}, {"type": "Feature", "geometry": {"type": "Point", "coordinates": [9.1635691, 45.5058598]}, "properties": {"id": 8478821818, "feat_type": "node", "quality_categories": "older_than_five_years", "issue_ids": "[33]", "osm_url": "https://www.openstreetmap.org/node/8478821818", "josm_url": "http://127.0.0.1:8111/load_object?new_layer=false&objects=n8478821818", "id_url": "https://www.openstreetmap.org/edit?editor=id&node=8478821818#map=20/45.5058598/9.1635691"}}, {"type": "Feature", "geometry": {"type": "Point", "coordinates": [9.163425, 45.5058291]}, "properties": {"id": 8478821819, "feat_type": "node", "quality_categories": "older_than_five_years", "issue_ids": "[33]", "osm_url": "https://www.openstreetmap.org/node/8478821819", "josm_url": "http://127.0.0.1:8111/load_object?new_layer=false&objects=n8478821819", "id_url": "https://www.openstreetmap.org/edit?editor=id&node=8478821819#map=20/45.5058291/9.163425"}}, {"type": "Feature", "geometry": {"type": "Point", "coordinates": [9.1634015, 45.5057852]}, "properties": {"id": 8478821820, "feat_type": "node", "quality_categories": "older_than_five_years", "issue_ids": "[33]", "osm_url": "https://www.openstreetmap.org/node/8478821820", "josm_url": "http://127.0.0.1:8111/load_object?new_layer=false&objects=n8478821820", "id_url": "https://www.openstreetmap.org/edit?editor=id&node=8478821820#map=20/45.5057852/9.1634015"}}, {"type": "Feature", "geometry": {"type": "Point", "coordinates": [9.1634149, 45.5057305]}, "properties": {"id": 8478821821, "feat_type": "node", "quality_categories": "older_than_five_years", "issue_ids": "[33]", "osm_url": "https://www.openstreetmap.org/node/8478821821", "josm_url": "http://127.0.0.1:8111/load_object?new_layer=false&objects=n8478821821", "id_url": "https://www.openstreetmap.org/edit?editor=id&node=8478821821#map=20/45.5057305/9.1634149"}}, {"type": "Feature", "geometry": {"type": "Point", "coordinates": [9.1636647, 45.5052065]}, "properties": {"id": 8478821827, "feat_type": "node", "quality_categories": "older_than_five_years", "issue_ids": "[33]", "osm_url": "https://www.openstreetmap.org/node/8478821827", "josm_url": "http://127.0.0.1:8111/load_object?new_layer=false&objects=n8478821827", "id_url": "https://www.openstreetmap.org/edit?editor=id&node=8478821827#map=20/45.5052065/9.1636647"}}, {"type": "Feature", "geometry": {"type": "Point", "coordinates": [9.1602616, 45.5050788]}, "properties": {"id": 8480376137, "feat_type": "node", "quality_categories": "older_than_five_years", "issue_ids": "[33]", "osm_url": "https://www.openstreetmap.org/node/8480376137", "josm_url": "http://127.0.0.1:8111/load_object?new_layer=false&objects=n8480376137", "id_url": "https://www.openstreetmap.org/edit?editor=id&node=8480376137#map=20/45.5050788/9.1602616"}}, {"type": "Feature", "geometry": {"type": "Point", "coordinates": [9.1602343, 45.505092]}, "properties": {"id": 8480376138, "feat_type": "node", "quality_categories": "older_than_five_years", "issue_ids": "[33]", "osm_url": "https://www.openstreetmap.org/node/8480376138", "josm_url": "http://127.0.0.1:8111/load_object?new_layer=false&objects=n8480376138", "id_url": "https://www.openstreetmap.org/edit?editor=id&node=8480376138#map=20/45.505092/9.1602343"}}, {"type": "Feature", "geometry": {"type": "Point", "coordinates": [9.160109, 45.5050668]}, "properties": {"id": 8480376139, "feat_type": "node", "quality_categories": "older_than_five_years", "issue_ids": "[33]", "osm_url": "https://www.openstreetmap.org/node/8480376139", "josm_url": "http://127.0.0.1:8111/load_object?new_layer=false&objects=n8480376139", "id_url": "https://www.openstreetmap.org/edit?editor=id&node=8480376139#map=20/45.5050668/9.160109"}}, {"type": "Feature", "geometry": {"type": "Point", "coordinates": [9.1606579, 45.5065672]}, "properties": {"id": 8480376148, "feat_type": "node", "quality_categories": "older_than_five_years", "issue_ids": "[33]", "osm_url": "https://www.openstreetmap.org/node/8480376148", "josm_url": "http://127.0.0.1:8111/load_object?new_layer=false&objects=n8480376148", "id_url": "https://www.openstreetmap.org/edit?editor=id&node=8480376148#map=20/45.5065672/9.1606579"}}, {"type": "Feature", "geometry": {"type": "Point", "coordinates": [9.1607448, 45.5065815]}, "properties": {"id": 8480376149, "feat_type": "node", "quality_categories": "older_than_five_years", "issue_ids": "[33]", "osm_url": "https://www.openstreetmap.org/node/8480376149", "josm_url": "http://127.0.0.1:8111/load_object?new_layer=false&objects=n8480376149", "id_url": "https://www.openstreetmap.org/edit?editor=id&node=8480376149#map=20/45.5065815/9.1607448"}}, {"type": "Feature", "geometry": {"type": "Point", "coordinates": [9.2142598, 45.441096]}, "properties": {"id": 8554577655, "feat_type": "node", "quality_categories": "kerb_on_top_of_non_crossing, older_than_five_years", "issue_ids": "[12, 1]", "osm_url": "https://www.openstreetmap.org/node/8554577655", "josm_url": "http://127.0.0.1:8111/load_object?new_layer=false&objects=n8554577655", "id_url": "https://www.openstreetmap.org/edit?editor=id&node=8554577655#map=20/45.441096/9.2142598"}}, {"type": "Feature", "geometry": {"type": "Point", "coordinates": [9.1911461, 45.4875578]}, "properties": {"id": 8559868038, "feat_type": "node", "quality_categories": "older_than_five_years", "issue_ids": "[4]", "osm_url": "https://www.openstreetmap.org/node/8559868038", "josm_url": "http://127.0.0.1:8111/load_object?new_layer=false&objects=n8559868038", "id_url": "https://www.openstreetmap.org/edit?editor=id&node=8559868038#map=20/45.4875578/9.1911461"}}, {"type": "Feature", "geometry": {"type": "Point", "coordinates": [9.1911393, 45.4876024]}, "properties": {"id": 8559868039, "feat_type": "node", "quality_categories": "older_than_five_years", "issue_ids": "[34]", "osm_url": "https://www.openstreetmap.org/node/8559868039", "josm_url": "http://127.0.0.1:8111/load_object?new_layer=false&objects=n8559868039", "id_url": "https://www.openstreetmap.org/edit?editor=id&node=8559868039#map=20/45.4876024/9.1911393"}}, {"type": "Feature", "geometry": {"type": "Point", "coordinates": [9.2217502, 45.4431558]}, "properties": {"id": 8560368086, "feat_type": "node", "quality_categories": "older_than_five_years", "issue_ids": "[12]", "osm_url": "https://www.openstreetmap.org/node/8560368086", "josm_url": "http://127.0.0.1:8111/load_object?new_layer=false&objects=n8560368086", "id_url": "https://www.openstreetmap.org/edit?editor=id&node=8560368086#map=20/45.4431558/9.2217502"}}, {"type": "Feature", "geometry": {"type": "Point", "coordinates": [9.2217552, 45.4432466]}, "properties": {"id": 8560368087, "feat_type": "node", "quality_categories": "older_than_five_years", "issue_ids": "[12]", "osm_url": "https://www.openstreetmap.org/node/8560368087", "josm_url": "http://127.0.0.1:8111/load_object?new_layer=false&objects=n8560368087", "id_url": "https://www.openstreetmap.org/edit?editor=id&node=8560368087#map=20/45.4432466/9.2217552"}}, {"type": "Feature", "geometry": {"type": "Point", "coordinates": [9.2217311, 45.4433696]}, "properties": {"id": 8560368089, "feat_type": "node", "quality_categories": "older_than_five_years", "issue_ids": "[12]", "osm_url": "https://www.openstreetmap.org/node/8560368089", "josm_url": "http://127.0.0.1:8111/load_object?new_layer=false&objects=n8560368089", "id_url": "https://www.openstreetmap.org/edit?editor=id&node=8560368089#map=20/45.4433696/9.2217311"}}, {"type": "Feature", "geometry": {"type": "Point", "coordinates": [9.2216664, 45.44335]}, "properties": {"id": 8560368090, "feat_type": "node", "quality_categories": "older_than_five_years", "issue_ids": "[12]", "osm_url": "https://www.openstreetmap.org/node/8560368090", "josm_url": "http://127.0.0.1:8111/load_object?new_layer=false&objects=n8560368090", "id_url": "https://www.openstreetmap.org/edit?editor=id&node=8560368090#map=20/45.44335/9.2216664"}}, {"type": "Feature", "geometry": {"type": "Point", "coordinates": [9.2216449, 45.4433435]}, "properties": {"id": 8560368091, "feat_type": "node", "quality_categories": "older_than_five_years", "issue_ids": "[12]", "osm_url": "https://www.openstreetmap.org/node/8560368091", "josm_url": "http://127.0.0.1:8111/load_object?new_layer=false&objects=n8560368091", "id_url": "https://www.openstreetmap.org/edit?editor=id&node=8560368091#map=20/45.4433435/9.2216449"}}, {"type": "Feature", "geometry": {"type": "Point", "coordinates": [9.2215819, 45.4433244]}, "properties": {"id": 8560368092, "feat_type": "node", "quality_categories": "older_than_five_years", "issue_ids": "[12]", "osm_url": "https://www.openstreetmap.org/node/8560368092", "josm_url": "http://127.0.0.1:8111/load_object?new_layer=false&objects=n8560368092", "id_url": "https://www.openstreetmap.org/edit?editor=id&node=8560368092#map=20/45.4433244/9.2215819"}}, {"type": "Feature", "geometry": {"type": "Point", "coordinates": [9.2217752, 45.4435058]}, "properties": {"id": 8560368096, "feat_type": "node", "quality_categories": "older_than_five_years", "issue_ids": "[12]", "osm_url": "https://www.openstreetmap.org/node/8560368096", "josm_url": "http://127.0.0.1:8111/load_object?new_layer=false&objects=n8560368096", "id_url": "https://www.openstreetmap.org/edit?editor=id&node=8560368096#map=20/45.4435058/9.2217752"}}, {"type": "Feature", "geometry": {"type": "Point", "coordinates": [9.2217651, 45.4435753]}, "properties": {"id": 8560368097, "feat_type": "node", "quality_categories": "older_than_five_years", "issue_ids": "[12]", "osm_url": "https://www.openstreetmap.org/node/8560368097", "josm_url": "http://127.0.0.1:8111/load_object?new_layer=false&objects=n8560368097", "id_url": "https://www.openstreetmap.org/edit?editor=id&node=8560368097#map=20/45.4435753/9.2217651"}}, {"type": "Feature", "geometry": {"type": "Point", "coordinates": [9.2218516, 45.4436511]}, "properties": {"id": 8560368100, "feat_type": "node", "quality_categories": "older_than_five_years", "issue_ids": "[12]", "osm_url": "https://www.openstreetmap.org/node/8560368100", "josm_url": "http://127.0.0.1:8111/load_object?new_layer=false&objects=n8560368100", "id_url": "https://www.openstreetmap.org/edit?editor=id&node=8560368100#map=20/45.4436511/9.2218516"}}, {"type": "Feature", "geometry": {"type": "Point", "coordinates": [9.2217933, 45.4436166]}, "properties": {"id": 8560368101, "feat_type": "node", "quality_categories": "older_than_five_years", "issue_ids": "[12]", "osm_url": "https://www.openstreetmap.org/node/8560368101", "josm_url": "http://127.0.0.1:8111/load_object?new_layer=false&objects=n8560368101", "id_url": "https://www.openstreetmap.org/edit?editor=id&node=8560368101#map=20/45.4436166/9.2217933"}}, {"type": "Feature", "geometry": {"type": "Point", "coordinates": [9.221631, 45.4435539]}, "properties": {"id": 8560368105, "feat_type": "node", "quality_categories": "older_than_five_years", "issue_ids": "[12]", "osm_url": "https://www.openstreetmap.org/node/8560368105", "josm_url": "http://127.0.0.1:8111/load_object?new_layer=false&objects=n8560368105", "id_url": "https://www.openstreetmap.org/edit?editor=id&node=8560368105#map=20/45.4435539/9.221631"}}, {"type": "Feature", "geometry": {"type": "Point", "coordinates": [9.2215573, 45.4435326]}, "properties": {"id": 8560368106, "feat_type": "node", "quality_categories": "older_than_five_years", "issue_ids": "[12]", "osm_url": "https://www.openstreetmap.org/node/8560368106", "josm_url": "http://127.0.0.1:8111/load_object?new_layer=false&objects=n8560368106", "id_url": "https://www.openstreetmap.org/edit?editor=id&node=8560368106#map=20/45.4435326/9.2215573"}}, {"type": "Feature", "geometry": {"type": "Point", "coordinates": [9.2215128, 45.4432792]}, "properties": {"id": 8560368109, "feat_type": "node", "quality_categories": "older_than_five_years", "issue_ids": "[12]", "osm_url": "https://www.openstreetmap.org/node/8560368109", "josm_url": "http://127.0.0.1:8111/load_object?new_layer=false&objects=n8560368109", "id_url": "https://www.openstreetmap.org/edit?editor=id&node=8560368109#map=20/45.4432792/9.2215128"}}, {"type": "Feature", "geometry": {"type": "Point", "coordinates": [9.2215502, 45.4433049]}, "properties": {"id": 8560368110, "feat_type": "node", "quality_categories": "older_than_five_years", "issue_ids": "[12]", "osm_url": "https://www.openstreetmap.org/node/8560368110", "josm_url": "http://127.0.0.1:8111/load_object?new_layer=false&objects=n8560368110", "id_url": "https://www.openstreetmap.org/edit?editor=id&node=8560368110#map=20/45.4433049/9.2215502"}}, {"type": "Feature", "geometry": {"type": "Point", "coordinates": [9.2215471, 45.4433285]}, "properties": {"id": 8560368111, "feat_type": "node", "quality_categories": "older_than_five_years", "issue_ids": "[12]", "osm_url": "https://www.openstreetmap.org/node/8560368111", "josm_url": "http://127.0.0.1:8111/load_object?new_layer=false&objects=n8560368111", "id_url": "https://www.openstreetmap.org/edit?editor=id&node=8560368111#map=20/45.4433285/9.2215471"}}, {"type": "Feature", "geometry": {"type": "Point", "coordinates": [9.2215345, 45.4434163]}, "properties": {"id": 8560368113, "feat_type": "node", "quality_categories": "older_than_five_years", "issue_ids": "[12]", "osm_url": "https://www.openstreetmap.org/node/8560368113", "josm_url": "http://127.0.0.1:8111/load_object?new_layer=false&objects=n8560368113", "id_url": "https://www.openstreetmap.org/edit?editor=id&node=8560368113#map=20/45.4434163/9.2215345"}}, {"type": "Feature", "geometry": {"type": "Point", "coordinates": [9.2215248, 45.4434846]}, "properties": {"id": 8560368114, "feat_type": "node", "quality_categories": "older_than_five_years", "issue_ids": "[12]", "osm_url": "https://www.openstreetmap.org/node/8560368114", "josm_url": "http://127.0.0.1:8111/load_object?new_layer=false&objects=n8560368114", "id_url": "https://www.openstreetmap.org/edit?editor=id&node=8560368114#map=20/45.4434846/9.2215248"}}, {"type": "Feature", "geometry": {"type": "Point", "coordinates": [9.2216976, 45.4459649]}, "properties": {"id": 8560385746, "feat_type": "node", "quality_categories": "older_than_five_years", "issue_ids": "[12]", "osm_url": "https://www.openstreetmap.org/node/8560385746", "josm_url": "http://127.0.0.1:8111/load_object?new_layer=false&objects=n8560385746", "id_url": "https://www.openstreetmap.org/edit?editor=id&node=8560385746#map=20/45.4459649/9.2216976"}}, {"type": "Feature", "geometry": {"type": "Point", "coordinates": [9.221521, 45.4459509]}, "properties": {"id": 8560385747, "feat_type": "node", "quality_categories": "older_than_five_years", "issue_ids": "[12]", "osm_url": "https://www.openstreetmap.org/node/8560385747", "josm_url": "http://127.0.0.1:8111/load_object?new_layer=false&objects=n8560385747", "id_url": "https://www.openstreetmap.org/edit?editor=id&node=8560385747#map=20/45.4459509/9.221521"}}, {"type": "Feature", "geometry": {"type": "Point", "coordinates": [9.2217444, 45.4439862]}, "properties": {"id": 8560385752, "feat_type": "node", "quality_categories": "older_than_five_years", "issue_ids": "[12]", "osm_url": "https://www.openstreetmap.org/node/8560385752", "josm_url": "http://127.0.0.1:8111/load_object?new_layer=false&objects=n8560385752", "id_url": "https://www.openstreetmap.org/edit?editor=id&node=8560385752#map=20/45.4439862/9.2217444"}}, {"type": "Feature", "geometry": {"type": "Point", "coordinates": [9.2217417, 45.4440464]}, "properties": {"id": 8560385753, "feat_type": "node", "quality_categories": "older_than_five_years", "issue_ids": "[12]", "osm_url": "https://www.openstreetmap.org/node/8560385753", "josm_url": "http://127.0.0.1:8111/load_object?new_layer=false&objects=n8560385753", "id_url": "https://www.openstreetmap.org/edit?editor=id&node=8560385753#map=20/45.4440464/9.2217417"}}, {"type": "Feature", "geometry": {"type": "Point", "coordinates": [9.2217424, 45.4443767]}, "properties": {"id": 8560385754, "feat_type": "node", "quality_categories": "older_than_five_years", "issue_ids": "[12]", "osm_url": "https://www.openstreetmap.org/node/8560385754", "josm_url": "http://127.0.0.1:8111/load_object?new_layer=false&objects=n8560385754", "id_url": "https://www.openstreetmap.org/edit?editor=id&node=8560385754#map=20/45.4443767/9.2217424"}}, {"type": "Feature", "geometry": {"type": "Point", "coordinates": [9.221739, 45.4444388]}, "properties": {"id": 8560385755, "feat_type": "node", "quality_categories": "older_than_five_years", "issue_ids": "[12]", "osm_url": "https://www.openstreetmap.org/node/8560385755", "josm_url": "http://127.0.0.1:8111/load_object?new_layer=false&objects=n8560385755", "id_url": "https://www.openstreetmap.org/edit?editor=id&node=8560385755#map=20/45.4444388/9.221739"}}, {"type": "Feature", "geometry": {"type": "Point", "coordinates": [9.2219476, 45.4460038]}, "properties": {"id": 8560385764, "feat_type": "node", "quality_categories": "kerb_on_top_of_non_crossing, older_than_five_years", "issue_ids": "[12, 1]", "osm_url": "https://www.openstreetmap.org/node/8560385764", "josm_url": "http://127.0.0.1:8111/load_object?new_layer=false&objects=n8560385764", "id_url": "https://www.openstreetmap.org/edit?editor=id&node=8560385764#map=20/45.4460038/9.2219476"}}, {"type": "Feature", "geometry": {"type": "Point", "coordinates": [9.2161782, 45.4457525]}, "properties": {"id": 8560385771, "feat_type": "node", "quality_categories": "older_than_five_years", "issue_ids": "[12]", "osm_url": "https://www.openstreetmap.org/node/8560385771", "josm_url": "http://127.0.0.1:8111/load_object?new_layer=false&objects=n8560385771", "id_url": "https://www.openstreetmap.org/edit?editor=id&node=8560385771#map=20/45.4457525/9.2161782"}}, {"type": "Feature", "geometry": {"type": "Point", "coordinates": [9.2199882, 45.4458998]}, "properties": {"id": 8560385787, "feat_type": "node", "quality_categories": "older_than_five_years", "issue_ids": "[12]", "osm_url": "https://www.openstreetmap.org/node/8560385787", "josm_url": "http://127.0.0.1:8111/load_object?new_layer=false&objects=n8560385787", "id_url": "https://www.openstreetmap.org/edit?editor=id&node=8560385787#map=20/45.4458998/9.2199882"}}, {"type": "Feature", "geometry": {"type": "Point", "coordinates": [9.2198541, 45.4458978]}, "properties": {"id": 8560385788, "feat_type": "node", "quality_categories": "older_than_five_years", "issue_ids": "[12]", "osm_url": "https://www.openstreetmap.org/node/8560385788", "josm_url": "http://127.0.0.1:8111/load_object?new_layer=false&objects=n8560385788", "id_url": "https://www.openstreetmap.org/edit?editor=id&node=8560385788#map=20/45.4458978/9.2198541"}}, {"type": "Feature", "geometry": {"type": "Point", "coordinates": [9.2199741, 45.4447695]}, "properties": {"id": 8560385796, "feat_type": "node", "quality_categories": "older_than_five_years", "issue_ids": "[12]", "osm_url": "https://www.openstreetmap.org/node/8560385796", "josm_url": "http://127.0.0.1:8111/load_object?new_layer=false&objects=n8560385796", "id_url": "https://www.openstreetmap.org/edit?editor=id&node=8560385796#map=20/45.4447695/9.2199741"}}, {"type": "Feature", "geometry": {"type": "Point", "coordinates": [9.2198883, 45.44477]}, "properties": {"id": 8560385798, "feat_type": "node", "quality_categories": "older_than_five_years", "issue_ids": "[12]", "osm_url": "https://www.openstreetmap.org/node/8560385798", "josm_url": "http://127.0.0.1:8111/load_object?new_layer=false&objects=n8560385798", "id_url": "https://www.openstreetmap.org/edit?editor=id&node=8560385798#map=20/45.44477/9.2198883"}}, {"type": "Feature", "geometry": {"type": "Point", "coordinates": [9.2167829, 45.4447973]}, "properties": {"id": 8560385835, "feat_type": "node", "quality_categories": "older_than_five_years", "issue_ids": "[12]", "osm_url": "https://www.openstreetmap.org/node/8560385835", "josm_url": "http://127.0.0.1:8111/load_object?new_layer=false&objects=n8560385835", "id_url": "https://www.openstreetmap.org/edit?editor=id&node=8560385835#map=20/45.4447973/9.2167829"}}, {"type": "Feature", "geometry": {"type": "Point", "coordinates": [9.2167139, 45.4447353]}, "properties": {"id": 8560385836, "feat_type": "node", "quality_categories": "older_than_five_years", "issue_ids": "[12]", "osm_url": "https://www.openstreetmap.org/node/8560385836", "josm_url": "http://127.0.0.1:8111/load_object?new_layer=false&objects=n8560385836", "id_url": "https://www.openstreetmap.org/edit?editor=id&node=8560385836#map=20/45.4447353/9.2167139"}}, {"type": "Feature", "geometry": {"type": "Point", "coordinates": [9.2166589, 45.4447304]}, "properties": {"id": 8560385839, "feat_type": "node", "quality_categories": "older_than_five_years", "issue_ids": "[12]", "osm_url": "https://www.openstreetmap.org/node/8560385839", "josm_url": "http://127.0.0.1:8111/load_object?new_layer=false&objects=n8560385839", "id_url": "https://www.openstreetmap.org/edit?editor=id&node=8560385839#map=20/45.4447304/9.2166589"}}, {"type": "Feature", "geometry": {"type": "Point", "coordinates": [9.2165758, 45.4447718]}, "properties": {"id": 8560385840, "feat_type": "node", "quality_categories": "older_than_five_years", "issue_ids": "[12]", "osm_url": "https://www.openstreetmap.org/node/8560385840", "josm_url": "http://127.0.0.1:8111/load_object?new_layer=false&objects=n8560385840", "id_url": "https://www.openstreetmap.org/edit?editor=id&node=8560385840#map=20/45.4447718/9.2165758"}}, {"type": "Feature", "geometry": {"type": "Point", "coordinates": [9.2153594, 45.4456266]}, "properties": {"id": 8560385852, "feat_type": "node", "quality_categories": "older_than_five_years", "issue_ids": "[12]", "osm_url": "https://www.openstreetmap.org/node/8560385852", "josm_url": "http://127.0.0.1:8111/load_object?new_layer=false&objects=n8560385852", "id_url": "https://www.openstreetmap.org/edit?editor=id&node=8560385852#map=20/45.4456266/9.2153594"}}, {"type": "Feature", "geometry": {"type": "Point", "coordinates": [9.215228, 45.4456225]}, "properties": {"id": 8560385853, "feat_type": "node", "quality_categories": "older_than_five_years", "issue_ids": "[12]", "osm_url": "https://www.openstreetmap.org/node/8560385853", "josm_url": "http://127.0.0.1:8111/load_object?new_layer=false&objects=n8560385853", "id_url": "https://www.openstreetmap.org/edit?editor=id&node=8560385853#map=20/45.4456225/9.215228"}}, {"type": "Feature", "geometry": {"type": "Point", "coordinates": [9.2246078, 45.4445332]}, "properties": {"id": 8564623266, "feat_type": "node", "quality_categories": "older_than_five_years", "issue_ids": "[12]", "osm_url": "https://www.openstreetmap.org/node/8564623266", "josm_url": "http://127.0.0.1:8111/load_object?new_layer=false&objects=n8564623266", "id_url": "https://www.openstreetmap.org/edit?editor=id&node=8564623266#map=20/45.4445332/9.2246078"}}, {"type": "Feature", "geometry": {"type": "Point", "coordinates": [9.2244477, 45.4439583]}, "properties": {"id": 8564623286, "feat_type": "node", "quality_categories": "older_than_five_years", "issue_ids": "[12]", "osm_url": "https://www.openstreetmap.org/node/8564623286", "josm_url": "http://127.0.0.1:8111/load_object?new_layer=false&objects=n8564623286", "id_url": "https://www.openstreetmap.org/edit?editor=id&node=8564623286#map=20/45.4439583/9.2244477"}}, {"type": "Feature", "geometry": {"type": "Point", "coordinates": [9.2243767, 45.4439578]}, "properties": {"id": 8564623287, "feat_type": "node", "quality_categories": "older_than_five_years", "issue_ids": "[12]", "osm_url": "https://www.openstreetmap.org/node/8564623287", "josm_url": "http://127.0.0.1:8111/load_object?new_layer=false&objects=n8564623287", "id_url": "https://www.openstreetmap.org/edit?editor=id&node=8564623287#map=20/45.4439578/9.2243767"}}, {"type": "Feature", "geometry": {"type": "Point", "coordinates": [9.2241899, 45.4439565]}, "properties": {"id": 8564623289, "feat_type": "node", "quality_categories": "older_than_five_years", "issue_ids": "[12]", "osm_url": "https://www.openstreetmap.org/node/8564623289", "josm_url": "http://127.0.0.1:8111/load_object?new_layer=false&objects=n8564623289", "id_url": "https://www.openstreetmap.org/edit?editor=id&node=8564623289#map=20/45.4439565/9.2241899"}}, {"type": "Feature", "geometry": {"type": "Point", "coordinates": [9.2243284, 45.4452746]}, "properties": {"id": 8564623293, "feat_type": "node", "quality_categories": "older_than_five_years", "issue_ids": "[12]", "osm_url": "https://www.openstreetmap.org/node/8564623293", "josm_url": "http://127.0.0.1:8111/load_object?new_layer=false&objects=n8564623293", "id_url": "https://www.openstreetmap.org/edit?editor=id&node=8564623293#map=20/45.4452746/9.2243284"}}, {"type": "Feature", "geometry": {"type": "Point", "coordinates": [9.2244239, 45.4452756]}, "properties": {"id": 8564623294, "feat_type": "node", "quality_categories": "older_than_five_years", "issue_ids": "[12]", "osm_url": "https://www.openstreetmap.org/node/8564623294", "josm_url": "http://127.0.0.1:8111/load_object?new_layer=false&objects=n8564623294", "id_url": "https://www.openstreetmap.org/edit?editor=id&node=8564623294#map=20/45.4452756/9.2244239"}}, {"type": "Feature", "geometry": {"type": "Point", "coordinates": [9.22291, 45.4397055]}, "properties": {"id": 8564625907, "feat_type": "node", "quality_categories": "kerb_on_top_of_non_crossing, older_than_five_years", "issue_ids": "[12, 1]", "osm_url": "https://www.openstreetmap.org/node/8564625907", "josm_url": "http://127.0.0.1:8111/load_object?new_layer=false&objects=n8564625907", "id_url": "https://www.openstreetmap.org/edit?editor=id&node=8564625907#map=20/45.4397055/9.22291"}}, {"type": "Feature", "geometry": {"type": "Point", "coordinates": [9.222703, 45.4439784]}, "properties": {"id": 8564629839, "feat_type": "node", "quality_categories": "older_than_five_years", "issue_ids": "[12]", "osm_url": "https://www.openstreetmap.org/node/8564629839", "josm_url": "http://127.0.0.1:8111/load_object?new_layer=false&objects=n8564629839", "id_url": "https://www.openstreetmap.org/edit?editor=id&node=8564629839#map=20/45.4439784/9.222703"}}, {"type": "Feature", "geometry": {"type": "Point", "coordinates": [9.2221444, 45.4439878]}, "properties": {"id": 8564629843, "feat_type": "node", "quality_categories": "older_than_five_years", "issue_ids": "[12]", "osm_url": "https://www.openstreetmap.org/node/8564629843", "josm_url": "http://127.0.0.1:8111/load_object?new_layer=false&objects=n8564629843", "id_url": "https://www.openstreetmap.org/edit?editor=id&node=8564629843#map=20/45.4439878/9.2221444"}}, {"type": "Feature", "geometry": {"type": "Point", "coordinates": [9.2221429, 45.444048]}, "properties": {"id": 8564629844, "feat_type": "node", "quality_categories": "older_than_five_years", "issue_ids": "[12]", "osm_url": "https://www.openstreetmap.org/node/8564629844", "josm_url": "http://127.0.0.1:8111/load_object?new_layer=false&objects=n8564629844", "id_url": "https://www.openstreetmap.org/edit?editor=id&node=8564629844#map=20/45.444048/9.2221429"}}, {"type": "Feature", "geometry": {"type": "Point", "coordinates": [9.2221359, 45.4443823]}, "properties": {"id": 8564629845, "feat_type": "node", "quality_categories": "older_than_five_years", "issue_ids": "[12]", "osm_url": "https://www.openstreetmap.org/node/8564629845", "josm_url": "http://127.0.0.1:8111/load_object?new_layer=false&objects=n8564629845", "id_url": "https://www.openstreetmap.org/edit?editor=id&node=8564629845#map=20/45.4443823/9.2221359"}}, {"type": "Feature", "geometry": {"type": "Point", "coordinates": [9.2221339, 45.444475]}, "properties": {"id": 8564629846, "feat_type": "node", "quality_categories": "older_than_five_years", "issue_ids": "[12]", "osm_url": "https://www.openstreetmap.org/node/8564629846", "josm_url": "http://127.0.0.1:8111/load_object?new_layer=false&objects=n8564629846", "id_url": "https://www.openstreetmap.org/edit?editor=id&node=8564629846#map=20/45.444475/9.2221339"}}, {"type": "Feature", "geometry": {"type": "Point", "coordinates": [9.2220296, 45.4460681]}, "properties": {"id": 8564629848, "feat_type": "node", "quality_categories": "older_than_five_years", "issue_ids": "[12]", "osm_url": "https://www.openstreetmap.org/node/8564629848", "josm_url": "http://127.0.0.1:8111/load_object?new_layer=false&objects=n8564629848", "id_url": "https://www.openstreetmap.org/edit?editor=id&node=8564629848#map=20/45.4460681/9.2220296"}}, {"type": "Feature", "geometry": {"type": "Point", "coordinates": [9.2219401, 45.4460562]}, "properties": {"id": 8564629849, "feat_type": "node", "quality_categories": "older_than_five_years", "issue_ids": "[12]", "osm_url": "https://www.openstreetmap.org/node/8564629849", "josm_url": "http://127.0.0.1:8111/load_object?new_layer=false&objects=n8564629849", "id_url": "https://www.openstreetmap.org/edit?editor=id&node=8564629849#map=20/45.4460562/9.2219401"}}, {"type": "Feature", "geometry": {"type": "Point", "coordinates": [9.2220281, 45.4457494]}, "properties": {"id": 8564629851, "feat_type": "node", "quality_categories": "older_than_five_years", "issue_ids": "[12]", "osm_url": "https://www.openstreetmap.org/node/8564629851", "josm_url": "http://127.0.0.1:8111/load_object?new_layer=false&objects=n8564629851", "id_url": "https://www.openstreetmap.org/edit?editor=id&node=8564629851#map=20/45.4457494/9.2220281"}}, {"type": "Feature", "geometry": {"type": "Point", "coordinates": [9.2219591, 45.4456936]}, "properties": {"id": 8564629852, "feat_type": "node", "quality_categories": "older_than_five_years", "issue_ids": "[12]", "osm_url": "https://www.openstreetmap.org/node/8564629852", "josm_url": "http://127.0.0.1:8111/load_object?new_layer=false&objects=n8564629852", "id_url": "https://www.openstreetmap.org/edit?editor=id&node=8564629852#map=20/45.4456936/9.2219591"}}, {"type": "Feature", "geometry": {"type": "Point", "coordinates": [9.2216499, 45.4461272]}, "properties": {"id": 8564629859, "feat_type": "node", "quality_categories": "older_than_five_years", "issue_ids": "[12]", "osm_url": "https://www.openstreetmap.org/node/8564629859", "josm_url": "http://127.0.0.1:8111/load_object?new_layer=false&objects=n8564629859", "id_url": "https://www.openstreetmap.org/edit?editor=id&node=8564629859#map=20/45.4461272/9.2216499"}}, {"type": "Feature", "geometry": {"type": "Point", "coordinates": [9.2217182, 45.4460433]}, "properties": {"id": 8564629860, "feat_type": "node", "quality_categories": "older_than_five_years", "issue_ids": "[12]", "osm_url": "https://www.openstreetmap.org/node/8564629860", "josm_url": "http://127.0.0.1:8111/load_object?new_layer=false&objects=n8564629860", "id_url": "https://www.openstreetmap.org/edit?editor=id&node=8564629860#map=20/45.4460433/9.2217182"}}, {"type": "Feature", "geometry": {"type": "Point", "coordinates": [9.2253824, 45.4443207]}, "properties": {"id": 8564667952, "feat_type": "node", "quality_categories": "older_than_five_years", "issue_ids": "[12]", "osm_url": "https://www.openstreetmap.org/node/8564667952", "josm_url": "http://127.0.0.1:8111/load_object?new_layer=false&objects=n8564667952", "id_url": "https://www.openstreetmap.org/edit?editor=id&node=8564667952#map=20/45.4443207/9.2253824"}}, {"type": "Feature", "geometry": {"type": "Point", "coordinates": [9.2252783, 45.4443123]}, "properties": {"id": 8564667954, "feat_type": "node", "quality_categories": "older_than_five_years", "issue_ids": "[12]", "osm_url": "https://www.openstreetmap.org/node/8564667954", "josm_url": "http://127.0.0.1:8111/load_object?new_layer=false&objects=n8564667954", "id_url": "https://www.openstreetmap.org/edit?editor=id&node=8564667954#map=20/45.4443123/9.2252783"}}, {"type": "Feature", "geometry": {"type": "Point", "coordinates": [9.2245005, 45.4415881]}, "properties": {"id": 8565119039, "feat_type": "node", "quality_categories": "older_than_five_years", "issue_ids": "[12]", "osm_url": "https://www.openstreetmap.org/node/8565119039", "josm_url": "http://127.0.0.1:8111/load_object?new_layer=false&objects=n8565119039", "id_url": "https://www.openstreetmap.org/edit?editor=id&node=8565119039#map=20/45.4415881/9.2245005"}}, {"type": "Feature", "geometry": {"type": "Point", "coordinates": [9.2244997, 45.4415164]}, "properties": {"id": 8565119040, "feat_type": "node", "quality_categories": "older_than_five_years", "issue_ids": "[12]", "osm_url": "https://www.openstreetmap.org/node/8565119040", "josm_url": "http://127.0.0.1:8111/load_object?new_layer=false&objects=n8565119040", "id_url": "https://www.openstreetmap.org/edit?editor=id&node=8565119040#map=20/45.4415164/9.2244997"}}, {"type": "Feature", "geometry": {"type": "Point", "coordinates": [9.2217648, 45.4428283]}, "properties": {"id": 8565440370, "feat_type": "node", "quality_categories": "older_than_five_years", "issue_ids": "[12]", "osm_url": "https://www.openstreetmap.org/node/8565440370", "josm_url": "http://127.0.0.1:8111/load_object?new_layer=false&objects=n8565440370", "id_url": "https://www.openstreetmap.org/edit?editor=id&node=8565440370#map=20/45.4428283/9.2217648"}}, {"type": "Feature", "geometry": {"type": "Point", "coordinates": [9.2217667, 45.4428933]}, "properties": {"id": 8565440371, "feat_type": "node", "quality_categories": "older_than_five_years", "issue_ids": "[12]", "osm_url": "https://www.openstreetmap.org/node/8565440371", "josm_url": "http://127.0.0.1:8111/load_object?new_layer=false&objects=n8565440371", "id_url": "https://www.openstreetmap.org/edit?editor=id&node=8565440371#map=20/45.4428933/9.2217667"}}, {"type": "Feature", "geometry": {"type": "Point", "coordinates": [9.2225675, 45.442839]}, "properties": {"id": 8565440373, "feat_type": "node", "quality_categories": "older_than_five_years", "issue_ids": "[12]", "osm_url": "https://www.openstreetmap.org/node/8565440373", "josm_url": "http://127.0.0.1:8111/load_object?new_layer=false&objects=n8565440373", "id_url": "https://www.openstreetmap.org/edit?editor=id&node=8565440373#map=20/45.442839/9.2225675"}}, {"type": "Feature", "geometry": {"type": "Point", "coordinates": [9.2224477, 45.4429106]}, "properties": {"id": 8565440374, "feat_type": "node", "quality_categories": "older_than_five_years", "issue_ids": "[12]", "osm_url": "https://www.openstreetmap.org/node/8565440374", "josm_url": "http://127.0.0.1:8111/load_object?new_layer=false&objects=n8565440374", "id_url": "https://www.openstreetmap.org/edit?editor=id&node=8565440374#map=20/45.4429106/9.2224477"}}, {"type": "Feature", "geometry": {"type": "Point", "coordinates": [9.2232683, 45.4423916]}, "properties": {"id": 8565440377, "feat_type": "node", "quality_categories": "older_than_five_years", "issue_ids": "[12]", "osm_url": "https://www.openstreetmap.org/node/8565440377", "josm_url": "http://127.0.0.1:8111/load_object?new_layer=false&objects=n8565440377", "id_url": "https://www.openstreetmap.org/edit?editor=id&node=8565440377#map=20/45.4423916/9.2232683"}}, {"type": "Feature", "geometry": {"type": "Point", "coordinates": [9.2230692, 45.4425213]}, "properties": {"id": 8565440378, "feat_type": "node", "quality_categories": "older_than_five_years", "issue_ids": "[12]", "osm_url": "https://www.openstreetmap.org/node/8565440378", "josm_url": "http://127.0.0.1:8111/load_object?new_layer=false&objects=n8565440378", "id_url": "https://www.openstreetmap.org/edit?editor=id&node=8565440378#map=20/45.4425213/9.2230692"}}, {"type": "Feature", "geometry": {"type": "Point", "coordinates": [9.2366189, 45.4356685]}, "properties": {"id": 8571776902, "feat_type": "node", "quality_categories": "older_than_five_years", "issue_ids": "[16]", "osm_url": "https://www.openstreetmap.org/node/8571776902", "josm_url": "http://127.0.0.1:8111/load_object?new_layer=false&objects=n8571776902", "id_url": "https://www.openstreetmap.org/edit?editor=id&node=8571776902#map=20/45.4356685/9.2366189"}}, {"type": "Feature", "geometry": {"type": "Point", "coordinates": [9.2365208, 45.4357147]}, "properties": {"id": 8571776903, "feat_type": "node", "quality_categories": "older_than_five_years", "issue_ids": "[16]", "osm_url": "https://www.openstreetmap.org/node/8571776903", "josm_url": "http://127.0.0.1:8111/load_object?new_layer=false&objects=n8571776903", "id_url": "https://www.openstreetmap.org/edit?editor=id&node=8571776903#map=20/45.4357147/9.2365208"}}, {"type": "Feature", "geometry": {"type": "Point", "coordinates": [9.234918, 45.4350745]}, "properties": {"id": 8571776909, "feat_type": "node", "quality_categories": "older_than_five_years", "issue_ids": "[17]", "osm_url": "https://www.openstreetmap.org/node/8571776909", "josm_url": "http://127.0.0.1:8111/load_object?new_layer=false&objects=n8571776909", "id_url": "https://www.openstreetmap.org/edit?editor=id&node=8571776909#map=20/45.4350745/9.234918"}}, {"type": "Feature", "geometry": {"type": "Point", "coordinates": [9.2349606, 45.4351218]}, "properties": {"id": 8571776910, "feat_type": "node", "quality_categories": "older_than_five_years", "issue_ids": "[17]", "osm_url": "https://www.openstreetmap.org/node/8571776910", "josm_url": "http://127.0.0.1:8111/load_object?new_layer=false&objects=n8571776910", "id_url": "https://www.openstreetmap.org/edit?editor=id&node=8571776910#map=20/45.4351218/9.2349606"}}, {"type": "Feature", "geometry": {"type": "Point", "coordinates": [9.2354497, 45.4362402]}, "properties": {"id": 8571776913, "feat_type": "node", "quality_categories": "older_than_five_years", "issue_ids": "[17]", "osm_url": "https://www.openstreetmap.org/node/8571776913", "josm_url": "http://127.0.0.1:8111/load_object?new_layer=false&objects=n8571776913", "id_url": "https://www.openstreetmap.org/edit?editor=id&node=8571776913#map=20/45.4362402/9.2354497"}}, {"type": "Feature", "geometry": {"type": "Point", "coordinates": [9.2354728, 45.4363097]}, "properties": {"id": 8571776914, "feat_type": "node", "quality_categories": "older_than_five_years", "issue_ids": "[17]", "osm_url": "https://www.openstreetmap.org/node/8571776914", "josm_url": "http://127.0.0.1:8111/load_object?new_layer=false&objects=n8571776914", "id_url": "https://www.openstreetmap.org/edit?editor=id&node=8571776914#map=20/45.4363097/9.2354728"}}, {"type": "Feature", "geometry": {"type": "Point", "coordinates": [9.2352645, 45.4361077]}, "properties": {"id": 8571776916, "feat_type": "node", "quality_categories": "older_than_five_years", "issue_ids": "[17]", "osm_url": "https://www.openstreetmap.org/node/8571776916", "josm_url": "http://127.0.0.1:8111/load_object?new_layer=false&objects=n8571776916", "id_url": "https://www.openstreetmap.org/edit?editor=id&node=8571776916#map=20/45.4361077/9.2352645"}}, {"type": "Feature", "geometry": {"type": "Point", "coordinates": [9.2350875, 45.4361468]}, "properties": {"id": 8571819317, "feat_type": "node", "quality_categories": "older_than_five_years", "issue_ids": "[17]", "osm_url": "https://www.openstreetmap.org/node/8571819317", "josm_url": "http://127.0.0.1:8111/load_object?new_layer=false&objects=n8571819317", "id_url": "https://www.openstreetmap.org/edit?editor=id&node=8571819317#map=20/45.4361468/9.2350875"}}, {"type": "Feature", "geometry": {"type": "Point", "coordinates": [9.2352016, 45.4361216]}, "properties": {"id": 8571819318, "feat_type": "node", "quality_categories": "older_than_five_years", "issue_ids": "[17]", "osm_url": "https://www.openstreetmap.org/node/8571819318", "josm_url": "http://127.0.0.1:8111/load_object?new_layer=false&objects=n8571819318", "id_url": "https://www.openstreetmap.org/edit?editor=id&node=8571819318#map=20/45.4361216/9.2352016"}}, {"type": "Feature", "geometry": {"type": "Point", "coordinates": [9.2351725, 45.436128]}, "properties": {"id": 8571819319, "feat_type": "node", "quality_categories": "older_than_five_years", "issue_ids": "[17]", "osm_url": "https://www.openstreetmap.org/node/8571819319", "josm_url": "http://127.0.0.1:8111/load_object?new_layer=false&objects=n8571819319", "id_url": "https://www.openstreetmap.org/edit?editor=id&node=8571819319#map=20/45.436128/9.2351725"}}, {"type": "Feature", "geometry": {"type": "Point", "coordinates": [9.2349968, 45.4365488]}, "properties": {"id": 8571819322, "feat_type": "node", "quality_categories": "older_than_five_years", "issue_ids": "[17]", "osm_url": "https://www.openstreetmap.org/node/8571819322", "josm_url": "http://127.0.0.1:8111/load_object?new_layer=false&objects=n8571819322", "id_url": "https://www.openstreetmap.org/edit?editor=id&node=8571819322#map=20/45.4365488/9.2349968"}}, {"type": "Feature", "geometry": {"type": "Point", "coordinates": [9.2349739, 45.4365401]}, "properties": {"id": 8571819323, "feat_type": "node", "quality_categories": "older_than_five_years", "issue_ids": "[17]", "osm_url": "https://www.openstreetmap.org/node/8571819323", "josm_url": "http://127.0.0.1:8111/load_object?new_layer=false&objects=n8571819323", "id_url": "https://www.openstreetmap.org/edit?editor=id&node=8571819323#map=20/45.4365401/9.2349739"}}, {"type": "Feature", "geometry": {"type": "Point", "coordinates": [9.2349011, 45.4365122]}, "properties": {"id": 8571819324, "feat_type": "node", "quality_categories": "older_than_five_years", "issue_ids": "[17]", "osm_url": "https://www.openstreetmap.org/node/8571819324", "josm_url": "http://127.0.0.1:8111/load_object?new_layer=false&objects=n8571819324", "id_url": "https://www.openstreetmap.org/edit?editor=id&node=8571819324#map=20/45.4365122/9.2349011"}}, {"type": "Feature", "geometry": {"type": "Point", "coordinates": [9.2346096, 45.4366498]}, "properties": {"id": 8571819331, "feat_type": "node", "quality_categories": "older_than_five_years", "issue_ids": "[17]", "osm_url": "https://www.openstreetmap.org/node/8571819331", "josm_url": "http://127.0.0.1:8111/load_object?new_layer=false&objects=n8571819331", "id_url": "https://www.openstreetmap.org/edit?editor=id&node=8571819331#map=20/45.4366498/9.2346096"}}, {"type": "Feature", "geometry": {"type": "Point", "coordinates": [9.2346106, 45.4367231]}, "properties": {"id": 8571819332, "feat_type": "node", "quality_categories": "older_than_five_years", "issue_ids": "[17]", "osm_url": "https://www.openstreetmap.org/node/8571819332", "josm_url": "http://127.0.0.1:8111/load_object?new_layer=false&objects=n8571819332", "id_url": "https://www.openstreetmap.org/edit?editor=id&node=8571819332#map=20/45.4367231/9.2346106"}}, {"type": "Feature", "geometry": {"type": "Point", "coordinates": [9.2343697, 45.4367147]}, "properties": {"id": 8571819333, "feat_type": "node", "quality_categories": "older_than_five_years", "issue_ids": "[17]", "osm_url": "https://www.openstreetmap.org/node/8571819333", "josm_url": "http://127.0.0.1:8111/load_object?new_layer=false&objects=n8571819333", "id_url": "https://www.openstreetmap.org/edit?editor=id&node=8571819333#map=20/45.4367147/9.2343697"}}, {"type": "Feature", "geometry": {"type": "Point", "coordinates": [9.2332554, 45.4359249]}, "properties": {"id": 8571819335, "feat_type": "node", "quality_categories": "older_than_five_years", "issue_ids": "[17]", "osm_url": "https://www.openstreetmap.org/node/8571819335", "josm_url": "http://127.0.0.1:8111/load_object?new_layer=false&objects=n8571819335", "id_url": "https://www.openstreetmap.org/edit?editor=id&node=8571819335#map=20/45.4359249/9.2332554"}}, {"type": "Feature", "geometry": {"type": "Point", "coordinates": [9.2330546, 45.4360155]}, "properties": {"id": 8571819336, "feat_type": "node", "quality_categories": "older_than_five_years", "issue_ids": "[17]", "osm_url": "https://www.openstreetmap.org/node/8571819336", "josm_url": "http://127.0.0.1:8111/load_object?new_layer=false&objects=n8571819336", "id_url": "https://www.openstreetmap.org/edit?editor=id&node=8571819336#map=20/45.4360155/9.2330546"}}, {"type": "Feature", "geometry": {"type": "Point", "coordinates": [9.2306936, 45.4385262]}, "properties": {"id": 8571819340, "feat_type": "node", "quality_categories": "older_than_five_years", "issue_ids": "[17]", "osm_url": "https://www.openstreetmap.org/node/8571819340", "josm_url": "http://127.0.0.1:8111/load_object?new_layer=false&objects=n8571819340", "id_url": "https://www.openstreetmap.org/edit?editor=id&node=8571819340#map=20/45.4385262/9.2306936"}}, {"type": "Feature", "geometry": {"type": "Point", "coordinates": [9.2265052, 45.4405382]}, "properties": {"id": 8571819348, "feat_type": "node", "quality_categories": "older_than_five_years", "issue_ids": "[17]", "osm_url": "https://www.openstreetmap.org/node/8571819348", "josm_url": "http://127.0.0.1:8111/load_object?new_layer=false&objects=n8571819348", "id_url": "https://www.openstreetmap.org/edit?editor=id&node=8571819348#map=20/45.4405382/9.2265052"}}, {"type": "Feature", "geometry": {"type": "Point", "coordinates": [9.2264655, 45.4405052]}, "properties": {"id": 8571819350, "feat_type": "node", "quality_categories": "older_than_five_years", "issue_ids": "[17]", "osm_url": "https://www.openstreetmap.org/node/8571819350", "josm_url": "http://127.0.0.1:8111/load_object?new_layer=false&objects=n8571819350", "id_url": "https://www.openstreetmap.org/edit?editor=id&node=8571819350#map=20/45.4405052/9.2264655"}}, {"type": "Feature", "geometry": {"type": "Point", "coordinates": [9.2273977, 45.4400658]}, "properties": {"id": 8571819352, "feat_type": "node", "quality_categories": "older_than_five_years", "issue_ids": "[17]", "osm_url": "https://www.openstreetmap.org/node/8571819352", "josm_url": "http://127.0.0.1:8111/load_object?new_layer=false&objects=n8571819352", "id_url": "https://www.openstreetmap.org/edit?editor=id&node=8571819352#map=20/45.4400658/9.2273977"}}, {"type": "Feature", "geometry": {"type": "Point", "coordinates": [9.2273465, 45.4400962]}, "properties": {"id": 8571819353, "feat_type": "node", "quality_categories": "older_than_five_years", "issue_ids": "[17]", "osm_url": "https://www.openstreetmap.org/node/8571819353", "josm_url": "http://127.0.0.1:8111/load_object?new_layer=false&objects=n8571819353", "id_url": "https://www.openstreetmap.org/edit?editor=id&node=8571819353#map=20/45.4400962/9.2273465"}}, {"type": "Feature", "geometry": {"type": "Point", "coordinates": [9.2277854, 45.4399871]}, "properties": {"id": 8571819357, "feat_type": "node", "quality_categories": "older_than_five_years", "issue_ids": "[17]", "osm_url": "https://www.openstreetmap.org/node/8571819357", "josm_url": "http://127.0.0.1:8111/load_object?new_layer=false&objects=n8571819357", "id_url": "https://www.openstreetmap.org/edit?editor=id&node=8571819357#map=20/45.4399871/9.2277854"}}, {"type": "Feature", "geometry": {"type": "Point", "coordinates": [9.2276955, 45.440019]}, "properties": {"id": 8571819358, "feat_type": "node", "quality_categories": "older_than_five_years", "issue_ids": "[17]", "osm_url": "https://www.openstreetmap.org/node/8571819358", "josm_url": "http://127.0.0.1:8111/load_object?new_layer=false&objects=n8571819358", "id_url": "https://www.openstreetmap.org/edit?editor=id&node=8571819358#map=20/45.440019/9.2276955"}}, {"type": "Feature", "geometry": {"type": "Point", "coordinates": [9.227489, 45.4399696]}, "properties": {"id": 8571819363, "feat_type": "node", "quality_categories": "older_than_five_years", "issue_ids": "[17]", "osm_url": "https://www.openstreetmap.org/node/8571819363", "josm_url": "http://127.0.0.1:8111/load_object?new_layer=false&objects=n8571819363", "id_url": "https://www.openstreetmap.org/edit?editor=id&node=8571819363#map=20/45.4399696/9.227489"}}, {"type": "Feature", "geometry": {"type": "Point", "coordinates": [9.2274446, 45.4399346]}, "properties": {"id": 8571819364, "feat_type": "node", "quality_categories": "older_than_five_years", "issue_ids": "[17]", "osm_url": "https://www.openstreetmap.org/node/8571819364", "josm_url": "http://127.0.0.1:8111/load_object?new_layer=false&objects=n8571819364", "id_url": "https://www.openstreetmap.org/edit?editor=id&node=8571819364#map=20/45.4399346/9.2274446"}}, {"type": "Feature", "geometry": {"type": "Point", "coordinates": [9.2275472, 45.4397709]}, "properties": {"id": 8571819367, "feat_type": "node", "quality_categories": "older_than_five_years", "issue_ids": "[17]", "osm_url": "https://www.openstreetmap.org/node/8571819367", "josm_url": "http://127.0.0.1:8111/load_object?new_layer=false&objects=n8571819367", "id_url": "https://www.openstreetmap.org/edit?editor=id&node=8571819367#map=20/45.4397709/9.2275472"}}, {"type": "Feature", "geometry": {"type": "Point", "coordinates": [9.2274624, 45.4398166]}, "properties": {"id": 8571819369, "feat_type": "node", "quality_categories": "older_than_five_years", "issue_ids": "[17]", "osm_url": "https://www.openstreetmap.org/node/8571819369", "josm_url": "http://127.0.0.1:8111/load_object?new_layer=false&objects=n8571819369", "id_url": "https://www.openstreetmap.org/edit?editor=id&node=8571819369#map=20/45.4398166/9.2274624"}}, {"type": "Feature", "geometry": {"type": "Point", "coordinates": [9.2302916, 45.438712]}, "properties": {"id": 8571819388, "feat_type": "node", "quality_categories": "older_than_five_years", "issue_ids": "[17]", "osm_url": "https://www.openstreetmap.org/node/8571819388", "josm_url": "http://127.0.0.1:8111/load_object?new_layer=false&objects=n8571819388", "id_url": "https://www.openstreetmap.org/edit?editor=id&node=8571819388#map=20/45.438712/9.2302916"}}, {"type": "Feature", "geometry": {"type": "Point", "coordinates": [9.2302059, 45.4387468]}, "properties": {"id": 8571819390, "feat_type": "node", "quality_categories": "older_than_five_years", "issue_ids": "[17]", "osm_url": "https://www.openstreetmap.org/node/8571819390", "josm_url": "http://127.0.0.1:8111/load_object?new_layer=false&objects=n8571819390", "id_url": "https://www.openstreetmap.org/edit?editor=id&node=8571819390#map=20/45.4387468/9.2302059"}}, {"type": "Feature", "geometry": {"type": "Point", "coordinates": [9.2305803, 45.4385789]}, "properties": {"id": 8571819392, "feat_type": "node", "quality_categories": "older_than_five_years", "issue_ids": "[17]", "osm_url": "https://www.openstreetmap.org/node/8571819392", "josm_url": "http://127.0.0.1:8111/load_object?new_layer=false&objects=n8571819392", "id_url": "https://www.openstreetmap.org/edit?editor=id&node=8571819392#map=20/45.4385789/9.2305803"}}, {"type": "Feature", "geometry": {"type": "Point", "coordinates": [9.2278633, 45.4383543]}, "properties": {"id": 8571819400, "feat_type": "node", "quality_categories": "older_than_five_years", "issue_ids": "[17]", "osm_url": "https://www.openstreetmap.org/node/8571819400", "josm_url": "http://127.0.0.1:8111/load_object?new_layer=false&objects=n8571819400", "id_url": "https://www.openstreetmap.org/edit?editor=id&node=8571819400#map=20/45.4383543/9.2278633"}}, {"type": "Feature", "geometry": {"type": "Point", "coordinates": [9.2277721, 45.4383997]}, "properties": {"id": 8571819401, "feat_type": "node", "quality_categories": "older_than_five_years", "issue_ids": "[17]", "osm_url": "https://www.openstreetmap.org/node/8571819401", "josm_url": "http://127.0.0.1:8111/load_object?new_layer=false&objects=n8571819401", "id_url": "https://www.openstreetmap.org/edit?editor=id&node=8571819401#map=20/45.4383997/9.2277721"}}, {"type": "Feature", "geometry": {"type": "Point", "coordinates": [9.2262632, 45.4388999]}, "properties": {"id": 8571819405, "feat_type": "node", "quality_categories": "older_than_five_years", "issue_ids": "[17]", "osm_url": "https://www.openstreetmap.org/node/8571819405", "josm_url": "http://127.0.0.1:8111/load_object?new_layer=false&objects=n8571819405", "id_url": "https://www.openstreetmap.org/edit?editor=id&node=8571819405#map=20/45.4388999/9.2262632"}}, {"type": "Feature", "geometry": {"type": "Point", "coordinates": [9.2263336, 45.438975]}, "properties": {"id": 8571819406, "feat_type": "node", "quality_categories": "older_than_five_years", "issue_ids": "[17]", "osm_url": "https://www.openstreetmap.org/node/8571819406", "josm_url": "http://127.0.0.1:8111/load_object?new_layer=false&objects=n8571819406", "id_url": "https://www.openstreetmap.org/edit?editor=id&node=8571819406#map=20/45.438975/9.2263336"}}, {"type": "Feature", "geometry": {"type": "Point", "coordinates": [9.2264151, 45.439062]}, "properties": {"id": 8571819408, "feat_type": "node", "quality_categories": "older_than_five_years", "issue_ids": "[17]", "osm_url": "https://www.openstreetmap.org/node/8571819408", "josm_url": "http://127.0.0.1:8111/load_object?new_layer=false&objects=n8571819408", "id_url": "https://www.openstreetmap.org/edit?editor=id&node=8571819408#map=20/45.439062/9.2264151"}}, {"type": "Feature", "geometry": {"type": "Point", "coordinates": [9.2253408, 45.4377789]}, "properties": {"id": 8572016061, "feat_type": "node", "quality_categories": "older_than_five_years", "issue_ids": "[17]", "osm_url": "https://www.openstreetmap.org/node/8572016061", "josm_url": "http://127.0.0.1:8111/load_object?new_layer=false&objects=n8572016061", "id_url": "https://www.openstreetmap.org/edit?editor=id&node=8572016061#map=20/45.4377789/9.2253408"}}, {"type": "Feature", "geometry": {"type": "Point", "coordinates": [9.2252594, 45.4378583]}, "properties": {"id": 8572016062, "feat_type": "node", "quality_categories": "older_than_five_years", "issue_ids": "[17]", "osm_url": "https://www.openstreetmap.org/node/8572016062", "josm_url": "http://127.0.0.1:8111/load_object?new_layer=false&objects=n8572016062", "id_url": "https://www.openstreetmap.org/edit?editor=id&node=8572016062#map=20/45.4378583/9.2252594"}}, {"type": "Feature", "geometry": {"type": "Point", "coordinates": [9.2263945, 45.4387051]}, "properties": {"id": 8572016065, "feat_type": "node", "quality_categories": "older_than_five_years", "issue_ids": "[17]", "osm_url": "https://www.openstreetmap.org/node/8572016065", "josm_url": "http://127.0.0.1:8111/load_object?new_layer=false&objects=n8572016065", "id_url": "https://www.openstreetmap.org/edit?editor=id&node=8572016065#map=20/45.4387051/9.2263945"}}, {"type": "Feature", "geometry": {"type": "Point", "coordinates": [9.2262715, 45.4387685]}, "properties": {"id": 8572016066, "feat_type": "node", "quality_categories": "older_than_five_years", "issue_ids": "[17]", "osm_url": "https://www.openstreetmap.org/node/8572016066", "josm_url": "http://127.0.0.1:8111/load_object?new_layer=false&objects=n8572016066", "id_url": "https://www.openstreetmap.org/edit?editor=id&node=8572016066#map=20/45.4387685/9.2262715"}}, {"type": "Feature", "geometry": {"type": "Point", "coordinates": [9.230661, 45.4370093]}, "properties": {"id": 8572016075, "feat_type": "node", "quality_categories": "older_than_five_years", "issue_ids": "[17]", "osm_url": "https://www.openstreetmap.org/node/8572016075", "josm_url": "http://127.0.0.1:8111/load_object?new_layer=false&objects=n8572016075", "id_url": "https://www.openstreetmap.org/edit?editor=id&node=8572016075#map=20/45.4370093/9.230661"}}, {"type": "Feature", "geometry": {"type": "Point", "coordinates": [9.2306125, 45.4369574]}, "properties": {"id": 8572016076, "feat_type": "node", "quality_categories": "older_than_five_years", "issue_ids": "[17]", "osm_url": "https://www.openstreetmap.org/node/8572016076", "josm_url": "http://127.0.0.1:8111/load_object?new_layer=false&objects=n8572016076", "id_url": "https://www.openstreetmap.org/edit?editor=id&node=8572016076#map=20/45.4369574/9.2306125"}}, {"type": "Feature", "geometry": {"type": "Point", "coordinates": [9.2262028, 45.4388355]}, "properties": {"id": 8572016079, "feat_type": "node", "quality_categories": "older_than_five_years", "issue_ids": "[17]", "osm_url": "https://www.openstreetmap.org/node/8572016079", "josm_url": "http://127.0.0.1:8111/load_object?new_layer=false&objects=n8572016079", "id_url": "https://www.openstreetmap.org/edit?editor=id&node=8572016079#map=20/45.4388355/9.2262028"}}, {"type": "Feature", "geometry": {"type": "Point", "coordinates": [9.2194116, 45.4377216]}, "properties": {"id": 8572076540, "feat_type": "node", "quality_categories": "older_than_five_years", "issue_ids": "[17]", "osm_url": "https://www.openstreetmap.org/node/8572076540", "josm_url": "http://127.0.0.1:8111/load_object?new_layer=false&objects=n8572076540", "id_url": "https://www.openstreetmap.org/edit?editor=id&node=8572076540#map=20/45.4377216/9.2194116"}}, {"type": "Feature", "geometry": {"type": "Point", "coordinates": [9.219451, 45.4377383]}, "properties": {"id": 8572076541, "feat_type": "node", "quality_categories": "older_than_five_years", "issue_ids": "[17]", "osm_url": "https://www.openstreetmap.org/node/8572076541", "josm_url": "http://127.0.0.1:8111/load_object?new_layer=false&objects=n8572076541", "id_url": "https://www.openstreetmap.org/edit?editor=id&node=8572076541#map=20/45.4377383/9.219451"}}, {"type": "Feature", "geometry": {"type": "Point", "coordinates": [9.2193264, 45.4376852]}, "properties": {"id": 8572076542, "feat_type": "node", "quality_categories": "older_than_five_years", "issue_ids": "[16]", "osm_url": "https://www.openstreetmap.org/node/8572076542", "josm_url": "http://127.0.0.1:8111/load_object?new_layer=false&objects=n8572076542", "id_url": "https://www.openstreetmap.org/edit?editor=id&node=8572076542#map=20/45.4376852/9.2193264"}}, {"type": "Feature", "geometry": {"type": "Point", "coordinates": [9.2201488, 45.4376074]}, "properties": {"id": 8572076550, "feat_type": "node", "quality_categories": "older_than_five_years", "issue_ids": "[17]", "osm_url": "https://www.openstreetmap.org/node/8572076550", "josm_url": "http://127.0.0.1:8111/load_object?new_layer=false&objects=n8572076550", "id_url": "https://www.openstreetmap.org/edit?editor=id&node=8572076550#map=20/45.4376074/9.2201488"}}, {"type": "Feature", "geometry": {"type": "Point", "coordinates": [9.2201691, 45.4375261]}, "properties": {"id": 8572076552, "feat_type": "node", "quality_categories": "older_than_five_years", "issue_ids": "[17]", "osm_url": "https://www.openstreetmap.org/node/8572076552", "josm_url": "http://127.0.0.1:8111/load_object?new_layer=false&objects=n8572076552", "id_url": "https://www.openstreetmap.org/edit?editor=id&node=8572076552#map=20/45.4375261/9.2201691"}}, {"type": "Feature", "geometry": {"type": "Point", "coordinates": [9.2202464, 45.4375155]}, "properties": {"id": 8572076554, "feat_type": "node", "quality_categories": "older_than_five_years", "issue_ids": "[17]", "osm_url": "https://www.openstreetmap.org/node/8572076554", "josm_url": "http://127.0.0.1:8111/load_object?new_layer=false&objects=n8572076554", "id_url": "https://www.openstreetmap.org/edit?editor=id&node=8572076554#map=20/45.4375155/9.2202464"}}, {"type": "Feature", "geometry": {"type": "Point", "coordinates": [9.2203323, 45.4375666]}, "properties": {"id": 8572076556, "feat_type": "node", "quality_categories": "older_than_five_years", "issue_ids": "[17]", "osm_url": "https://www.openstreetmap.org/node/8572076556", "josm_url": "http://127.0.0.1:8111/load_object?new_layer=false&objects=n8572076556", "id_url": "https://www.openstreetmap.org/edit?editor=id&node=8572076556#map=20/45.4375666/9.2203323"}}, {"type": "Feature", "geometry": {"type": "Point", "coordinates": [9.2198382, 45.4380532]}, "properties": {"id": 8572076589, "feat_type": "node", "quality_categories": "older_than_five_years", "issue_ids": "[17]", "osm_url": "https://www.openstreetmap.org/node/8572076589", "josm_url": "http://127.0.0.1:8111/load_object?new_layer=false&objects=n8572076589", "id_url": "https://www.openstreetmap.org/edit?editor=id&node=8572076589#map=20/45.4380532/9.2198382"}}, {"type": "Feature", "geometry": {"type": "Point", "coordinates": [9.2199194, 45.4379684]}, "properties": {"id": 8572076590, "feat_type": "node", "quality_categories": "older_than_five_years", "issue_ids": "[17]", "osm_url": "https://www.openstreetmap.org/node/8572076590", "josm_url": "http://127.0.0.1:8111/load_object?new_layer=false&objects=n8572076590", "id_url": "https://www.openstreetmap.org/edit?editor=id&node=8572076590#map=20/45.4379684/9.2199194"}}, {"type": "Feature", "geometry": {"type": "Point", "coordinates": [9.2196998, 45.4378659]}, "properties": {"id": 8572076596, "feat_type": "node", "quality_categories": "older_than_five_years", "issue_ids": "[17]", "osm_url": "https://www.openstreetmap.org/node/8572076596", "josm_url": "http://127.0.0.1:8111/load_object?new_layer=false&objects=n8572076596", "id_url": "https://www.openstreetmap.org/edit?editor=id&node=8572076596#map=20/45.4378659/9.2196998"}}, {"type": "Feature", "geometry": {"type": "Point", "coordinates": [9.2196119, 45.4379621]}, "properties": {"id": 8572076599, "feat_type": "node", "quality_categories": "older_than_five_years", "issue_ids": "[17]", "osm_url": "https://www.openstreetmap.org/node/8572076599", "josm_url": "http://127.0.0.1:8111/load_object?new_layer=false&objects=n8572076599", "id_url": "https://www.openstreetmap.org/edit?editor=id&node=8572076599#map=20/45.4379621/9.2196119"}}, {"type": "Feature", "geometry": {"type": "Point", "coordinates": [9.2197902, 45.4380608]}, "properties": {"id": 8572076602, "feat_type": "node", "quality_categories": "older_than_five_years", "issue_ids": "[17]", "osm_url": "https://www.openstreetmap.org/node/8572076602", "josm_url": "http://127.0.0.1:8111/load_object?new_layer=false&objects=n8572076602", "id_url": "https://www.openstreetmap.org/edit?editor=id&node=8572076602#map=20/45.4380608/9.2197902"}}, {"type": "Feature", "geometry": {"type": "Point", "coordinates": [9.2195501, 45.4379507]}, "properties": {"id": 8572076606, "feat_type": "node", "quality_categories": "kerb_on_top_of_non_crossing, older_than_five_years", "issue_ids": "[17, 1]", "osm_url": "https://www.openstreetmap.org/node/8572076606", "josm_url": "http://127.0.0.1:8111/load_object?new_layer=false&objects=n8572076606", "id_url": "https://www.openstreetmap.org/edit?editor=id&node=8572076606#map=20/45.4379507/9.2195501"}}, {"type": "Feature", "geometry": {"type": "Point", "coordinates": [9.2197056, 45.438022]}, "properties": {"id": 8572076607, "feat_type": "node", "quality_categories": "older_than_five_years", "issue_ids": "[17]", "osm_url": "https://www.openstreetmap.org/node/8572076607", "josm_url": "http://127.0.0.1:8111/load_object?new_layer=false&objects=n8572076607", "id_url": "https://www.openstreetmap.org/edit?editor=id&node=8572076607#map=20/45.438022/9.2197056"}}, {"type": "Feature", "geometry": {"type": "Point", "coordinates": [9.2177257, 45.4390257]}, "properties": {"id": 8572076612, "feat_type": "node", "quality_categories": "older_than_five_years", "issue_ids": "[17]", "osm_url": "https://www.openstreetmap.org/node/8572076612", "josm_url": "http://127.0.0.1:8111/load_object?new_layer=false&objects=n8572076612", "id_url": "https://www.openstreetmap.org/edit?editor=id&node=8572076612#map=20/45.4390257/9.2177257"}}, {"type": "Feature", "geometry": {"type": "Point", "coordinates": [9.2178406, 45.4391329]}, "properties": {"id": 8572076613, "feat_type": "node", "quality_categories": "older_than_five_years", "issue_ids": "[17]", "osm_url": "https://www.openstreetmap.org/node/8572076613", "josm_url": "http://127.0.0.1:8111/load_object?new_layer=false&objects=n8572076613", "id_url": "https://www.openstreetmap.org/edit?editor=id&node=8572076613#map=20/45.4391329/9.2178406"}}, {"type": "Feature", "geometry": {"type": "Point", "coordinates": [9.2193377, 45.43769]}, "properties": {"id": 8572110130, "feat_type": "node", "quality_categories": "older_than_five_years", "issue_ids": "[17]", "osm_url": "https://www.openstreetmap.org/node/8572110130", "josm_url": "http://127.0.0.1:8111/load_object?new_layer=false&objects=n8572110130", "id_url": "https://www.openstreetmap.org/edit?editor=id&node=8572110130#map=20/45.43769/9.2193377"}}, {"type": "Feature", "geometry": {"type": "Point", "coordinates": [9.216298, 45.4386729]}, "properties": {"id": 8572236708, "feat_type": "node", "quality_categories": "older_than_five_years", "issue_ids": "[17]", "osm_url": "https://www.openstreetmap.org/node/8572236708", "josm_url": "http://127.0.0.1:8111/load_object?new_layer=false&objects=n8572236708", "id_url": "https://www.openstreetmap.org/edit?editor=id&node=8572236708#map=20/45.4386729/9.216298"}}, {"type": "Feature", "geometry": {"type": "Point", "coordinates": [9.2162649, 45.4387291]}, "properties": {"id": 8572236709, "feat_type": "node", "quality_categories": "older_than_five_years", "issue_ids": "[17]", "osm_url": "https://www.openstreetmap.org/node/8572236709", "josm_url": "http://127.0.0.1:8111/load_object?new_layer=false&objects=n8572236709", "id_url": "https://www.openstreetmap.org/edit?editor=id&node=8572236709#map=20/45.4387291/9.2162649"}}, {"type": "Feature", "geometry": {"type": "Point", "coordinates": [9.2221902, 45.4361374]}, "properties": {"id": 8574340856, "feat_type": "node", "quality_categories": "older_than_five_years", "issue_ids": "[35]", "osm_url": "https://www.openstreetmap.org/node/8574340856", "josm_url": "http://127.0.0.1:8111/load_object?new_layer=false&objects=n8574340856", "id_url": "https://www.openstreetmap.org/edit?editor=id&node=8574340856#map=20/45.4361374/9.2221902"}}, {"type": "Feature", "geometry": {"type": "Point", "coordinates": [9.2220776, 45.4360675]}, "properties": {"id": 8574340857, "feat_type": "node", "quality_categories": "older_than_five_years", "issue_ids": "[35]", "osm_url": "https://www.openstreetmap.org/node/8574340857", "josm_url": "http://127.0.0.1:8111/load_object?new_layer=false&objects=n8574340857", "id_url": "https://www.openstreetmap.org/edit?editor=id&node=8574340857#map=20/45.4360675/9.2220776"}}, {"type": "Feature", "geometry": {"type": "Point", "coordinates": [9.2220073, 45.4360646]}, "properties": {"id": 8574340860, "feat_type": "node", "quality_categories": "older_than_five_years", "issue_ids": "[35]", "osm_url": "https://www.openstreetmap.org/node/8574340860", "josm_url": "http://127.0.0.1:8111/load_object?new_layer=false&objects=n8574340860", "id_url": "https://www.openstreetmap.org/edit?editor=id&node=8574340860#map=20/45.4360646/9.2220073"}}, {"type": "Feature", "geometry": {"type": "Point", "coordinates": [9.2218871, 45.4361523]}, "properties": {"id": 8574340861, "feat_type": "node", "quality_categories": "older_than_five_years", "issue_ids": "[35]", "osm_url": "https://www.openstreetmap.org/node/8574340861", "josm_url": "http://127.0.0.1:8111/load_object?new_layer=false&objects=n8574340861", "id_url": "https://www.openstreetmap.org/edit?editor=id&node=8574340861#map=20/45.4361523/9.2218871"}}, {"type": "Feature", "geometry": {"type": "Point", "coordinates": [9.2218608, 45.4362187]}, "properties": {"id": 8574340864, "feat_type": "node", "quality_categories": "older_than_five_years", "issue_ids": "[35]", "osm_url": "https://www.openstreetmap.org/node/8574340864", "josm_url": "http://127.0.0.1:8111/load_object?new_layer=false&objects=n8574340864", "id_url": "https://www.openstreetmap.org/edit?editor=id&node=8574340864#map=20/45.4362187/9.2218608"}}, {"type": "Feature", "geometry": {"type": "Point", "coordinates": [9.2219801, 45.4362881]}, "properties": {"id": 8574340865, "feat_type": "node", "quality_categories": "older_than_five_years", "issue_ids": "[35]", "osm_url": "https://www.openstreetmap.org/node/8574340865", "josm_url": "http://127.0.0.1:8111/load_object?new_layer=false&objects=n8574340865", "id_url": "https://www.openstreetmap.org/edit?editor=id&node=8574340865#map=20/45.4362881/9.2219801"}}, {"type": "Feature", "geometry": {"type": "Point", "coordinates": [9.2221891, 45.4361861]}, "properties": {"id": 8574340868, "feat_type": "node", "quality_categories": "older_than_five_years", "issue_ids": "[35]", "osm_url": "https://www.openstreetmap.org/node/8574340868", "josm_url": "http://127.0.0.1:8111/load_object?new_layer=false&objects=n8574340868", "id_url": "https://www.openstreetmap.org/edit?editor=id&node=8574340868#map=20/45.4361861/9.2221891"}}, {"type": "Feature", "geometry": {"type": "Point", "coordinates": [9.2220871, 45.4362659]}, "properties": {"id": 8574340869, "feat_type": "node", "quality_categories": "older_than_five_years", "issue_ids": "[35]", "osm_url": "https://www.openstreetmap.org/node/8574340869", "josm_url": "http://127.0.0.1:8111/load_object?new_layer=false&objects=n8574340869", "id_url": "https://www.openstreetmap.org/edit?editor=id&node=8574340869#map=20/45.4362659/9.2220871"}}, {"type": "Feature", "geometry": {"type": "Point", "coordinates": [9.2211717, 45.4357539]}, "properties": {"id": 8575486709, "feat_type": "node", "quality_categories": "older_than_five_years", "issue_ids": "[35]", "osm_url": "https://www.openstreetmap.org/node/8575486709", "josm_url": "http://127.0.0.1:8111/load_object?new_layer=false&objects=n8575486709", "id_url": "https://www.openstreetmap.org/edit?editor=id&node=8575486709#map=20/45.4357539/9.2211717"}}, {"type": "Feature", "geometry": {"type": "Point", "coordinates": [9.2212617, 45.4358178]}, "properties": {"id": 8575486710, "feat_type": "node", "quality_categories": "older_than_five_years", "issue_ids": "[35]", "osm_url": "https://www.openstreetmap.org/node/8575486710", "josm_url": "http://127.0.0.1:8111/load_object?new_layer=false&objects=n8575486710", "id_url": "https://www.openstreetmap.org/edit?editor=id&node=8575486710#map=20/45.4358178/9.2212617"}}, {"type": "Feature", "geometry": {"type": "Point", "coordinates": [9.224276, 45.4348302]}, "properties": {"id": 8575675703, "feat_type": "node", "quality_categories": "older_than_five_years", "issue_ids": "[35]", "osm_url": "https://www.openstreetmap.org/node/8575675703", "josm_url": "http://127.0.0.1:8111/load_object?new_layer=false&objects=n8575675703", "id_url": "https://www.openstreetmap.org/edit?editor=id&node=8575675703#map=20/45.4348302/9.224276"}}, {"type": "Feature", "geometry": {"type": "Point", "coordinates": [9.2242756, 45.4348721]}, "properties": {"id": 8575675704, "feat_type": "node", "quality_categories": "older_than_five_years", "issue_ids": "[35]", "osm_url": "https://www.openstreetmap.org/node/8575675704", "josm_url": "http://127.0.0.1:8111/load_object?new_layer=false&objects=n8575675704", "id_url": "https://www.openstreetmap.org/edit?editor=id&node=8575675704#map=20/45.4348721/9.2242756"}}, {"type": "Feature", "geometry": {"type": "Point", "coordinates": [9.2245151, 45.4349191]}, "properties": {"id": 8575694927, "feat_type": "node", "quality_categories": "older_than_five_years", "issue_ids": "[35]", "osm_url": "https://www.openstreetmap.org/node/8575694927", "josm_url": "http://127.0.0.1:8111/load_object?new_layer=false&objects=n8575694927", "id_url": "https://www.openstreetmap.org/edit?editor=id&node=8575694927#map=20/45.4349191/9.2245151"}}, {"type": "Feature", "geometry": {"type": "Point", "coordinates": [9.2244286, 45.4349186]}, "properties": {"id": 8575694928, "feat_type": "node", "quality_categories": "older_than_five_years", "issue_ids": "[35]", "osm_url": "https://www.openstreetmap.org/node/8575694928", "josm_url": "http://127.0.0.1:8111/load_object?new_layer=false&objects=n8575694928", "id_url": "https://www.openstreetmap.org/edit?editor=id&node=8575694928#map=20/45.4349186/9.2244286"}}, {"type": "Feature", "geometry": {"type": "Point", "coordinates": [9.2242529, 45.4349181]}, "properties": {"id": 8575694933, "feat_type": "node", "quality_categories": "older_than_five_years", "issue_ids": "[35]", "osm_url": "https://www.openstreetmap.org/node/8575694933", "josm_url": "http://127.0.0.1:8111/load_object?new_layer=false&objects=n8575694933", "id_url": "https://www.openstreetmap.org/edit?editor=id&node=8575694933#map=20/45.4349181/9.2242529"}}, {"type": "Feature", "geometry": {"type": "Point", "coordinates": [9.2241282, 45.4349177]}, "properties": {"id": 8575694935, "feat_type": "node", "quality_categories": "older_than_five_years", "issue_ids": "[35]", "osm_url": "https://www.openstreetmap.org/node/8575694935", "josm_url": "http://127.0.0.1:8111/load_object?new_layer=false&objects=n8575694935", "id_url": "https://www.openstreetmap.org/edit?editor=id&node=8575694935#map=20/45.4349177/9.2241282"}}, {"type": "Feature", "geometry": {"type": "Point", "coordinates": [9.2239954, 45.4349172]}, "properties": {"id": 8575694936, "feat_type": "node", "quality_categories": "older_than_five_years", "issue_ids": "[35]", "osm_url": "https://www.openstreetmap.org/node/8575694936", "josm_url": "http://127.0.0.1:8111/load_object?new_layer=false&objects=n8575694936", "id_url": "https://www.openstreetmap.org/edit?editor=id&node=8575694936#map=20/45.4349172/9.2239954"}}, {"type": "Feature", "geometry": {"type": "Point", "coordinates": [9.2236082, 45.4348585]}, "properties": {"id": 8575694993, "feat_type": "node", "quality_categories": "older_than_five_years", "issue_ids": "[35]", "osm_url": "https://www.openstreetmap.org/node/8575694993", "josm_url": "http://127.0.0.1:8111/load_object?new_layer=false&objects=n8575694993", "id_url": "https://www.openstreetmap.org/edit?editor=id&node=8575694993#map=20/45.4348585/9.2236082"}}, {"type": "Feature", "geometry": {"type": "Point", "coordinates": [9.223651, 45.4348874]}, "properties": {"id": 8575694994, "feat_type": "node", "quality_categories": "older_than_five_years", "issue_ids": "[35]", "osm_url": "https://www.openstreetmap.org/node/8575694994", "josm_url": "http://127.0.0.1:8111/load_object?new_layer=false&objects=n8575694994", "id_url": "https://www.openstreetmap.org/edit?editor=id&node=8575694994#map=20/45.4348874/9.223651"}}, {"type": "Feature", "geometry": {"type": "Point", "coordinates": [9.2241825, 45.4349178]}, "properties": {"id": 8579090905, "feat_type": "node", "quality_categories": "older_than_five_years", "issue_ids": "[36]", "osm_url": "https://www.openstreetmap.org/node/8579090905", "josm_url": "http://127.0.0.1:8111/load_object?new_layer=false&objects=n8579090905", "id_url": "https://www.openstreetmap.org/edit?editor=id&node=8579090905#map=20/45.4349178/9.2241825"}}, {"type": "Feature", "geometry": {"type": "Point", "coordinates": [9.2184698, 45.4351665]}, "properties": {"id": 8579327314, "feat_type": "node", "quality_categories": "older_than_five_years", "issue_ids": "[36]", "osm_url": "https://www.openstreetmap.org/node/8579327314", "josm_url": "http://127.0.0.1:8111/load_object?new_layer=false&objects=n8579327314", "id_url": "https://www.openstreetmap.org/edit?editor=id&node=8579327314#map=20/45.4351665/9.2184698"}}, {"type": "Feature", "geometry": {"type": "Point", "coordinates": [9.2211596, 45.4330679]}, "properties": {"id": 8579365572, "feat_type": "node", "quality_categories": "older_than_five_years", "issue_ids": "[36]", "osm_url": "https://www.openstreetmap.org/node/8579365572", "josm_url": "http://127.0.0.1:8111/load_object?new_layer=false&objects=n8579365572", "id_url": "https://www.openstreetmap.org/edit?editor=id&node=8579365572#map=20/45.4330679/9.2211596"}}, {"type": "Feature", "geometry": {"type": "Point", "coordinates": [9.2213, 45.4329991]}, "properties": {"id": 8579365575, "feat_type": "node", "quality_categories": "older_than_five_years", "issue_ids": "[36]", "osm_url": "https://www.openstreetmap.org/node/8579365575", "josm_url": "http://127.0.0.1:8111/load_object?new_layer=false&objects=n8579365575", "id_url": "https://www.openstreetmap.org/edit?editor=id&node=8579365575#map=20/45.4329991/9.2213"}}, {"type": "Feature", "geometry": {"type": "Point", "coordinates": [9.2203026, 45.4337495]}, "properties": {"id": 8579365579, "feat_type": "node", "quality_categories": "older_than_five_years", "issue_ids": "[36]", "osm_url": "https://www.openstreetmap.org/node/8579365579", "josm_url": "http://127.0.0.1:8111/load_object?new_layer=false&objects=n8579365579", "id_url": "https://www.openstreetmap.org/edit?editor=id&node=8579365579#map=20/45.4337495/9.2203026"}}, {"type": "Feature", "geometry": {"type": "Point", "coordinates": [9.2202305, 45.4338068]}, "properties": {"id": 8579365580, "feat_type": "node", "quality_categories": "older_than_five_years", "issue_ids": "[36]", "osm_url": "https://www.openstreetmap.org/node/8579365580", "josm_url": "http://127.0.0.1:8111/load_object?new_layer=false&objects=n8579365580", "id_url": "https://www.openstreetmap.org/edit?editor=id&node=8579365580#map=20/45.4338068/9.2202305"}}, {"type": "Feature", "geometry": {"type": "Point", "coordinates": [9.2282797, 45.4406321]}, "properties": {"id": 8579412986, "feat_type": "node", "quality_categories": "older_than_five_years", "issue_ids": "[36]", "osm_url": "https://www.openstreetmap.org/node/8579412986", "josm_url": "http://127.0.0.1:8111/load_object?new_layer=false&objects=n8579412986", "id_url": "https://www.openstreetmap.org/edit?editor=id&node=8579412986#map=20/45.4406321/9.2282797"}}, {"type": "Feature", "geometry": {"type": "Point", "coordinates": [9.2283546, 45.4406934]}, "properties": {"id": 8579412987, "feat_type": "node", "quality_categories": "older_than_five_years", "issue_ids": "[36]", "osm_url": "https://www.openstreetmap.org/node/8579412987", "josm_url": "http://127.0.0.1:8111/load_object?new_layer=false&objects=n8579412987", "id_url": "https://www.openstreetmap.org/edit?editor=id&node=8579412987#map=20/45.4406934/9.2283546"}}, {"type": "Feature", "geometry": {"type": "Point", "coordinates": [9.2281476, 45.4406896]}, "properties": {"id": 8579412992, "feat_type": "node", "quality_categories": "older_than_five_years", "issue_ids": "[36]", "osm_url": "https://www.openstreetmap.org/node/8579412992", "josm_url": "http://127.0.0.1:8111/load_object?new_layer=false&objects=n8579412992", "id_url": "https://www.openstreetmap.org/edit?editor=id&node=8579412992#map=20/45.4406896/9.2281476"}}, {"type": "Feature", "geometry": {"type": "Point", "coordinates": [9.2280971, 45.4407196]}, "properties": {"id": 8579412993, "feat_type": "node", "quality_categories": "older_than_five_years", "issue_ids": "[36]", "osm_url": "https://www.openstreetmap.org/node/8579412993", "josm_url": "http://127.0.0.1:8111/load_object?new_layer=false&objects=n8579412993", "id_url": "https://www.openstreetmap.org/edit?editor=id&node=8579412993#map=20/45.4407196/9.2280971"}}, {"type": "Feature", "geometry": {"type": "Point", "coordinates": [9.2281474, 45.4408383]}, "properties": {"id": 8579412996, "feat_type": "node", "quality_categories": "older_than_five_years", "issue_ids": "[36]", "osm_url": "https://www.openstreetmap.org/node/8579412996", "josm_url": "http://127.0.0.1:8111/load_object?new_layer=false&objects=n8579412996", "id_url": "https://www.openstreetmap.org/edit?editor=id&node=8579412996#map=20/45.4408383/9.2281474"}}, {"type": "Feature", "geometry": {"type": "Point", "coordinates": [9.2280954, 45.4408718]}, "properties": {"id": 8579412997, "feat_type": "node", "quality_categories": "older_than_five_years", "issue_ids": "[36]", "osm_url": "https://www.openstreetmap.org/node/8579412997", "josm_url": "http://127.0.0.1:8111/load_object?new_layer=false&objects=n8579412997", "id_url": "https://www.openstreetmap.org/edit?editor=id&node=8579412997#map=20/45.4408718/9.2280954"}}, {"type": "Feature", "geometry": {"type": "Point", "coordinates": [9.2279214, 45.4408285]}, "properties": {"id": 8579412999, "feat_type": "node", "quality_categories": "older_than_five_years", "issue_ids": "[36]", "osm_url": "https://www.openstreetmap.org/node/8579412999", "josm_url": "http://127.0.0.1:8111/load_object?new_layer=false&objects=n8579412999", "id_url": "https://www.openstreetmap.org/edit?editor=id&node=8579412999#map=20/45.4408285/9.2279214"}}, {"type": "Feature", "geometry": {"type": "Point", "coordinates": [9.2278646, 45.4408598]}, "properties": {"id": 8579413000, "feat_type": "node", "quality_categories": "older_than_five_years", "issue_ids": "[36]", "osm_url": "https://www.openstreetmap.org/node/8579413000", "josm_url": "http://127.0.0.1:8111/load_object?new_layer=false&objects=n8579413000", "id_url": "https://www.openstreetmap.org/edit?editor=id&node=8579413000#map=20/45.4408598/9.2278646"}}, {"type": "Feature", "geometry": {"type": "Point", "coordinates": [9.2276224, 45.4410156]}, "properties": {"id": 8579413003, "feat_type": "node", "quality_categories": "older_than_five_years", "issue_ids": "[36]", "osm_url": "https://www.openstreetmap.org/node/8579413003", "josm_url": "http://127.0.0.1:8111/load_object?new_layer=false&objects=n8579413003", "id_url": "https://www.openstreetmap.org/edit?editor=id&node=8579413003#map=20/45.4410156/9.2276224"}}, {"type": "Feature", "geometry": {"type": "Point", "coordinates": [9.2275693, 45.4410526]}, "properties": {"id": 8579413004, "feat_type": "node", "quality_categories": "older_than_five_years", "issue_ids": "[36]", "osm_url": "https://www.openstreetmap.org/node/8579413004", "josm_url": "http://127.0.0.1:8111/load_object?new_layer=false&objects=n8579413004", "id_url": "https://www.openstreetmap.org/edit?editor=id&node=8579413004#map=20/45.4410526/9.2275693"}}, {"type": "Feature", "geometry": {"type": "Point", "coordinates": [9.2277697, 45.4410696]}, "properties": {"id": 8579413008, "feat_type": "node", "quality_categories": "older_than_five_years", "issue_ids": "[36]", "osm_url": "https://www.openstreetmap.org/node/8579413008", "josm_url": "http://127.0.0.1:8111/load_object?new_layer=false&objects=n8579413008", "id_url": "https://www.openstreetmap.org/edit?editor=id&node=8579413008#map=20/45.4410696/9.2277697"}}, {"type": "Feature", "geometry": {"type": "Point", "coordinates": [9.2277001, 45.4411112]}, "properties": {"id": 8579413009, "feat_type": "node", "quality_categories": "older_than_five_years", "issue_ids": "[36]", "osm_url": "https://www.openstreetmap.org/node/8579413009", "josm_url": "http://127.0.0.1:8111/load_object?new_layer=false&objects=n8579413009", "id_url": "https://www.openstreetmap.org/edit?editor=id&node=8579413009#map=20/45.4411112/9.2277001"}}, {"type": "Feature", "geometry": {"type": "Point", "coordinates": [9.227649, 45.4411418]}, "properties": {"id": 8579413010, "feat_type": "node", "quality_categories": "older_than_five_years", "issue_ids": "[36]", "osm_url": "https://www.openstreetmap.org/node/8579413010", "josm_url": "http://127.0.0.1:8111/load_object?new_layer=false&objects=n8579413010", "id_url": "https://www.openstreetmap.org/edit?editor=id&node=8579413010#map=20/45.4411418/9.227649"}}, {"type": "Feature", "geometry": {"type": "Point", "coordinates": [9.2275927, 45.4411754]}, "properties": {"id": 8579413012, "feat_type": "node", "quality_categories": "older_than_five_years", "issue_ids": "[36]", "osm_url": "https://www.openstreetmap.org/node/8579413012", "josm_url": "http://127.0.0.1:8111/load_object?new_layer=false&objects=n8579413012", "id_url": "https://www.openstreetmap.org/edit?editor=id&node=8579413012#map=20/45.4411754/9.2275927"}}, {"type": "Feature", "geometry": {"type": "Point", "coordinates": [9.2270156, 45.4415066]}, "properties": {"id": 8579413016, "feat_type": "node", "quality_categories": "older_than_five_years", "issue_ids": "[36]", "osm_url": "https://www.openstreetmap.org/node/8579413016", "josm_url": "http://127.0.0.1:8111/load_object?new_layer=false&objects=n8579413016", "id_url": "https://www.openstreetmap.org/edit?editor=id&node=8579413016#map=20/45.4415066/9.2270156"}}, {"type": "Feature", "geometry": {"type": "Point", "coordinates": [9.2269638, 45.4415399]}, "properties": {"id": 8579427617, "feat_type": "node", "quality_categories": "older_than_five_years", "issue_ids": "[36]", "osm_url": "https://www.openstreetmap.org/node/8579427617", "josm_url": "http://127.0.0.1:8111/load_object?new_layer=false&objects=n8579427617", "id_url": "https://www.openstreetmap.org/edit?editor=id&node=8579427617#map=20/45.4415399/9.2269638"}}, {"type": "Feature", "geometry": {"type": "Point", "coordinates": [9.1887075, 45.4827225]}, "properties": {"id": 8628762828, "feat_type": "node", "quality_categories": "older_than_five_years", "issue_ids": "[4]", "osm_url": "https://www.openstreetmap.org/node/8628762828", "josm_url": "http://127.0.0.1:8111/load_object?new_layer=false&objects=n8628762828", "id_url": "https://www.openstreetmap.org/edit?editor=id&node=8628762828#map=20/45.4827225/9.1887075"}}, {"type": "Feature", "geometry": {"type": "Point", "coordinates": [9.1886194, 45.4827337]}, "properties": {"id": 8628762829, "feat_type": "node", "quality_categories": "older_than_five_years", "issue_ids": "[4]", "osm_url": "https://www.openstreetmap.org/node/8628762829", "josm_url": "http://127.0.0.1:8111/load_object?new_layer=false&objects=n8628762829", "id_url": "https://www.openstreetmap.org/edit?editor=id&node=8628762829#map=20/45.4827337/9.1886194"}}, {"type": "Feature", "geometry": {"type": "Point", "coordinates": [9.1912601, 45.4875228]}, "properties": {"id": 8629034486, "feat_type": "node", "quality_categories": "older_than_five_years", "issue_ids": "[4]", "osm_url": "https://www.openstreetmap.org/node/8629034486", "josm_url": "http://127.0.0.1:8111/load_object?new_layer=false&objects=n8629034486", "id_url": "https://www.openstreetmap.org/edit?editor=id&node=8629034486#map=20/45.4875228/9.1912601"}}, {"type": "Feature", "geometry": {"type": "Point", "coordinates": [9.1912939, 45.4875279]}, "properties": {"id": 8629034487, "feat_type": "node", "quality_categories": "older_than_five_years", "issue_ids": "[4]", "osm_url": "https://www.openstreetmap.org/node/8629034487", "josm_url": "http://127.0.0.1:8111/load_object?new_layer=false&objects=n8629034487", "id_url": "https://www.openstreetmap.org/edit?editor=id&node=8629034487#map=20/45.4875279/9.1912939"}}, {"type": "Feature", "geometry": {"type": "Point", "coordinates": [9.1913514, 45.4875312]}, "properties": {"id": 8629034488, "feat_type": "node", "quality_categories": "older_than_five_years", "issue_ids": "[34]", "osm_url": "https://www.openstreetmap.org/node/8629034488", "josm_url": "http://127.0.0.1:8111/load_object?new_layer=false&objects=n8629034488", "id_url": "https://www.openstreetmap.org/edit?editor=id&node=8629034488#map=20/45.4875312/9.1913514"}}, {"type": "Feature", "geometry": {"type": "Point", "coordinates": [9.1913826, 45.4875345]}, "properties": {"id": 8629034489, "feat_type": "node", "quality_categories": "older_than_five_years", "issue_ids": "[4]", "osm_url": "https://www.openstreetmap.org/node/8629034489", "josm_url": "http://127.0.0.1:8111/load_object?new_layer=false&objects=n8629034489", "id_url": "https://www.openstreetmap.org/edit?editor=id&node=8629034489#map=20/45.4875345/9.1913826"}}, {"type": "Feature", "geometry": {"type": "Point", "coordinates": [9.1941294, 45.4864084]}, "properties": {"id": 8629054964, "feat_type": "node", "quality_categories": "older_than_five_years", "issue_ids": "[4]", "osm_url": "https://www.openstreetmap.org/node/8629054964", "josm_url": "http://127.0.0.1:8111/load_object?new_layer=false&objects=n8629054964", "id_url": "https://www.openstreetmap.org/edit?editor=id&node=8629054964#map=20/45.4864084/9.1941294"}}, {"type": "Feature", "geometry": {"type": "Point", "coordinates": [9.1940824, 45.4863603]}, "properties": {"id": 8629054965, "feat_type": "node", "quality_categories": "older_than_five_years", "issue_ids": "[4]", "osm_url": "https://www.openstreetmap.org/node/8629054965", "josm_url": "http://127.0.0.1:8111/load_object?new_layer=false&objects=n8629054965", "id_url": "https://www.openstreetmap.org/edit?editor=id&node=8629054965#map=20/45.4863603/9.1940824"}}, {"type": "Feature", "geometry": {"type": "Point", "coordinates": [9.1939011, 45.4860199]}, "properties": {"id": 8629054975, "feat_type": "node", "quality_categories": "older_than_five_years", "issue_ids": "[34]", "osm_url": "https://www.openstreetmap.org/node/8629054975", "josm_url": "http://127.0.0.1:8111/load_object?new_layer=false&objects=n8629054975", "id_url": "https://www.openstreetmap.org/edit?editor=id&node=8629054975#map=20/45.4860199/9.1939011"}}, {"type": "Feature", "geometry": {"type": "Point", "coordinates": [9.1939236, 45.4859537]}, "properties": {"id": 8629054976, "feat_type": "node", "quality_categories": "older_than_five_years", "issue_ids": "[34]", "osm_url": "https://www.openstreetmap.org/node/8629054976", "josm_url": "http://127.0.0.1:8111/load_object?new_layer=false&objects=n8629054976", "id_url": "https://www.openstreetmap.org/edit?editor=id&node=8629054976#map=20/45.4859537/9.1939236"}}, {"type": "Feature", "geometry": {"type": "Point", "coordinates": [9.1941046, 45.4862699]}, "properties": {"id": 8629054985, "feat_type": "node", "quality_categories": "older_than_five_years", "issue_ids": "[4]", "osm_url": "https://www.openstreetmap.org/node/8629054985", "josm_url": "http://127.0.0.1:8111/load_object?new_layer=false&objects=n8629054985", "id_url": "https://www.openstreetmap.org/edit?editor=id&node=8629054985#map=20/45.4862699/9.1941046"}}, {"type": "Feature", "geometry": {"type": "Point", "coordinates": [9.1941803, 45.4862469]}, "properties": {"id": 8629054986, "feat_type": "node", "quality_categories": "older_than_five_years", "issue_ids": "[4]", "osm_url": "https://www.openstreetmap.org/node/8629054986", "josm_url": "http://127.0.0.1:8111/load_object?new_layer=false&objects=n8629054986", "id_url": "https://www.openstreetmap.org/edit?editor=id&node=8629054986#map=20/45.4862469/9.1941803"}}, {"type": "Feature", "geometry": {"type": "Point", "coordinates": [9.1945632, 45.4861131]}, "properties": {"id": 8629054988, "feat_type": "node", "quality_categories": "older_than_five_years", "issue_ids": "[34]", "osm_url": "https://www.openstreetmap.org/node/8629054988", "josm_url": "http://127.0.0.1:8111/load_object?new_layer=false&objects=n8629054988", "id_url": "https://www.openstreetmap.org/edit?editor=id&node=8629054988#map=20/45.4861131/9.1945632"}}, {"type": "Feature", "geometry": {"type": "Point", "coordinates": [9.1945881, 45.4860406]}, "properties": {"id": 8629054989, "feat_type": "node", "quality_categories": "older_than_five_years", "issue_ids": "[34]", "osm_url": "https://www.openstreetmap.org/node/8629054989", "josm_url": "http://127.0.0.1:8111/load_object?new_layer=false&objects=n8629054989", "id_url": "https://www.openstreetmap.org/edit?editor=id&node=8629054989#map=20/45.4860406/9.1945881"}}, {"type": "Feature", "geometry": {"type": "Point", "coordinates": [9.1912465, 45.4882709]}, "properties": {"id": 8645026229, "feat_type": "node", "quality_categories": "older_than_five_years", "issue_ids": "[34]", "osm_url": "https://www.openstreetmap.org/node/8645026229", "josm_url": "http://127.0.0.1:8111/load_object?new_layer=false&objects=n8645026229", "id_url": "https://www.openstreetmap.org/edit?editor=id&node=8645026229#map=20/45.4882709/9.1912465"}}, {"type": "Feature", "geometry": {"type": "Point", "coordinates": [9.1911117, 45.4882593]}, "properties": {"id": 8645026230, "feat_type": "node", "quality_categories": "older_than_five_years", "issue_ids": "[31]", "osm_url": "https://www.openstreetmap.org/node/8645026230", "josm_url": "http://127.0.0.1:8111/load_object?new_layer=false&objects=n8645026230", "id_url": "https://www.openstreetmap.org/edit?editor=id&node=8645026230#map=20/45.4882593/9.1911117"}}, {"type": "Feature", "geometry": {"type": "Point", "coordinates": [9.1911005, 45.4882578]}, "properties": {"id": 8645026231, "feat_type": "node", "quality_categories": "older_than_five_years", "issue_ids": "[31]", "osm_url": "https://www.openstreetmap.org/node/8645026231", "josm_url": "http://127.0.0.1:8111/load_object?new_layer=false&objects=n8645026231", "id_url": "https://www.openstreetmap.org/edit?editor=id&node=8645026231#map=20/45.4882578/9.1911005"}}, {"type": "Feature", "geometry": {"type": "Point", "coordinates": [9.1910755, 45.4882558]}, "properties": {"id": 8645026233, "feat_type": "node", "quality_categories": "older_than_five_years", "issue_ids": "[31]", "osm_url": "https://www.openstreetmap.org/node/8645026233", "josm_url": "http://127.0.0.1:8111/load_object?new_layer=false&objects=n8645026233", "id_url": "https://www.openstreetmap.org/edit?editor=id&node=8645026233#map=20/45.4882558/9.1910755"}}, {"type": "Feature", "geometry": {"type": "Point", "coordinates": [9.1913344, 45.4882294]}, "properties": {"id": 8645026236, "feat_type": "node", "quality_categories": "older_than_five_years", "issue_ids": "[34]", "osm_url": "https://www.openstreetmap.org/node/8645026236", "josm_url": "http://127.0.0.1:8111/load_object?new_layer=false&objects=n8645026236", "id_url": "https://www.openstreetmap.org/edit?editor=id&node=8645026236#map=20/45.4882294/9.1913344"}}, {"type": "Feature", "geometry": {"type": "Point", "coordinates": [9.1913493, 45.4881827]}, "properties": {"id": 8645026237, "feat_type": "node", "quality_categories": "older_than_five_years", "issue_ids": "[34]", "osm_url": "https://www.openstreetmap.org/node/8645026237", "josm_url": "http://127.0.0.1:8111/load_object?new_layer=false&objects=n8645026237", "id_url": "https://www.openstreetmap.org/edit?editor=id&node=8645026237#map=20/45.4881827/9.1913493"}}, {"type": "Feature", "geometry": {"type": "Point", "coordinates": [9.1912117, 45.4876526]}, "properties": {"id": 8645026253, "feat_type": "node", "quality_categories": "older_than_five_years", "issue_ids": "[4]", "osm_url": "https://www.openstreetmap.org/node/8645026253", "josm_url": "http://127.0.0.1:8111/load_object?new_layer=false&objects=n8645026253", "id_url": "https://www.openstreetmap.org/edit?editor=id&node=8645026253#map=20/45.4876526/9.1912117"}}, {"type": "Feature", "geometry": {"type": "Point", "coordinates": [9.1912372, 45.4876546]}, "properties": {"id": 8645026255, "feat_type": "node", "quality_categories": "older_than_five_years", "issue_ids": "[4]", "osm_url": "https://www.openstreetmap.org/node/8645026255", "josm_url": "http://127.0.0.1:8111/load_object?new_layer=false&objects=n8645026255", "id_url": "https://www.openstreetmap.org/edit?editor=id&node=8645026255#map=20/45.4876546/9.1912372"}}, {"type": "Feature", "geometry": {"type": "Point", "coordinates": [9.1912651, 45.4876567]}, "properties": {"id": 8645026256, "feat_type": "node", "quality_categories": "older_than_five_years", "issue_ids": "[34]", "osm_url": "https://www.openstreetmap.org/node/8645026256", "josm_url": "http://127.0.0.1:8111/load_object?new_layer=false&objects=n8645026256", "id_url": "https://www.openstreetmap.org/edit?editor=id&node=8645026256#map=20/45.4876567/9.1912651"}}, {"type": "Feature", "geometry": {"type": "Point", "coordinates": [9.1913251, 45.4876641]}, "properties": {"id": 8645026257, "feat_type": "node", "quality_categories": "older_than_five_years", "issue_ids": "[4]", "osm_url": "https://www.openstreetmap.org/node/8645026257", "josm_url": "http://127.0.0.1:8111/load_object?new_layer=false&objects=n8645026257", "id_url": "https://www.openstreetmap.org/edit?editor=id&node=8645026257#map=20/45.4876641/9.1913251"}}, {"type": "Feature", "geometry": {"type": "Point", "coordinates": [9.1913523, 45.487667]}, "properties": {"id": 8645026258, "feat_type": "node", "quality_categories": "older_than_five_years", "issue_ids": "[4]", "osm_url": "https://www.openstreetmap.org/node/8645026258", "josm_url": "http://127.0.0.1:8111/load_object?new_layer=false&objects=n8645026258", "id_url": "https://www.openstreetmap.org/edit?editor=id&node=8645026258#map=20/45.487667/9.1913523"}}, {"type": "Feature", "geometry": {"type": "Point", "coordinates": [9.1913818, 45.4876711]}, "properties": {"id": 8645026260, "feat_type": "node", "quality_categories": "older_than_five_years", "issue_ids": "[4]", "osm_url": "https://www.openstreetmap.org/node/8645026260", "josm_url": "http://127.0.0.1:8111/load_object?new_layer=false&objects=n8645026260", "id_url": "https://www.openstreetmap.org/edit?editor=id&node=8645026260#map=20/45.4876711/9.1913818"}}, {"type": "Feature", "geometry": {"type": "Point", "coordinates": [9.1914687, 45.4876356]}, "properties": {"id": 8645026266, "feat_type": "node", "quality_categories": "older_than_five_years", "issue_ids": "[4]", "osm_url": "https://www.openstreetmap.org/node/8645026266", "josm_url": "http://127.0.0.1:8111/load_object?new_layer=false&objects=n8645026266", "id_url": "https://www.openstreetmap.org/edit?editor=id&node=8645026266#map=20/45.4876356/9.1914687"}}, {"type": "Feature", "geometry": {"type": "Point", "coordinates": [9.1914744, 45.4875948]}, "properties": {"id": 8645026267, "feat_type": "node", "quality_categories": "older_than_five_years", "issue_ids": "[34]", "osm_url": "https://www.openstreetmap.org/node/8645026267", "josm_url": "http://127.0.0.1:8111/load_object?new_layer=false&objects=n8645026267", "id_url": "https://www.openstreetmap.org/edit?editor=id&node=8645026267#map=20/45.4875948/9.1914744"}}, {"type": "Feature", "geometry": {"type": "Point", "coordinates": [9.1914054, 45.4875367]}, "properties": {"id": 8684835703, "feat_type": "node", "quality_categories": "older_than_five_years", "issue_ids": "[4]", "osm_url": "https://www.openstreetmap.org/node/8684835703", "josm_url": "http://127.0.0.1:8111/load_object?new_layer=false&objects=n8684835703", "id_url": "https://www.openstreetmap.org/edit?editor=id&node=8684835703#map=20/45.4875367/9.1914054"}}, {"type": "Feature", "geometry": {"type": "Point", "coordinates": [9.2280725, 45.4445447]}, "properties": {"id": 8739806618, "feat_type": "node", "quality_categories": "older_than_five_years", "issue_ids": "[37]", "osm_url": "https://www.openstreetmap.org/node/8739806618", "josm_url": "http://127.0.0.1:8111/load_object?new_layer=false&objects=n8739806618", "id_url": "https://www.openstreetmap.org/edit?editor=id&node=8739806618#map=20/45.4445447/9.2280725"}}, {"type": "Feature", "geometry": {"type": "Point", "coordinates": [9.2280581, 45.444618]}, "properties": {"id": 8739806619, "feat_type": "node", "quality_categories": "older_than_five_years", "issue_ids": "[37]", "osm_url": "https://www.openstreetmap.org/node/8739806619", "josm_url": "http://127.0.0.1:8111/load_object?new_layer=false&objects=n8739806619", "id_url": "https://www.openstreetmap.org/edit?editor=id&node=8739806619#map=20/45.444618/9.2280581"}}, {"type": "Feature", "geometry": {"type": "Point", "coordinates": [9.228054, 45.4446391]}, "properties": {"id": 8739806620, "feat_type": "node", "quality_categories": "older_than_five_years", "issue_ids": "[37]", "osm_url": "https://www.openstreetmap.org/node/8739806620", "josm_url": "http://127.0.0.1:8111/load_object?new_layer=false&objects=n8739806620", "id_url": "https://www.openstreetmap.org/edit?editor=id&node=8739806620#map=20/45.4446391/9.228054"}}, {"type": "Feature", "geometry": {"type": "Point", "coordinates": [9.22804, 45.4447105]}, "properties": {"id": 8739806621, "feat_type": "node", "quality_categories": "older_than_five_years", "issue_ids": "[37]", "osm_url": "https://www.openstreetmap.org/node/8739806621", "josm_url": "http://127.0.0.1:8111/load_object?new_layer=false&objects=n8739806621", "id_url": "https://www.openstreetmap.org/edit?editor=id&node=8739806621#map=20/45.4447105/9.22804"}}, {"type": "Feature", "geometry": {"type": "Point", "coordinates": [9.2282863, 45.4461949]}, "properties": {"id": 8739806652, "feat_type": "node", "quality_categories": "older_than_five_years", "issue_ids": "[37]", "osm_url": "https://www.openstreetmap.org/node/8739806652", "josm_url": "http://127.0.0.1:8111/load_object?new_layer=false&objects=n8739806652", "id_url": "https://www.openstreetmap.org/edit?editor=id&node=8739806652#map=20/45.4461949/9.2282863"}}, {"type": "Feature", "geometry": {"type": "Point", "coordinates": [9.2282152, 45.4461958]}, "properties": {"id": 8739806653, "feat_type": "node", "quality_categories": "older_than_five_years", "issue_ids": "[37]", "osm_url": "https://www.openstreetmap.org/node/8739806653", "josm_url": "http://127.0.0.1:8111/load_object?new_layer=false&objects=n8739806653", "id_url": "https://www.openstreetmap.org/edit?editor=id&node=8739806653#map=20/45.4461958/9.2282152"}}, {"type": "Feature", "geometry": {"type": "Point", "coordinates": [9.2279819, 45.4462431]}, "properties": {"id": 8739806656, "feat_type": "node", "quality_categories": "older_than_five_years", "issue_ids": "[37]", "osm_url": "https://www.openstreetmap.org/node/8739806656", "josm_url": "http://127.0.0.1:8111/load_object?new_layer=false&objects=n8739806656", "id_url": "https://www.openstreetmap.org/edit?editor=id&node=8739806656#map=20/45.4462431/9.2279819"}}, {"type": "Feature", "geometry": {"type": "Point", "coordinates": [9.2279112, 45.4462405]}, "properties": {"id": 8739806658, "feat_type": "node", "quality_categories": "older_than_five_years", "issue_ids": "[37]", "osm_url": "https://www.openstreetmap.org/node/8739806658", "josm_url": "http://127.0.0.1:8111/load_object?new_layer=false&objects=n8739806658", "id_url": "https://www.openstreetmap.org/edit?editor=id&node=8739806658#map=20/45.4462405/9.2279112"}}, {"type": "Feature", "geometry": {"type": "Point", "coordinates": [9.2273492, 45.4462192]}, "properties": {"id": 8739806661, "feat_type": "node", "quality_categories": "older_than_five_years", "issue_ids": "[37]", "osm_url": "https://www.openstreetmap.org/node/8739806661", "josm_url": "http://127.0.0.1:8111/load_object?new_layer=false&objects=n8739806661", "id_url": "https://www.openstreetmap.org/edit?editor=id&node=8739806661#map=20/45.4462192/9.2273492"}}, {"type": "Feature", "geometry": {"type": "Point", "coordinates": [9.2272839, 45.4462165]}, "properties": {"id": 8739806662, "feat_type": "node", "quality_categories": "older_than_five_years", "issue_ids": "[37]", "osm_url": "https://www.openstreetmap.org/node/8739806662", "josm_url": "http://127.0.0.1:8111/load_object?new_layer=false&objects=n8739806662", "id_url": "https://www.openstreetmap.org/edit?editor=id&node=8739806662#map=20/45.4462165/9.2272839"}}, {"type": "Feature", "geometry": {"type": "Point", "coordinates": [9.2274786, 45.4425346]}, "properties": {"id": 8739806666, "feat_type": "node", "quality_categories": "older_than_five_years", "issue_ids": "[37]", "osm_url": "https://www.openstreetmap.org/node/8739806666", "josm_url": "http://127.0.0.1:8111/load_object?new_layer=false&objects=n8739806666", "id_url": "https://www.openstreetmap.org/edit?editor=id&node=8739806666#map=20/45.4425346/9.2274786"}}, {"type": "Feature", "geometry": {"type": "Point", "coordinates": [9.2273853, 45.4425778]}, "properties": {"id": 8739806667, "feat_type": "node", "quality_categories": "older_than_five_years", "issue_ids": "[37]", "osm_url": "https://www.openstreetmap.org/node/8739806667", "josm_url": "http://127.0.0.1:8111/load_object?new_layer=false&objects=n8739806667", "id_url": "https://www.openstreetmap.org/edit?editor=id&node=8739806667#map=20/45.4425778/9.2273853"}}, {"type": "Feature", "geometry": {"type": "Point", "coordinates": [9.2273241, 45.4423482]}, "properties": {"id": 8739806669, "feat_type": "node", "quality_categories": "older_than_five_years", "issue_ids": "[37]", "osm_url": "https://www.openstreetmap.org/node/8739806669", "josm_url": "http://127.0.0.1:8111/load_object?new_layer=false&objects=n8739806669", "id_url": "https://www.openstreetmap.org/edit?editor=id&node=8739806669#map=20/45.4423482/9.2273241"}}, {"type": "Feature", "geometry": {"type": "Point", "coordinates": [9.2272658, 45.4422935]}, "properties": {"id": 8739806671, "feat_type": "node", "quality_categories": "older_than_five_years", "issue_ids": "[37]", "osm_url": "https://www.openstreetmap.org/node/8739806671", "josm_url": "http://127.0.0.1:8111/load_object?new_layer=false&objects=n8739806671", "id_url": "https://www.openstreetmap.org/edit?editor=id&node=8739806671#map=20/45.4422935/9.2272658"}}, {"type": "Feature", "geometry": {"type": "Point", "coordinates": [9.2275004, 45.4427211]}, "properties": {"id": 8739806675, "feat_type": "node", "quality_categories": "older_than_five_years", "issue_ids": "[37]", "osm_url": "https://www.openstreetmap.org/node/8739806675", "josm_url": "http://127.0.0.1:8111/load_object?new_layer=false&objects=n8739806675", "id_url": "https://www.openstreetmap.org/edit?editor=id&node=8739806675#map=20/45.4427211/9.2275004"}}, {"type": "Feature", "geometry": {"type": "Point", "coordinates": [9.2273943, 45.4426362]}, "properties": {"id": 8739806676, "feat_type": "node", "quality_categories": "older_than_five_years", "issue_ids": "[37]", "osm_url": "https://www.openstreetmap.org/node/8739806676", "josm_url": "http://127.0.0.1:8111/load_object?new_layer=false&objects=n8739806676", "id_url": "https://www.openstreetmap.org/edit?editor=id&node=8739806676#map=20/45.4426362/9.2273943"}}, {"type": "Feature", "geometry": {"type": "Point", "coordinates": [9.2258514, 45.4420985]}, "properties": {"id": 8739806679, "feat_type": "node", "quality_categories": "older_than_five_years", "issue_ids": "[37]", "osm_url": "https://www.openstreetmap.org/node/8739806679", "josm_url": "http://127.0.0.1:8111/load_object?new_layer=false&objects=n8739806679", "id_url": "https://www.openstreetmap.org/edit?editor=id&node=8739806679#map=20/45.4420985/9.2258514"}}, {"type": "Feature", "geometry": {"type": "Point", "coordinates": [9.225927, 45.4421606]}, "properties": {"id": 8739806680, "feat_type": "node", "quality_categories": "older_than_five_years", "issue_ids": "[37]", "osm_url": "https://www.openstreetmap.org/node/8739806680", "josm_url": "http://127.0.0.1:8111/load_object?new_layer=false&objects=n8739806680", "id_url": "https://www.openstreetmap.org/edit?editor=id&node=8739806680#map=20/45.4421606/9.225927"}}, {"type": "Feature", "geometry": {"type": "Point", "coordinates": [9.2260454, 45.4421053]}, "properties": {"id": 8739806683, "feat_type": "node", "quality_categories": "older_than_five_years", "issue_ids": "[37]", "osm_url": "https://www.openstreetmap.org/node/8739806683", "josm_url": "http://127.0.0.1:8111/load_object?new_layer=false&objects=n8739806683", "id_url": "https://www.openstreetmap.org/edit?editor=id&node=8739806683#map=20/45.4421053/9.2260454"}}, {"type": "Feature", "geometry": {"type": "Point", "coordinates": [9.2259613, 45.4421532]}, "properties": {"id": 8739806684, "feat_type": "node", "quality_categories": "older_than_five_years", "issue_ids": "[37]", "osm_url": "https://www.openstreetmap.org/node/8739806684", "josm_url": "http://127.0.0.1:8111/load_object?new_layer=false&objects=n8739806684", "id_url": "https://www.openstreetmap.org/edit?editor=id&node=8739806684#map=20/45.4421532/9.2259613"}}, {"type": "Feature", "geometry": {"type": "Point", "coordinates": [9.2253071, 45.4425412]}, "properties": {"id": 8739806685, "feat_type": "node", "quality_categories": "older_than_five_years", "issue_ids": "[37]", "osm_url": "https://www.openstreetmap.org/node/8739806685", "josm_url": "http://127.0.0.1:8111/load_object?new_layer=false&objects=n8739806685", "id_url": "https://www.openstreetmap.org/edit?editor=id&node=8739806685#map=20/45.4425412/9.2253071"}}, {"type": "Feature", "geometry": {"type": "Point", "coordinates": [9.2252336, 45.4425962]}, "properties": {"id": 8739806686, "feat_type": "node", "quality_categories": "older_than_five_years", "issue_ids": "[37]", "osm_url": "https://www.openstreetmap.org/node/8739806686", "josm_url": "http://127.0.0.1:8111/load_object?new_layer=false&objects=n8739806686", "id_url": "https://www.openstreetmap.org/edit?editor=id&node=8739806686#map=20/45.4425962/9.2252336"}}, {"type": "Feature", "geometry": {"type": "Point", "coordinates": [9.2267918, 45.4420242]}, "properties": {"id": 8739806694, "feat_type": "node", "quality_categories": "older_than_five_years", "issue_ids": "[37]", "osm_url": "https://www.openstreetmap.org/node/8739806694", "josm_url": "http://127.0.0.1:8111/load_object?new_layer=false&objects=n8739806694", "id_url": "https://www.openstreetmap.org/edit?editor=id&node=8739806694#map=20/45.4420242/9.2267918"}}, {"type": "Feature", "geometry": {"type": "Point", "coordinates": [9.2267375, 45.441976]}, "properties": {"id": 8739806695, "feat_type": "node", "quality_categories": "older_than_five_years", "issue_ids": "[37]", "osm_url": "https://www.openstreetmap.org/node/8739806695", "josm_url": "http://127.0.0.1:8111/load_object?new_layer=false&objects=n8739806695", "id_url": "https://www.openstreetmap.org/edit?editor=id&node=8739806695#map=20/45.441976/9.2267375"}}, {"type": "Feature", "geometry": {"type": "Point", "coordinates": [9.2273519, 45.4425652]}, "properties": {"id": 8739806696, "feat_type": "node", "quality_categories": "older_than_five_years", "issue_ids": "[37]", "osm_url": "https://www.openstreetmap.org/node/8739806696", "josm_url": "http://127.0.0.1:8111/load_object?new_layer=false&objects=n8739806696", "id_url": "https://www.openstreetmap.org/edit?editor=id&node=8739806696#map=20/45.4425652/9.2273519"}}, {"type": "Feature", "geometry": {"type": "Point", "coordinates": [9.2273204, 45.442534]}, "properties": {"id": 8739806697, "feat_type": "node", "quality_categories": "older_than_five_years", "issue_ids": "[37]", "osm_url": "https://www.openstreetmap.org/node/8739806697", "josm_url": "http://127.0.0.1:8111/load_object?new_layer=false&objects=n8739806697", "id_url": "https://www.openstreetmap.org/edit?editor=id&node=8739806697#map=20/45.442534/9.2273204"}}, {"type": "Feature", "geometry": {"type": "Point", "coordinates": [9.2249875, 45.443091]}, "properties": {"id": 8739806754, "feat_type": "node", "quality_categories": "older_than_five_years", "issue_ids": "[37]", "osm_url": "https://www.openstreetmap.org/node/8739806754", "josm_url": "http://127.0.0.1:8111/load_object?new_layer=false&objects=n8739806754", "id_url": "https://www.openstreetmap.org/edit?editor=id&node=8739806754#map=20/45.443091/9.2249875"}}, {"type": "Feature", "geometry": {"type": "Point", "coordinates": [9.2249424, 45.4430548]}, "properties": {"id": 8739806756, "feat_type": "node", "quality_categories": "older_than_five_years", "issue_ids": "[37]", "osm_url": "https://www.openstreetmap.org/node/8739806756", "josm_url": "http://127.0.0.1:8111/load_object?new_layer=false&objects=n8739806756", "id_url": "https://www.openstreetmap.org/edit?editor=id&node=8739806756#map=20/45.4430548/9.2249424"}}, {"type": "Feature", "geometry": {"type": "Point", "coordinates": [9.2254168, 45.4438698]}, "properties": {"id": 8739806772, "feat_type": "node", "quality_categories": "older_than_five_years", "issue_ids": "[37]", "osm_url": "https://www.openstreetmap.org/node/8739806772", "josm_url": "http://127.0.0.1:8111/load_object?new_layer=false&objects=n8739806772", "id_url": "https://www.openstreetmap.org/edit?editor=id&node=8739806772#map=20/45.4438698/9.2254168"}}, {"type": "Feature", "geometry": {"type": "Point", "coordinates": [9.225423, 45.4438013]}, "properties": {"id": 8739806774, "feat_type": "node", "quality_categories": "older_than_five_years", "issue_ids": "[37]", "osm_url": "https://www.openstreetmap.org/node/8739806774", "josm_url": "http://127.0.0.1:8111/load_object?new_layer=false&objects=n8739806774", "id_url": "https://www.openstreetmap.org/edit?editor=id&node=8739806774#map=20/45.4438013/9.225423"}}, {"type": "Feature", "geometry": {"type": "Point", "coordinates": [9.225518, 45.4437965]}, "properties": {"id": 8739806775, "feat_type": "node", "quality_categories": "older_than_five_years", "issue_ids": "[37]", "osm_url": "https://www.openstreetmap.org/node/8739806775", "josm_url": "http://127.0.0.1:8111/load_object?new_layer=false&objects=n8739806775", "id_url": "https://www.openstreetmap.org/edit?editor=id&node=8739806775#map=20/45.4437965/9.225518"}}, {"type": "Feature", "geometry": {"type": "Point", "coordinates": [9.225449, 45.4437874]}, "properties": {"id": 8739806777, "feat_type": "node", "quality_categories": "older_than_five_years", "issue_ids": "[37]", "osm_url": "https://www.openstreetmap.org/node/8739806777", "josm_url": "http://127.0.0.1:8111/load_object?new_layer=false&objects=n8739806777", "id_url": "https://www.openstreetmap.org/edit?editor=id&node=8739806777#map=20/45.4437874/9.225449"}}, {"type": "Feature", "geometry": {"type": "Point", "coordinates": [9.225899, 45.4438147]}, "properties": {"id": 8739806781, "feat_type": "node", "quality_categories": "older_than_five_years", "issue_ids": "[37]", "osm_url": "https://www.openstreetmap.org/node/8739806781", "josm_url": "http://127.0.0.1:8111/load_object?new_layer=false&objects=n8739806781", "id_url": "https://www.openstreetmap.org/edit?editor=id&node=8739806781#map=20/45.4438147/9.225899"}}, {"type": "Feature", "geometry": {"type": "Point", "coordinates": [9.2259612, 45.4438174]}, "properties": {"id": 8739806782, "feat_type": "node", "quality_categories": "older_than_five_years", "issue_ids": "[37]", "osm_url": "https://www.openstreetmap.org/node/8739806782", "josm_url": "http://127.0.0.1:8111/load_object?new_layer=false&objects=n8739806782", "id_url": "https://www.openstreetmap.org/edit?editor=id&node=8739806782#map=20/45.4438174/9.2259612"}}, {"type": "Feature", "geometry": {"type": "Point", "coordinates": [9.2263912, 45.4438415]}, "properties": {"id": 8739806793, "feat_type": "node", "quality_categories": "older_than_five_years", "issue_ids": "[37]", "osm_url": "https://www.openstreetmap.org/node/8739806793", "josm_url": "http://127.0.0.1:8111/load_object?new_layer=false&objects=n8739806793", "id_url": "https://www.openstreetmap.org/edit?editor=id&node=8739806793#map=20/45.4438415/9.2263912"}}, {"type": "Feature", "geometry": {"type": "Point", "coordinates": [9.2264416, 45.4438431]}, "properties": {"id": 8739806794, "feat_type": "node", "quality_categories": "older_than_five_years", "issue_ids": "[37]", "osm_url": "https://www.openstreetmap.org/node/8739806794", "josm_url": "http://127.0.0.1:8111/load_object?new_layer=false&objects=n8739806794", "id_url": "https://www.openstreetmap.org/edit?editor=id&node=8739806794#map=20/45.4438431/9.2264416"}}, {"type": "Feature", "geometry": {"type": "Point", "coordinates": [9.2266301, 45.4438624]}, "properties": {"id": 8739806799, "feat_type": "node", "quality_categories": "older_than_five_years", "issue_ids": "[37]", "osm_url": "https://www.openstreetmap.org/node/8739806799", "josm_url": "http://127.0.0.1:8111/load_object?new_layer=false&objects=n8739806799", "id_url": "https://www.openstreetmap.org/edit?editor=id&node=8739806799#map=20/45.4438624/9.2266301"}}, {"type": "Feature", "geometry": {"type": "Point", "coordinates": [9.2266253, 45.4439155]}, "properties": {"id": 8739806800, "feat_type": "node", "quality_categories": "older_than_five_years", "issue_ids": "[37]", "osm_url": "https://www.openstreetmap.org/node/8739806800", "josm_url": "http://127.0.0.1:8111/load_object?new_layer=false&objects=n8739806800", "id_url": "https://www.openstreetmap.org/edit?editor=id&node=8739806800#map=20/45.4439155/9.2266253"}}, {"type": "Feature", "geometry": {"type": "Point", "coordinates": [9.2265965, 45.4444049]}, "properties": {"id": 8739806805, "feat_type": "node", "quality_categories": "older_than_five_years", "issue_ids": "[37]", "osm_url": "https://www.openstreetmap.org/node/8739806805", "josm_url": "http://127.0.0.1:8111/load_object?new_layer=false&objects=n8739806805", "id_url": "https://www.openstreetmap.org/edit?editor=id&node=8739806805#map=20/45.4444049/9.2265965"}}, {"type": "Feature", "geometry": {"type": "Point", "coordinates": [9.2265007, 45.4444006]}, "properties": {"id": 8739806806, "feat_type": "node", "quality_categories": "older_than_five_years", "issue_ids": "[37]", "osm_url": "https://www.openstreetmap.org/node/8739806806", "josm_url": "http://127.0.0.1:8111/load_object?new_layer=false&objects=n8739806806", "id_url": "https://www.openstreetmap.org/edit?editor=id&node=8739806806#map=20/45.4444006/9.2265007"}}, {"type": "Feature", "geometry": {"type": "Point", "coordinates": [9.2267521, 45.443941]}, "properties": {"id": 8739806809, "feat_type": "node", "quality_categories": "older_than_five_years", "issue_ids": "[37]", "osm_url": "https://www.openstreetmap.org/node/8739806809", "josm_url": "http://127.0.0.1:8111/load_object?new_layer=false&objects=n8739806809", "id_url": "https://www.openstreetmap.org/edit?editor=id&node=8739806809#map=20/45.443941/9.2267521"}}, {"type": "Feature", "geometry": {"type": "Point", "coordinates": [9.2266632, 45.4439376]}, "properties": {"id": 8739806810, "feat_type": "node", "quality_categories": "older_than_five_years", "issue_ids": "[37]", "osm_url": "https://www.openstreetmap.org/node/8739806810", "josm_url": "http://127.0.0.1:8111/load_object?new_layer=false&objects=n8739806810", "id_url": "https://www.openstreetmap.org/edit?editor=id&node=8739806810#map=20/45.4439376/9.2266632"}}, {"type": "Feature", "geometry": {"type": "Point", "coordinates": [9.2263699, 45.4460697]}, "properties": {"id": 8739806837, "feat_type": "node", "quality_categories": "older_than_five_years", "issue_ids": "[37]", "osm_url": "https://www.openstreetmap.org/node/8739806837", "josm_url": "http://127.0.0.1:8111/load_object?new_layer=false&objects=n8739806837", "id_url": "https://www.openstreetmap.org/edit?editor=id&node=8739806837#map=20/45.4460697/9.2263699"}}, {"type": "Feature", "geometry": {"type": "Point", "coordinates": [9.2262907, 45.4460691]}, "properties": {"id": 8739806838, "feat_type": "node", "quality_categories": "older_than_five_years", "issue_ids": "[37]", "osm_url": "https://www.openstreetmap.org/node/8739806838", "josm_url": "http://127.0.0.1:8111/load_object?new_layer=false&objects=n8739806838", "id_url": "https://www.openstreetmap.org/edit?editor=id&node=8739806838#map=20/45.4460691/9.2262907"}}, {"type": "Feature", "geometry": {"type": "Point", "coordinates": [9.226282, 45.4458252]}, "properties": {"id": 8739806839, "feat_type": "node", "quality_categories": "kerb_on_top_of_non_crossing, older_than_five_years", "issue_ids": "[37, 1]", "osm_url": "https://www.openstreetmap.org/node/8739806839", "josm_url": "http://127.0.0.1:8111/load_object?new_layer=false&objects=n8739806839", "id_url": "https://www.openstreetmap.org/edit?editor=id&node=8739806839#map=20/45.4458252/9.226282"}}, {"type": "Feature", "geometry": {"type": "Point", "coordinates": [9.2314472, 45.4452333]}, "properties": {"id": 8741912910, "feat_type": "node", "quality_categories": "older_than_five_years", "issue_ids": "[38]", "osm_url": "https://www.openstreetmap.org/node/8741912910", "josm_url": "http://127.0.0.1:8111/load_object?new_layer=false&objects=n8741912910", "id_url": "https://www.openstreetmap.org/edit?editor=id&node=8741912910#map=20/45.4452333/9.2314472"}}, {"type": "Feature", "geometry": {"type": "Point", "coordinates": [9.2314213, 45.4453139]}, "properties": {"id": 8741912911, "feat_type": "node", "quality_categories": "older_than_five_years", "issue_ids": "[38]", "osm_url": "https://www.openstreetmap.org/node/8741912911", "josm_url": "http://127.0.0.1:8111/load_object?new_layer=false&objects=n8741912911", "id_url": "https://www.openstreetmap.org/edit?editor=id&node=8741912911#map=20/45.4453139/9.2314213"}}, {"type": "Feature", "geometry": {"type": "Point", "coordinates": [9.231716, 45.4452334]}, "properties": {"id": 8741912914, "feat_type": "node", "quality_categories": "older_than_five_years", "issue_ids": "[38]", "osm_url": "https://www.openstreetmap.org/node/8741912914", "josm_url": "http://127.0.0.1:8111/load_object?new_layer=false&objects=n8741912914", "id_url": "https://www.openstreetmap.org/edit?editor=id&node=8741912914#map=20/45.4452334/9.231716"}}, {"type": "Feature", "geometry": {"type": "Point", "coordinates": [9.2316071, 45.4452057]}, "properties": {"id": 8741912915, "feat_type": "node", "quality_categories": "older_than_five_years", "issue_ids": "[38]", "osm_url": "https://www.openstreetmap.org/node/8741912915", "josm_url": "http://127.0.0.1:8111/load_object?new_layer=false&objects=n8741912915", "id_url": "https://www.openstreetmap.org/edit?editor=id&node=8741912915#map=20/45.4452057/9.2316071"}}, {"type": "Feature", "geometry": {"type": "Point", "coordinates": [9.2315252, 45.4451009]}, "properties": {"id": 8741924818, "feat_type": "node", "quality_categories": "older_than_five_years", "issue_ids": "[38]", "osm_url": "https://www.openstreetmap.org/node/8741924818", "josm_url": "http://127.0.0.1:8111/load_object?new_layer=false&objects=n8741924818", "id_url": "https://www.openstreetmap.org/edit?editor=id&node=8741924818#map=20/45.4451009/9.2315252"}}, {"type": "Feature", "geometry": {"type": "Point", "coordinates": [9.2315578, 45.445054]}, "properties": {"id": 8741924819, "feat_type": "node", "quality_categories": "older_than_five_years", "issue_ids": "[38]", "osm_url": "https://www.openstreetmap.org/node/8741924819", "josm_url": "http://127.0.0.1:8111/load_object?new_layer=false&objects=n8741924819", "id_url": "https://www.openstreetmap.org/edit?editor=id&node=8741924819#map=20/45.445054/9.2315578"}}, {"type": "Feature", "geometry": {"type": "Point", "coordinates": [9.2307798, 45.444804]}, "properties": {"id": 8741924831, "feat_type": "node", "quality_categories": "older_than_five_years", "issue_ids": "[38]", "osm_url": "https://www.openstreetmap.org/node/8741924831", "josm_url": "http://127.0.0.1:8111/load_object?new_layer=false&objects=n8741924831", "id_url": "https://www.openstreetmap.org/edit?editor=id&node=8741924831#map=20/45.444804/9.2307798"}}, {"type": "Feature", "geometry": {"type": "Point", "coordinates": [9.2307108, 45.4447889]}, "properties": {"id": 8741924833, "feat_type": "node", "quality_categories": "older_than_five_years", "issue_ids": "[38]", "osm_url": "https://www.openstreetmap.org/node/8741924833", "josm_url": "http://127.0.0.1:8111/load_object?new_layer=false&objects=n8741924833", "id_url": "https://www.openstreetmap.org/edit?editor=id&node=8741924833#map=20/45.4447889/9.2307108"}}, {"type": "Feature", "geometry": {"type": "Point", "coordinates": [9.2320601, 45.4442056]}, "properties": {"id": 8741924838, "feat_type": "node", "quality_categories": "older_than_five_years", "issue_ids": "[38]", "osm_url": "https://www.openstreetmap.org/node/8741924838", "josm_url": "http://127.0.0.1:8111/load_object?new_layer=false&objects=n8741924838", "id_url": "https://www.openstreetmap.org/edit?editor=id&node=8741924838#map=20/45.4442056/9.2320601"}}, {"type": "Feature", "geometry": {"type": "Point", "coordinates": [9.2319399, 45.444223]}, "properties": {"id": 8741924839, "feat_type": "node", "quality_categories": "older_than_five_years", "issue_ids": "[38]", "osm_url": "https://www.openstreetmap.org/node/8741924839", "josm_url": "http://127.0.0.1:8111/load_object?new_layer=false&objects=n8741924839", "id_url": "https://www.openstreetmap.org/edit?editor=id&node=8741924839#map=20/45.444223/9.2319399"}}, {"type": "Feature", "geometry": {"type": "Point", "coordinates": [9.2315995, 45.4436874]}, "properties": {"id": 8741924861, "feat_type": "node", "quality_categories": "older_than_five_years", "issue_ids": "[38]", "osm_url": "https://www.openstreetmap.org/node/8741924861", "josm_url": "http://127.0.0.1:8111/load_object?new_layer=false&objects=n8741924861", "id_url": "https://www.openstreetmap.org/edit?editor=id&node=8741924861#map=20/45.4436874/9.2315995"}}, {"type": "Feature", "geometry": {"type": "Point", "coordinates": [9.2315358, 45.4437246]}, "properties": {"id": 8741924863, "feat_type": "node", "quality_categories": "older_than_five_years", "issue_ids": "[38]", "osm_url": "https://www.openstreetmap.org/node/8741924863", "josm_url": "http://127.0.0.1:8111/load_object?new_layer=false&objects=n8741924863", "id_url": "https://www.openstreetmap.org/edit?editor=id&node=8741924863#map=20/45.4437246/9.2315358"}}, {"type": "Feature", "geometry": {"type": "Point", "coordinates": [9.231929, 45.4447316]}, "properties": {"id": 8741924870, "feat_type": "node", "quality_categories": "older_than_five_years", "issue_ids": "[38]", "osm_url": "https://www.openstreetmap.org/node/8741924870", "josm_url": "http://127.0.0.1:8111/load_object?new_layer=false&objects=n8741924870", "id_url": "https://www.openstreetmap.org/edit?editor=id&node=8741924870#map=20/45.4447316/9.231929"}}, {"type": "Feature", "geometry": {"type": "Point", "coordinates": [9.2319147, 45.4447736]}, "properties": {"id": 8741924872, "feat_type": "node", "quality_categories": "older_than_five_years", "issue_ids": "[38]", "osm_url": "https://www.openstreetmap.org/node/8741924872", "josm_url": "http://127.0.0.1:8111/load_object?new_layer=false&objects=n8741924872", "id_url": "https://www.openstreetmap.org/edit?editor=id&node=8741924872#map=20/45.4447736/9.2319147"}}, {"type": "Feature", "geometry": {"type": "Point", "coordinates": [9.2342443, 45.4387581]}, "properties": {"id": 8741924889, "feat_type": "node", "quality_categories": "older_than_five_years", "issue_ids": "[38]", "osm_url": "https://www.openstreetmap.org/node/8741924889", "josm_url": "http://127.0.0.1:8111/load_object?new_layer=false&objects=n8741924889", "id_url": "https://www.openstreetmap.org/edit?editor=id&node=8741924889#map=20/45.4387581/9.2342443"}}, {"type": "Feature", "geometry": {"type": "Point", "coordinates": [9.2340574, 45.4387262]}, "properties": {"id": 8741924890, "feat_type": "node", "quality_categories": "older_than_five_years", "issue_ids": "[38]", "osm_url": "https://www.openstreetmap.org/node/8741924890", "josm_url": "http://127.0.0.1:8111/load_object?new_layer=false&objects=n8741924890", "id_url": "https://www.openstreetmap.org/edit?editor=id&node=8741924890#map=20/45.4387262/9.2340574"}}, {"type": "Feature", "geometry": {"type": "Point", "coordinates": [9.2343473, 45.4385055]}, "properties": {"id": 8741924893, "feat_type": "node", "quality_categories": "older_than_five_years", "issue_ids": "[38]", "osm_url": "https://www.openstreetmap.org/node/8741924893", "josm_url": "http://127.0.0.1:8111/load_object?new_layer=false&objects=n8741924893", "id_url": "https://www.openstreetmap.org/edit?editor=id&node=8741924893#map=20/45.4385055/9.2343473"}}, {"type": "Feature", "geometry": {"type": "Point", "coordinates": [9.2341586, 45.4384667]}, "properties": {"id": 8741924894, "feat_type": "node", "quality_categories": "older_than_five_years", "issue_ids": "[38]", "osm_url": "https://www.openstreetmap.org/node/8741924894", "josm_url": "http://127.0.0.1:8111/load_object?new_layer=false&objects=n8741924894", "id_url": "https://www.openstreetmap.org/edit?editor=id&node=8741924894#map=20/45.4384667/9.2341586"}}, {"type": "Feature", "geometry": {"type": "Point", "coordinates": [9.2341075, 45.4384839]}, "properties": {"id": 8741924897, "feat_type": "node", "quality_categories": "older_than_five_years", "issue_ids": "[38]", "osm_url": "https://www.openstreetmap.org/node/8741924897", "josm_url": "http://127.0.0.1:8111/load_object?new_layer=false&objects=n8741924897", "id_url": "https://www.openstreetmap.org/edit?editor=id&node=8741924897#map=20/45.4384839/9.2341075"}}, {"type": "Feature", "geometry": {"type": "Point", "coordinates": [9.2340789, 45.4385895]}, "properties": {"id": 8741924899, "feat_type": "node", "quality_categories": "older_than_five_years", "issue_ids": "[38]", "osm_url": "https://www.openstreetmap.org/node/8741924899", "josm_url": "http://127.0.0.1:8111/load_object?new_layer=false&objects=n8741924899", "id_url": "https://www.openstreetmap.org/edit?editor=id&node=8741924899#map=20/45.4385895/9.2340789"}}, {"type": "Feature", "geometry": {"type": "Point", "coordinates": [9.2340689, 45.4386198]}, "properties": {"id": 8741924901, "feat_type": "node", "quality_categories": "older_than_five_years", "issue_ids": "[38]", "osm_url": "https://www.openstreetmap.org/node/8741924901", "josm_url": "http://127.0.0.1:8111/load_object?new_layer=false&objects=n8741924901", "id_url": "https://www.openstreetmap.org/edit?editor=id&node=8741924901#map=20/45.4386198/9.2340689"}}, {"type": "Feature", "geometry": {"type": "Point", "coordinates": [9.2340392, 45.438695]}, "properties": {"id": 8741924902, "feat_type": "node", "quality_categories": "older_than_five_years", "issue_ids": "[38]", "osm_url": "https://www.openstreetmap.org/node/8741924902", "josm_url": "http://127.0.0.1:8111/load_object?new_layer=false&objects=n8741924902", "id_url": "https://www.openstreetmap.org/edit?editor=id&node=8741924902#map=20/45.438695/9.2340392"}}, {"type": "Feature", "geometry": {"type": "Point", "coordinates": [9.2288961, 45.4393411]}, "properties": {"id": 8741924911, "feat_type": "node", "quality_categories": "older_than_five_years", "issue_ids": "[38]", "osm_url": "https://www.openstreetmap.org/node/8741924911", "josm_url": "http://127.0.0.1:8111/load_object?new_layer=false&objects=n8741924911", "id_url": "https://www.openstreetmap.org/edit?editor=id&node=8741924911#map=20/45.4393411/9.2288961"}}, {"type": "Feature", "geometry": {"type": "Point", "coordinates": [9.2287975, 45.4393855]}, "properties": {"id": 8741924912, "feat_type": "node", "quality_categories": "older_than_five_years", "issue_ids": "[38]", "osm_url": "https://www.openstreetmap.org/node/8741924912", "josm_url": "http://127.0.0.1:8111/load_object?new_layer=false&objects=n8741924912", "id_url": "https://www.openstreetmap.org/edit?editor=id&node=8741924912#map=20/45.4393855/9.2287975"}}, {"type": "Feature", "geometry": {"type": "Point", "coordinates": [9.2331161, 45.4410294]}, "properties": {"id": 8741924914, "feat_type": "node", "quality_categories": "older_than_five_years", "issue_ids": "[38]", "osm_url": "https://www.openstreetmap.org/node/8741924914", "josm_url": "http://127.0.0.1:8111/load_object?new_layer=false&objects=n8741924914", "id_url": "https://www.openstreetmap.org/edit?editor=id&node=8741924914#map=20/45.4410294/9.2331161"}}, {"type": "Feature", "geometry": {"type": "Point", "coordinates": [9.2330815, 45.4411103]}, "properties": {"id": 8741924915, "feat_type": "node", "quality_categories": "older_than_five_years", "issue_ids": "[38]", "osm_url": "https://www.openstreetmap.org/node/8741924915", "josm_url": "http://127.0.0.1:8111/load_object?new_layer=false&objects=n8741924915", "id_url": "https://www.openstreetmap.org/edit?editor=id&node=8741924915#map=20/45.4411103/9.2330815"}}, {"type": "Feature", "geometry": {"type": "Point", "coordinates": [9.2279803, 45.442989]}, "properties": {"id": 8741924958, "feat_type": "node", "quality_categories": "older_than_five_years", "issue_ids": "[38]", "osm_url": "https://www.openstreetmap.org/node/8741924958", "josm_url": "http://127.0.0.1:8111/load_object?new_layer=false&objects=n8741924958", "id_url": "https://www.openstreetmap.org/edit?editor=id&node=8741924958#map=20/45.442989/9.2279803"}}, {"type": "Feature", "geometry": {"type": "Point", "coordinates": [9.2278724, 45.4430405]}, "properties": {"id": 8741924959, "feat_type": "node", "quality_categories": "older_than_five_years", "issue_ids": "[38]", "osm_url": "https://www.openstreetmap.org/node/8741924959", "josm_url": "http://127.0.0.1:8111/load_object?new_layer=false&objects=n8741924959", "id_url": "https://www.openstreetmap.org/edit?editor=id&node=8741924959#map=20/45.4430405/9.2278724"}}, {"type": "Feature", "geometry": {"type": "Point", "coordinates": [9.2315683, 45.4457514]}, "properties": {"id": 8742218775, "feat_type": "node", "quality_categories": "older_than_five_years", "issue_ids": "[38]", "osm_url": "https://www.openstreetmap.org/node/8742218775", "josm_url": "http://127.0.0.1:8111/load_object?new_layer=false&objects=n8742218775", "id_url": "https://www.openstreetmap.org/edit?editor=id&node=8742218775#map=20/45.4457514/9.2315683"}}, {"type": "Feature", "geometry": {"type": "Point", "coordinates": [9.2315339, 45.4458403]}, "properties": {"id": 8742218776, "feat_type": "node", "quality_categories": "older_than_five_years", "issue_ids": "[38]", "osm_url": "https://www.openstreetmap.org/node/8742218776", "josm_url": "http://127.0.0.1:8111/load_object?new_layer=false&objects=n8742218776", "id_url": "https://www.openstreetmap.org/edit?editor=id&node=8742218776#map=20/45.4458403/9.2315339"}}, {"type": "Feature", "geometry": {"type": "Point", "coordinates": [9.2301888, 45.4461946]}, "properties": {"id": 8742218781, "feat_type": "node", "quality_categories": "older_than_five_years", "issue_ids": "[38]", "osm_url": "https://www.openstreetmap.org/node/8742218781", "josm_url": "http://127.0.0.1:8111/load_object?new_layer=false&objects=n8742218781", "id_url": "https://www.openstreetmap.org/edit?editor=id&node=8742218781#map=20/45.4461946/9.2301888"}}, {"type": "Feature", "geometry": {"type": "Point", "coordinates": [9.2302038, 45.4462449]}, "properties": {"id": 8742218782, "feat_type": "node", "quality_categories": "older_than_five_years", "issue_ids": "[38]", "osm_url": "https://www.openstreetmap.org/node/8742218782", "josm_url": "http://127.0.0.1:8111/load_object?new_layer=false&objects=n8742218782", "id_url": "https://www.openstreetmap.org/edit?editor=id&node=8742218782#map=20/45.4462449/9.2302038"}}, {"type": "Feature", "geometry": {"type": "Point", "coordinates": [9.2312737, 45.4441288]}, "properties": {"id": 8742218803, "feat_type": "node", "quality_categories": "older_than_five_years", "issue_ids": "[38]", "osm_url": "https://www.openstreetmap.org/node/8742218803", "josm_url": "http://127.0.0.1:8111/load_object?new_layer=false&objects=n8742218803", "id_url": "https://www.openstreetmap.org/edit?editor=id&node=8742218803#map=20/45.4441288/9.2312737"}}, {"type": "Feature", "geometry": {"type": "Point", "coordinates": [9.231204, 45.4441606]}, "properties": {"id": 8742218804, "feat_type": "node", "quality_categories": "older_than_five_years", "issue_ids": "[38]", "osm_url": "https://www.openstreetmap.org/node/8742218804", "josm_url": "http://127.0.0.1:8111/load_object?new_layer=false&objects=n8742218804", "id_url": "https://www.openstreetmap.org/edit?editor=id&node=8742218804#map=20/45.4441606/9.231204"}}, {"type": "Feature", "geometry": {"type": "Point", "coordinates": [9.2307216, 45.4444293]}, "properties": {"id": 8742218805, "feat_type": "node", "quality_categories": "older_than_five_years", "issue_ids": "[38]", "osm_url": "https://www.openstreetmap.org/node/8742218805", "josm_url": "http://127.0.0.1:8111/load_object?new_layer=false&objects=n8742218805", "id_url": "https://www.openstreetmap.org/edit?editor=id&node=8742218805#map=20/45.4444293/9.2307216"}}, {"type": "Feature", "geometry": {"type": "Point", "coordinates": [9.2306638, 45.4444692]}, "properties": {"id": 8742218806, "feat_type": "node", "quality_categories": "older_than_five_years", "issue_ids": "[38]", "osm_url": "https://www.openstreetmap.org/node/8742218806", "josm_url": "http://127.0.0.1:8111/load_object?new_layer=false&objects=n8742218806", "id_url": "https://www.openstreetmap.org/edit?editor=id&node=8742218806#map=20/45.4444692/9.2306638"}}, {"type": "Feature", "geometry": {"type": "Point", "coordinates": [9.2307161, 45.4446099]}, "properties": {"id": 8742218807, "feat_type": "node", "quality_categories": "older_than_five_years", "issue_ids": "[38]", "osm_url": "https://www.openstreetmap.org/node/8742218807", "josm_url": "http://127.0.0.1:8111/load_object?new_layer=false&objects=n8742218807", "id_url": "https://www.openstreetmap.org/edit?editor=id&node=8742218807#map=20/45.4446099/9.2307161"}}, {"type": "Feature", "geometry": {"type": "Point", "coordinates": [9.2306611, 45.4446372]}, "properties": {"id": 8742218809, "feat_type": "node", "quality_categories": "older_than_five_years", "issue_ids": "[38]", "osm_url": "https://www.openstreetmap.org/node/8742218809", "josm_url": "http://127.0.0.1:8111/load_object?new_layer=false&objects=n8742218809", "id_url": "https://www.openstreetmap.org/edit?editor=id&node=8742218809#map=20/45.4446372/9.2306611"}}, {"type": "Feature", "geometry": {"type": "Point", "coordinates": [9.2284326, 45.4485224]}, "properties": {"id": 8746006126, "feat_type": "node", "quality_categories": "older_than_five_years", "issue_ids": "[39]", "osm_url": "https://www.openstreetmap.org/node/8746006126", "josm_url": "http://127.0.0.1:8111/load_object?new_layer=false&objects=n8746006126", "id_url": "https://www.openstreetmap.org/edit?editor=id&node=8746006126#map=20/45.4485224/9.2284326"}}, {"type": "Feature", "geometry": {"type": "Point", "coordinates": [9.2284818, 45.4485823]}, "properties": {"id": 8746006127, "feat_type": "node", "quality_categories": "older_than_five_years", "issue_ids": "[39]", "osm_url": "https://www.openstreetmap.org/node/8746006127", "josm_url": "http://127.0.0.1:8111/load_object?new_layer=false&objects=n8746006127", "id_url": "https://www.openstreetmap.org/edit?editor=id&node=8746006127#map=20/45.4485823/9.2284818"}}, {"type": "Feature", "geometry": {"type": "Point", "coordinates": [9.2304345, 45.4474297]}, "properties": {"id": 8746006147, "feat_type": "node", "quality_categories": "kerb_on_top_of_non_crossing, older_than_five_years", "issue_ids": "[39, 1]", "osm_url": "https://www.openstreetmap.org/node/8746006147", "josm_url": "http://127.0.0.1:8111/load_object?new_layer=false&objects=n8746006147", "id_url": "https://www.openstreetmap.org/edit?editor=id&node=8746006147#map=20/45.4474297/9.2304345"}}, {"type": "Feature", "geometry": {"type": "Point", "coordinates": [9.2303808, 45.4473749]}, "properties": {"id": 8746006148, "feat_type": "node", "quality_categories": "kerb_on_top_of_non_crossing, older_than_five_years", "issue_ids": "[39, 1]", "osm_url": "https://www.openstreetmap.org/node/8746006148", "josm_url": "http://127.0.0.1:8111/load_object?new_layer=false&objects=n8746006148", "id_url": "https://www.openstreetmap.org/edit?editor=id&node=8746006148#map=20/45.4473749/9.2303808"}}, {"type": "Feature", "geometry": {"type": "Point", "coordinates": [9.2253984, 45.4427798]}, "properties": {"id": 8746006201, "feat_type": "node", "quality_categories": "older_than_five_years", "issue_ids": "[39]", "osm_url": "https://www.openstreetmap.org/node/8746006201", "josm_url": "http://127.0.0.1:8111/load_object?new_layer=false&objects=n8746006201", "id_url": "https://www.openstreetmap.org/edit?editor=id&node=8746006201#map=20/45.4427798/9.2253984"}}, {"type": "Feature", "geometry": {"type": "Point", "coordinates": [9.2254474, 45.4428131]}, "properties": {"id": 8746006203, "feat_type": "node", "quality_categories": "older_than_five_years", "issue_ids": "[39]", "osm_url": "https://www.openstreetmap.org/node/8746006203", "josm_url": "http://127.0.0.1:8111/load_object?new_layer=false&objects=n8746006203", "id_url": "https://www.openstreetmap.org/edit?editor=id&node=8746006203#map=20/45.4428131/9.2254474"}}, {"type": "Feature", "geometry": {"type": "Point", "coordinates": [9.2268729, 45.4431728]}, "properties": {"id": 8746006207, "feat_type": "node", "quality_categories": "older_than_five_years", "issue_ids": "[39]", "osm_url": "https://www.openstreetmap.org/node/8746006207", "josm_url": "http://127.0.0.1:8111/load_object?new_layer=false&objects=n8746006207", "id_url": "https://www.openstreetmap.org/edit?editor=id&node=8746006207#map=20/45.4431728/9.2268729"}}, {"type": "Feature", "geometry": {"type": "Point", "coordinates": [9.2269253, 45.4431923]}, "properties": {"id": 8746006209, "feat_type": "node", "quality_categories": "older_than_five_years", "issue_ids": "[39]", "osm_url": "https://www.openstreetmap.org/node/8746006209", "josm_url": "http://127.0.0.1:8111/load_object?new_layer=false&objects=n8746006209", "id_url": "https://www.openstreetmap.org/edit?editor=id&node=8746006209#map=20/45.4431923/9.2269253"}}, {"type": "Feature", "geometry": {"type": "Point", "coordinates": [9.225942, 45.4427865]}, "properties": {"id": 8746013236, "feat_type": "node", "quality_categories": "older_than_five_years", "issue_ids": "[39]", "osm_url": "https://www.openstreetmap.org/node/8746013236", "josm_url": "http://127.0.0.1:8111/load_object?new_layer=false&objects=n8746013236", "id_url": "https://www.openstreetmap.org/edit?editor=id&node=8746013236#map=20/45.4427865/9.225942"}}, {"type": "Feature", "geometry": {"type": "Point", "coordinates": [9.2259917, 45.4428251]}, "properties": {"id": 8746013238, "feat_type": "node", "quality_categories": "older_than_five_years", "issue_ids": "[39]", "osm_url": "https://www.openstreetmap.org/node/8746013238", "josm_url": "http://127.0.0.1:8111/load_object?new_layer=false&objects=n8746013238", "id_url": "https://www.openstreetmap.org/edit?editor=id&node=8746013238#map=20/45.4428251/9.2259917"}}, {"type": "Feature", "geometry": {"type": "Point", "coordinates": [9.2257484, 45.4435139]}, "properties": {"id": 8746013271, "feat_type": "node", "quality_categories": "older_than_five_years", "issue_ids": "[39]", "osm_url": "https://www.openstreetmap.org/node/8746013271", "josm_url": "http://127.0.0.1:8111/load_object?new_layer=false&objects=n8746013271", "id_url": "https://www.openstreetmap.org/edit?editor=id&node=8746013271#map=20/45.4435139/9.2257484"}}, {"type": "Feature", "geometry": {"type": "Point", "coordinates": [9.2256891, 45.4434979]}, "properties": {"id": 8746013272, "feat_type": "node", "quality_categories": "older_than_five_years", "issue_ids": "[39]", "osm_url": "https://www.openstreetmap.org/node/8746013272", "josm_url": "http://127.0.0.1:8111/load_object?new_layer=false&objects=n8746013272", "id_url": "https://www.openstreetmap.org/edit?editor=id&node=8746013272#map=20/45.4434979/9.2256891"}}, {"type": "Feature", "geometry": {"type": "Point", "coordinates": [9.2257639, 45.4433059]}, "properties": {"id": 8746013274, "feat_type": "node", "quality_categories": "older_than_five_years", "issue_ids": "[39]", "osm_url": "https://www.openstreetmap.org/node/8746013274", "josm_url": "http://127.0.0.1:8111/load_object?new_layer=false&objects=n8746013274", "id_url": "https://www.openstreetmap.org/edit?editor=id&node=8746013274#map=20/45.4433059/9.2257639"}}, {"type": "Feature", "geometry": {"type": "Point", "coordinates": [9.2257046, 45.4433052]}, "properties": {"id": 8746013275, "feat_type": "node", "quality_categories": "older_than_five_years", "issue_ids": "[39]", "osm_url": "https://www.openstreetmap.org/node/8746013275", "josm_url": "http://127.0.0.1:8111/load_object?new_layer=false&objects=n8746013275", "id_url": "https://www.openstreetmap.org/edit?editor=id&node=8746013275#map=20/45.4433052/9.2257046"}}, {"type": "Feature", "geometry": {"type": "Point", "coordinates": [9.2259403, 45.4432496]}, "properties": {"id": 8746013277, "feat_type": "node", "quality_categories": "kerb_on_top_of_non_crossing, older_than_five_years", "issue_ids": "[39, 1]", "osm_url": "https://www.openstreetmap.org/node/8746013277", "josm_url": "http://127.0.0.1:8111/load_object?new_layer=false&objects=n8746013277", "id_url": "https://www.openstreetmap.org/edit?editor=id&node=8746013277#map=20/45.4432496/9.2259403"}}, {"type": "Feature", "geometry": {"type": "Point", "coordinates": [9.2266809, 45.4432957]}, "properties": {"id": 8746013287, "feat_type": "node", "quality_categories": "older_than_five_years", "issue_ids": "[39]", "osm_url": "https://www.openstreetmap.org/node/8746013287", "josm_url": "http://127.0.0.1:8111/load_object?new_layer=false&objects=n8746013287", "id_url": "https://www.openstreetmap.org/edit?editor=id&node=8746013287#map=20/45.4432957/9.2266809"}}, {"type": "Feature", "geometry": {"type": "Point", "coordinates": [9.2266786, 45.4433475]}, "properties": {"id": 8746013289, "feat_type": "node", "quality_categories": "older_than_five_years", "issue_ids": "[39]", "osm_url": "https://www.openstreetmap.org/node/8746013289", "josm_url": "http://127.0.0.1:8111/load_object?new_layer=false&objects=n8746013289", "id_url": "https://www.openstreetmap.org/edit?editor=id&node=8746013289#map=20/45.4433475/9.2266786"}}, {"type": "Feature", "geometry": {"type": "Point", "coordinates": [9.2379982, 45.4337776]}, "properties": {"id": 8746500650, "feat_type": "node", "quality_categories": "older_than_five_years", "issue_ids": "[39]", "osm_url": "https://www.openstreetmap.org/node/8746500650", "josm_url": "http://127.0.0.1:8111/load_object?new_layer=false&objects=n8746500650", "id_url": "https://www.openstreetmap.org/edit?editor=id&node=8746500650#map=20/45.4337776/9.2379982"}}, {"type": "Feature", "geometry": {"type": "Point", "coordinates": [9.2378455, 45.4338454]}, "properties": {"id": 8746500651, "feat_type": "node", "quality_categories": "older_than_five_years", "issue_ids": "[39]", "osm_url": "https://www.openstreetmap.org/node/8746500651", "josm_url": "http://127.0.0.1:8111/load_object?new_layer=false&objects=n8746500651", "id_url": "https://www.openstreetmap.org/edit?editor=id&node=8746500651#map=20/45.4338454/9.2378455"}}, {"type": "Feature", "geometry": {"type": "Point", "coordinates": [9.2383535, 45.4333189]}, "properties": {"id": 8746500653, "feat_type": "node", "quality_categories": "older_than_five_years", "issue_ids": "[39]", "osm_url": "https://www.openstreetmap.org/node/8746500653", "josm_url": "http://127.0.0.1:8111/load_object?new_layer=false&objects=n8746500653", "id_url": "https://www.openstreetmap.org/edit?editor=id&node=8746500653#map=20/45.4333189/9.2383535"}}, {"type": "Feature", "geometry": {"type": "Point", "coordinates": [9.238309, 45.4332639]}, "properties": {"id": 8746500654, "feat_type": "node", "quality_categories": "older_than_five_years", "issue_ids": "[39]", "osm_url": "https://www.openstreetmap.org/node/8746500654", "josm_url": "http://127.0.0.1:8111/load_object?new_layer=false&objects=n8746500654", "id_url": "https://www.openstreetmap.org/edit?editor=id&node=8746500654#map=20/45.4332639/9.238309"}}, {"type": "Feature", "geometry": {"type": "Point", "coordinates": [9.237316, 45.4340312]}, "properties": {"id": 8746500680, "feat_type": "node", "quality_categories": "older_than_five_years", "issue_ids": "[39]", "osm_url": "https://www.openstreetmap.org/node/8746500680", "josm_url": "http://127.0.0.1:8111/load_object?new_layer=false&objects=n8746500680", "id_url": "https://www.openstreetmap.org/edit?editor=id&node=8746500680#map=20/45.4340312/9.237316"}}, {"type": "Feature", "geometry": {"type": "Point", "coordinates": [9.2372761, 45.433984]}, "properties": {"id": 8746500682, "feat_type": "node", "quality_categories": "older_than_five_years", "issue_ids": "[39]", "osm_url": "https://www.openstreetmap.org/node/8746500682", "josm_url": "http://127.0.0.1:8111/load_object?new_layer=false&objects=n8746500682", "id_url": "https://www.openstreetmap.org/edit?editor=id&node=8746500682#map=20/45.433984/9.2372761"}}, {"type": "Feature", "geometry": {"type": "Point", "coordinates": [9.1809899, 45.4800979]}, "properties": {"id": 8974126909, "feat_type": "node", "quality_categories": "older_than_five_years", "issue_ids": "[40]", "osm_url": "https://www.openstreetmap.org/node/8974126909", "josm_url": "http://127.0.0.1:8111/load_object?new_layer=false&objects=n8974126909", "id_url": "https://www.openstreetmap.org/edit?editor=id&node=8974126909#map=20/45.4800979/9.1809899"}}, {"type": "Feature", "geometry": {"type": "Point", "coordinates": [9.1810048, 45.4801612]}, "properties": {"id": 8974126910, "feat_type": "node", "quality_categories": "older_than_five_years", "issue_ids": "[40]", "osm_url": "https://www.openstreetmap.org/node/8974126910", "josm_url": "http://127.0.0.1:8111/load_object?new_layer=false&objects=n8974126910", "id_url": "https://www.openstreetmap.org/edit?editor=id&node=8974126910#map=20/45.4801612/9.1810048"}}, {"type": "Feature", "geometry": {"type": "Point", "coordinates": [9.1811197, 45.4799211]}, "properties": {"id": 8974126911, "feat_type": "node", "quality_categories": "older_than_five_years", "issue_ids": "[40]", "osm_url": "https://www.openstreetmap.org/node/8974126911", "josm_url": "http://127.0.0.1:8111/load_object?new_layer=false&objects=n8974126911", "id_url": "https://www.openstreetmap.org/edit?editor=id&node=8974126911#map=20/45.4799211/9.1811197"}}, {"type": "Feature", "geometry": {"type": "Point", "coordinates": [9.1810045, 45.4799333]}, "properties": {"id": 8974126912, "feat_type": "node", "quality_categories": "older_than_five_years", "issue_ids": "[40]", "osm_url": "https://www.openstreetmap.org/node/8974126912", "josm_url": "http://127.0.0.1:8111/load_object?new_layer=false&objects=n8974126912", "id_url": "https://www.openstreetmap.org/edit?editor=id&node=8974126912#map=20/45.4799333/9.1810045"}}, {"type": "Feature", "geometry": {"type": "Point", "coordinates": [9.1811756, 45.4799939]}, "properties": {"id": 8974126914, "feat_type": "node", "quality_categories": "older_than_five_years", "issue_ids": "[40]", "osm_url": "https://www.openstreetmap.org/node/8974126914", "josm_url": "http://127.0.0.1:8111/load_object?new_layer=false&objects=n8974126914", "id_url": "https://www.openstreetmap.org/edit?editor=id&node=8974126914#map=20/45.4799939/9.1811756"}}, {"type": "Feature", "geometry": {"type": "Point", "coordinates": [9.1811821, 45.4801911]}, "properties": {"id": 8974126915, "feat_type": "node", "quality_categories": "older_than_five_years", "issue_ids": "[40]", "osm_url": "https://www.openstreetmap.org/node/8974126915", "josm_url": "http://127.0.0.1:8111/load_object?new_layer=false&objects=n8974126915", "id_url": "https://www.openstreetmap.org/edit?editor=id&node=8974126915#map=20/45.4801911/9.1811821"}}, {"type": "Feature", "geometry": {"type": "Point", "coordinates": [9.1810406, 45.4802053]}, "properties": {"id": 8974126916, "feat_type": "node", "quality_categories": "older_than_five_years", "issue_ids": "[40]", "osm_url": "https://www.openstreetmap.org/node/8974126916", "josm_url": "http://127.0.0.1:8111/load_object?new_layer=false&objects=n8974126916", "id_url": "https://www.openstreetmap.org/edit?editor=id&node=8974126916#map=20/45.4802053/9.1810406"}}, {"type": "Feature", "geometry": {"type": "Point", "coordinates": [9.1811175, 45.4807327]}, "properties": {"id": 8974181821, "feat_type": "node", "quality_categories": "older_than_five_years", "issue_ids": "[40]", "osm_url": "https://www.openstreetmap.org/node/8974181821", "josm_url": "http://127.0.0.1:8111/load_object?new_layer=false&objects=n8974181821", "id_url": "https://www.openstreetmap.org/edit?editor=id&node=8974181821#map=20/45.4807327/9.1811175"}}, {"type": "Feature", "geometry": {"type": "Point", "coordinates": [9.1811106, 45.4806828]}, "properties": {"id": 8974181822, "feat_type": "node", "quality_categories": "older_than_five_years", "issue_ids": "[40]", "osm_url": "https://www.openstreetmap.org/node/8974181822", "josm_url": "http://127.0.0.1:8111/load_object?new_layer=false&objects=n8974181822", "id_url": "https://www.openstreetmap.org/edit?editor=id&node=8974181822#map=20/45.4806828/9.1811106"}}, {"type": "Feature", "geometry": {"type": "Point", "coordinates": [9.1851761, 45.4808629]}, "properties": {"id": 8983704944, "feat_type": "node", "quality_categories": "older_than_five_years", "issue_ids": "[9]", "osm_url": "https://www.openstreetmap.org/node/8983704944", "josm_url": "http://127.0.0.1:8111/load_object?new_layer=false&objects=n8983704944", "id_url": "https://www.openstreetmap.org/edit?editor=id&node=8983704944#map=20/45.4808629/9.1851761"}}, {"type": "Feature", "geometry": {"type": "Point", "coordinates": [9.1851172, 45.4808768]}, "properties": {"id": 8983704946, "feat_type": "node", "quality_categories": "older_than_five_years", "issue_ids": "[9]", "osm_url": "https://www.openstreetmap.org/node/8983704946", "josm_url": "http://127.0.0.1:8111/load_object?new_layer=false&objects=n8983704946", "id_url": "https://www.openstreetmap.org/edit?editor=id&node=8983704946#map=20/45.4808768/9.1851172"}}, {"type": "Feature", "geometry": {"type": "Point", "coordinates": [9.1851657, 45.4806534]}, "properties": {"id": 8983704947, "feat_type": "node", "quality_categories": "older_than_five_years", "issue_ids": "[9]", "osm_url": "https://www.openstreetmap.org/node/8983704947", "josm_url": "http://127.0.0.1:8111/load_object?new_layer=false&objects=n8983704947", "id_url": "https://www.openstreetmap.org/edit?editor=id&node=8983704947#map=20/45.4806534/9.1851657"}}, {"type": "Feature", "geometry": {"type": "Point", "coordinates": [9.1851699, 45.4806633]}, "properties": {"id": 8983704948, "feat_type": "node", "quality_categories": "older_than_five_years", "issue_ids": "[9]", "osm_url": "https://www.openstreetmap.org/node/8983704948", "josm_url": "http://127.0.0.1:8111/load_object?new_layer=false&objects=n8983704948", "id_url": "https://www.openstreetmap.org/edit?editor=id&node=8983704948#map=20/45.4806633/9.1851699"}}, {"type": "Feature", "geometry": {"type": "Point", "coordinates": [9.1852003, 45.4807361]}, "properties": {"id": 8983704951, "feat_type": "node", "quality_categories": "older_than_five_years", "issue_ids": "[9]", "osm_url": "https://www.openstreetmap.org/node/8983704951", "josm_url": "http://127.0.0.1:8111/load_object?new_layer=false&objects=n8983704951", "id_url": "https://www.openstreetmap.org/edit?editor=id&node=8983704951#map=20/45.4807361/9.1852003"}}]}